2026-08-20 16:01:03 INFO  o.s.b.t.c.SpringBootTestContextBootstrapper - Neither @ContextConfiguration nor @ContextHierarchy found for test class [com.journalApp.service.EmailServiceTests], using SpringBootContextLoader
2026-08-20 16:01:03 INFO  o.s.t.c.s.AbstractContextLoader - Could not detect default resource locations for test class [com.journalApp.service.EmailServiceTests]: no resource found for suffixes {-context.xml, Context.groovy}.
2026-08-20 16:01:03 INFO  o.s.t.c.s.AnnotationConfigContextLoaderUtils - Could not detect default configuration classes for test class [com.journalApp.service.EmailServiceTests]: EmailServiceTests does not declare any static, non-private, non-final, nested classes annotated with @Configuration.
2026-08-20 16:01:04 INFO  o.s.b.t.c.SpringBootTestContextBootstrapper - Found @SpringBootConfiguration com.journalApp.JournalAppApplication for test class com.journalApp.service.EmailServiceTests
2026-08-20 16:01:04 INFO  o.s.b.t.c.SpringBootTestContextBootstrapper - Loaded default TestExecutionListener class names from location [META-INF/spring.factories]: [org.springframework.boot.test.mock.mockito.MockitoTestExecutionListener, org.springframework.boot.test.mock.mockito.ResetMocksTestExecutionListener, org.springframework.boot.test.autoconfigure.restdocs.RestDocsTestExecutionListener, org.springframework.boot.test.autoconfigure.web.client.MockRestServiceServerResetTestExecutionListener, org.springframework.boot.test.autoconfigure.web.servlet.MockMvcPrintOnlyOnFailureTestExecutionListener, org.springframework.boot.test.autoconfigure.web.servlet.WebDriverTestExecutionListener, org.springframework.boot.test.autoconfigure.webservices.client.MockWebServiceServerTestExecutionListener, org.springframework.test.context.web.ServletTestExecutionListener, org.springframework.test.context.support.DirtiesContextBeforeModesTestExecutionListener, org.springframework.test.context.event.ApplicationEventsTestExecutionListener, org.springframework.test.context.support.DependencyInjectionTestExecutionListener, org.springframework.test.context.support.DirtiesContextTestExecutionListener, org.springframework.test.context.transaction.TransactionalTestExecutionListener, org.springframework.test.context.jdbc.SqlScriptsTestExecutionListener, org.springframework.test.context.event.EventPublishingTestExecutionListener]
2026-08-20 16:01:04 INFO  o.s.b.t.c.SpringBootTestContextBootstrapper - Using TestExecutionListeners: [org.springframework.test.context.web.ServletTestExecutionListener@2ece4966, org.springframework.test.context.support.DirtiesContextBeforeModesTestExecutionListener@1dd0e7c4, org.springframework.test.context.event.ApplicationEventsTestExecutionListener@7894f09b, org.springframework.boot.test.mock.mockito.MockitoTestExecutionListener@3d484181, org.springframework.boot.test.autoconfigure.SpringBootDependencyInjectionTestExecutionListener@6111ba37, org.springframework.test.context.support.DirtiesContextTestExecutionListener@7be58f16, org.springframework.test.context.transaction.TransactionalTestExecutionListener@242aa8d9, org.springframework.test.context.jdbc.SqlScriptsTestExecutionListener@5b11a194, org.springframework.test.context.event.EventPublishingTestExecutionListener@37bd68c3, org.springframework.boot.test.mock.mockito.ResetMocksTestExecutionListener@60f7cc1d, org.springframework.boot.test.autoconfigure.restdocs.RestDocsTestExecutionListener@11eadcba, org.springframework.boot.test.autoconfigure.web.client.MockRestServiceServerResetTestExecutionListener@4721d212, org.springframework.boot.test.autoconfigure.web.servlet.MockMvcPrintOnlyOnFailureTestExecutionListener@1b065145, org.springframework.boot.test.autoconfigure.web.servlet.WebDriverTestExecutionListener@45cff11c, org.springframework.boot.test.autoconfigure.webservices.client.MockWebServiceServerTestExecutionListener@207ea13]
2026-08-20 16:01:05 INFO  c.j.service.EmailServiceTests - Starting EmailServiceTests using Java 21.0.4 on SHAHID with PID 17364 (started by MD SHAHID ANSARI in C:\Users\MD SHAHID ANSARI\IdeaProjects\journalApp\journalApp)
2026-08-20 16:01:05 INFO  c.j.service.EmailServiceTests - The following 1 profile is active: "dev"
2026-08-20 16:01:08 INFO  o.s.d.r.c.RepositoryConfigurationDelegate - Bootstrapping Spring Data MongoDB repositories in DEFAULT mode.
2026-08-20 16:01:08 INFO  o.s.d.r.c.RepositoryConfigurationDelegate - Finished Spring Data repository scanning in 142 ms. Found 3 MongoDB repository interfaces.
2026-08-20 16:01:10 INFO  org.mongodb.driver.client - MongoClient with metadata {"driver": {"name": "mongo-java-driver|sync|spring-boot", "version": "4.6.1"}, "os": {"type": "Windows", "name": "Windows 11", "architecture": "amd64", "version": "10.0"}, "platform": "Java/Oracle Corporation/21.0.4+8-LTS-274", "application": {"name": "Cluster0"}} created with settings MongoClientSettings{readPreference=primary, writeConcern=WriteConcern{w=null, wTimeout=null ms, journal=null}, retryWrites=true, retryReads=true, readConcern=ReadConcern{level=null}, credential=MongoCredential{mechanism=null, userName='mdshahidans2005_db_user', source='admin', password=<hidden>, mechanismProperties=<hidden>}, streamFactoryFactory=null, commandListeners=[], codecRegistry=ProvidersCodecRegistry{codecProviders=[ValueCodecProvider{}, BsonValueCodecProvider{}, DBRefCodecProvider{}, DBObjectCodecProvider{}, DocumentCodecProvider{}, IterableCodecProvider{}, MapCodecProvider{}, GeoJsonCodecProvider{}, GridFSFileCodecProvider{}, Jsr310CodecProvider{}, JsonObjectCodecProvider{}, BsonCodecProvider{}, EnumCodecProvider{}, com.mongodb.Jep395RecordCodecProvider@76ff68c5]}, clusterSettings={hosts=[127.0.0.1:27017], srvHost=cluster0.yvjbs2l.mongodb.net, srvServiceName=mongodb, mode=MULTIPLE, requiredClusterType=REPLICA_SET, requiredReplicaSetName='atlas-lpe6sk-shard-0', serverSelector='null', clusterListeners='[]', serverSelectionTimeout='30000 ms', localThreshold='30000 ms'}, socketSettings=SocketSettings{connectTimeoutMS=10000, readTimeoutMS=0, receiveBufferSize=0, sendBufferSize=0}, heartbeatSocketSettings=SocketSettings{connectTimeoutMS=10000, readTimeoutMS=10000, receiveBufferSize=0, sendBufferSize=0}, connectionPoolSettings=ConnectionPoolSettings{maxSize=100, minSize=0, maxWaitTimeMS=120000, maxConnectionLifeTimeMS=0, maxConnectionIdleTimeMS=0, maintenanceInitialDelayMS=0, maintenanceFrequencyMS=60000, connectionPoolListeners=[], maxConnecting=2}, serverSettings=ServerSettings{heartbeatFrequencyMS=10000, minHeartbeatFrequencyMS=500, serverListeners='[]', serverMonitorListeners='[]'}, sslSettings=SslSettings{enabled=true, invalidHostNameAllowed=false, context=null}, applicationName='Cluster0', compressorList=[], uuidRepresentation=JAVA_LEGACY, serverApi=null, autoEncryptionSettings=null, contextProvider=null}
2026-08-20 16:01:11 INFO  org.mongodb.driver.cluster - Adding discovered server ac-bd180s9-shard-00-00.yvjbs2l.mongodb.net:27017 to client view of cluster
2026-08-20 16:01:11 INFO  org.mongodb.driver.cluster - Adding discovered server ac-bd180s9-shard-00-01.yvjbs2l.mongodb.net:27017 to client view of cluster
2026-08-20 16:01:11 INFO  org.mongodb.driver.cluster - Adding discovered server ac-bd180s9-shard-00-02.yvjbs2l.mongodb.net:27017 to client view of cluster
2026-08-20 16:01:11 INFO  org.mongodb.driver.cluster - No server chosen by com.mongodb.client.internal.MongoClientDelegate$1@2bebd114 from cluster description ClusterDescription{type=REPLICA_SET, connectionMode=MULTIPLE, serverDescriptions=[ServerDescription{address=ac-bd180s9-shard-00-00.yvjbs2l.mongodb.net:27017, type=UNKNOWN, state=CONNECTING}, ServerDescription{address=ac-bd180s9-shard-00-02.yvjbs2l.mongodb.net:27017, type=UNKNOWN, state=CONNECTING}, ServerDescription{address=ac-bd180s9-shard-00-01.yvjbs2l.mongodb.net:27017, type=UNKNOWN, state=CONNECTING}]}. Waiting for 30000 ms before timing out
2026-08-20 16:01:13 INFO  org.mongodb.driver.connection - Opened connection [connectionId{localValue:4, serverValue:239525}] to ac-bd180s9-shard-00-01.yvjbs2l.mongodb.net:27017
2026-08-20 16:01:13 INFO  org.mongodb.driver.connection - Opened connection [connectionId{localValue:3, serverValue:247128}] to ac-bd180s9-shard-00-02.yvjbs2l.mongodb.net:27017
2026-08-20 16:01:13 INFO  org.mongodb.driver.connection - Opened connection [connectionId{localValue:2, serverValue:242773}] to ac-bd180s9-shard-00-00.yvjbs2l.mongodb.net:27017
2026-08-20 16:01:13 INFO  org.mongodb.driver.connection - Opened connection [connectionId{localValue:6, serverValue:239525}] to ac-bd180s9-shard-00-01.yvjbs2l.mongodb.net:27017
2026-08-20 16:01:13 INFO  org.mongodb.driver.connection - Opened connection [connectionId{localValue:1, serverValue:242773}] to ac-bd180s9-shard-00-00.yvjbs2l.mongodb.net:27017
2026-08-20 16:01:13 INFO  org.mongodb.driver.cluster - Monitor thread successfully connected to server with description ServerDescription{address=ac-bd180s9-shard-00-01.yvjbs2l.mongodb.net:27017, type=REPLICA_SET_SECONDARY, state=CONNECTED, ok=true, minWireVersion=0, maxWireVersion=25, maxDocumentSize=16777216, logicalSessionTimeoutMinutes=30, roundTripTimeNanos=1240142900, setName='atlas-lpe6sk-shard-0', canonicalAddress=ac-bd180s9-shard-00-01.yvjbs2l.mongodb.net:27017, hosts=[ac-bd180s9-shard-00-01.yvjbs2l.mongodb.net:27017, ac-bd180s9-shard-00-02.yvjbs2l.mongodb.net:27017, ac-bd180s9-shard-00-00.yvjbs2l.mongodb.net:27017], passives=[], arbiters=[], primary='ac-bd180s9-shard-00-02.yvjbs2l.mongodb.net:27017', tagSet=TagSet{[Tag{name='availabilityZone', value='aps1-az3'}, Tag{name='cacheState', value='READY'}, Tag{name='diskState', value='READY'}, Tag{name='nodeType', value='ELECTABLE'}, Tag{name='provider', value='AWS'}, Tag{name='region', value='AP_SOUTH_1'}, Tag{name='workloadType', value='OPERATIONAL'}]}, electionId=null, setVersion=297, topologyVersion=TopologyVersion{processId=6a7b3fc5ee64108dce410aaf, counter=5}, lastWriteDate=Thu Aug 20 16:01:13 IST 2026, lastUpdateTimeNanos=101798203544400}
2026-08-20 16:01:13 INFO  org.mongodb.driver.cluster - Monitor thread successfully connected to server with description ServerDescription{address=ac-bd180s9-shard-00-00.yvjbs2l.mongodb.net:27017, type=REPLICA_SET_SECONDARY, state=CONNECTED, ok=true, minWireVersion=0, maxWireVersion=25, maxDocumentSize=16777216, logicalSessionTimeoutMinutes=30, roundTripTimeNanos=1240140900, setName='atlas-lpe6sk-shard-0', canonicalAddress=ac-bd180s9-shard-00-00.yvjbs2l.mongodb.net:27017, hosts=[ac-bd180s9-shard-00-01.yvjbs2l.mongodb.net:27017, ac-bd180s9-shard-00-02.yvjbs2l.mongodb.net:27017, ac-bd180s9-shard-00-00.yvjbs2l.mongodb.net:27017], passives=[], arbiters=[], primary='ac-bd180s9-shard-00-02.yvjbs2l.mongodb.net:27017', tagSet=TagSet{[Tag{name='availabilityZone', value='aps1-az1'}, Tag{name='cacheState', value='READY'}, Tag{name='diskState', value='READY'}, Tag{name='nodeType', value='ELECTABLE'}, Tag{name='provider', value='AWS'}, Tag{name='region', value='AP_SOUTH_1'}, Tag{name='workloadType', value='OPERATIONAL'}]}, electionId=null, setVersion=297, topologyVersion=TopologyVersion{processId=6a7b3ab66a60f4deb1771140, counter=10}, lastWriteDate=Thu Aug 20 16:01:13 IST 2026, lastUpdateTimeNanos=101798203544800}
2026-08-20 16:01:13 INFO  org.mongodb.driver.cluster - No server chosen by WritableServerSelector from cluster description ClusterDescription{type=REPLICA_SET, connectionMode=MULTIPLE, serverDescriptions=[ServerDescription{address=ac-bd180s9-shard-00-00.yvjbs2l.mongodb.net:27017, type=REPLICA_SET_SECONDARY, state=CONNECTED, ok=true, minWireVersion=0, maxWireVersion=25, maxDocumentSize=16777216, logicalSessionTimeoutMinutes=30, roundTripTimeNanos=1240140900, setName='atlas-lpe6sk-shard-0', canonicalAddress=ac-bd180s9-shard-00-00.yvjbs2l.mongodb.net:27017, hosts=[ac-bd180s9-shard-00-01.yvjbs2l.mongodb.net:27017, ac-bd180s9-shard-00-02.yvjbs2l.mongodb.net:27017, ac-bd180s9-shard-00-00.yvjbs2l.mongodb.net:27017], passives=[], arbiters=[], primary='ac-bd180s9-shard-00-02.yvjbs2l.mongodb.net:27017', tagSet=TagSet{[Tag{name='availabilityZone', value='aps1-az1'}, Tag{name='cacheState', value='READY'}, Tag{name='diskState', value='READY'}, Tag{name='nodeType', value='ELECTABLE'}, Tag{name='provider', value='AWS'}, Tag{name='region', value='AP_SOUTH_1'}, Tag{name='workloadType', value='OPERATIONAL'}]}, electionId=null, setVersion=297, topologyVersion=TopologyVersion{processId=6a7b3ab66a60f4deb1771140, counter=10}, lastWriteDate=Thu Aug 20 16:01:13 IST 2026, lastUpdateTimeNanos=101798203544800}, ServerDescription{address=ac-bd180s9-shard-00-02.yvjbs2l.mongodb.net:27017, type=UNKNOWN, state=CONNECTING}, ServerDescription{address=ac-bd180s9-shard-00-01.yvjbs2l.mongodb.net:27017, type=REPLICA_SET_SECONDARY, state=CONNECTED, ok=true, minWireVersion=0, maxWireVersion=25, maxDocumentSize=16777216, logicalSessionTimeoutMinutes=30, roundTripTimeNanos=1240142900, setName='atlas-lpe6sk-shard-0', canonicalAddress=ac-bd180s9-shard-00-01.yvjbs2l.mongodb.net:27017, hosts=[ac-bd180s9-shard-00-01.yvjbs2l.mongodb.net:27017, ac-bd180s9-shard-00-02.yvjbs2l.mongodb.net:27017, ac-bd180s9-shard-00-00.yvjbs2l.mongodb.net:27017], passives=[], arbiters=[], primary='ac-bd180s9-shard-00-02.yvjbs2l.mongodb.net:27017', tagSet=TagSet{[Tag{name='availabilityZone', value='aps1-az3'}, Tag{name='cacheState', value='READY'}, Tag{name='diskState', value='READY'}, Tag{name='nodeType', value='ELECTABLE'}, Tag{name='provider', value='AWS'}, Tag{name='region', value='AP_SOUTH_1'}, Tag{name='workloadType', value='OPERATIONAL'}]}, electionId=null, setVersion=297, topologyVersion=TopologyVersion{processId=6a7b3fc5ee64108dce410aaf, counter=5}, lastWriteDate=Thu Aug 20 16:01:13 IST 2026, lastUpdateTimeNanos=101798203544400}]}. Waiting for 30000 ms before timing out
2026-08-20 16:01:16 INFO  org.mongodb.driver.connection - Opened connection [connectionId{localValue:5, serverValue:247020}] to ac-bd180s9-shard-00-02.yvjbs2l.mongodb.net:27017
2026-08-20 16:01:16 INFO  org.mongodb.driver.cluster - Monitor thread successfully connected to server with description ServerDescription{address=ac-bd180s9-shard-00-02.yvjbs2l.mongodb.net:27017, type=REPLICA_SET_PRIMARY, state=CONNECTED, ok=true, minWireVersion=0, maxWireVersion=25, maxDocumentSize=16777216, logicalSessionTimeoutMinutes=30, roundTripTimeNanos=3897192900, setName='atlas-lpe6sk-shard-0', canonicalAddress=ac-bd180s9-shard-00-02.yvjbs2l.mongodb.net:27017, hosts=[ac-bd180s9-shard-00-01.yvjbs2l.mongodb.net:27017, ac-bd180s9-shard-00-02.yvjbs2l.mongodb.net:27017, ac-bd180s9-shard-00-00.yvjbs2l.mongodb.net:27017], passives=[], arbiters=[], primary='ac-bd180s9-shard-00-02.yvjbs2l.mongodb.net:27017', tagSet=TagSet{[Tag{name='availabilityZone', value='aps1-az2'}, Tag{name='cacheState', value='READY'}, Tag{name='diskState', value='READY'}, Tag{name='nodeType', value='ELECTABLE'}, Tag{name='provider', value='AWS'}, Tag{name='region', value='AP_SOUTH_1'}, Tag{name='workloadType', value='OPERATIONAL'}]}, electionId=7fffffff000000000000012d, setVersion=297, topologyVersion=TopologyVersion{processId=6a7b3d358e68804eae9a242f, counter=10}, lastWriteDate=Thu Aug 20 16:01:16 IST 2026, lastUpdateTimeNanos=101800860591900}
2026-08-20 16:01:16 INFO  org.mongodb.driver.cluster - Setting max election id to 7fffffff000000000000012d from replica set primary ac-bd180s9-shard-00-02.yvjbs2l.mongodb.net:27017
2026-08-20 16:01:16 INFO  org.mongodb.driver.cluster - Setting max set version to 297 from replica set primary ac-bd180s9-shard-00-02.yvjbs2l.mongodb.net:27017
2026-08-20 16:01:16 INFO  org.mongodb.driver.cluster - Discovered replica set primary ac-bd180s9-shard-00-02.yvjbs2l.mongodb.net:27017
2026-08-20 16:01:17 INFO  org.mongodb.driver.connection - Opened connection [connectionId{localValue:7, serverValue:247019}] to ac-bd180s9-shard-00-02.yvjbs2l.mongodb.net:27017
2026-08-20 16:01:18 INFO  o.s.s.web.DefaultSecurityFilterChain - Will secure any request with [org.springframework.security.web.session.DisableEncodeUrlFilter@cdbe995, org.springframework.security.web.context.request.async.WebAsyncManagerIntegrationFilter@7dd45c93, org.springframework.security.web.context.SecurityContextPersistenceFilter@368424db, org.springframework.security.web.header.HeaderWriterFilter@59b447a4, org.springframework.security.web.authentication.logout.LogoutFilter@612af486, org.springframework.security.web.authentication.www.BasicAuthenticationFilter@8383a14, org.springframework.security.web.savedrequest.RequestCacheAwareFilter@6e239337, org.springframework.security.web.servletapi.SecurityContextHolderAwareRequestFilter@d1c5cf2, org.springframework.security.web.authentication.AnonymousAuthenticationFilter@374b6e33, org.springframework.security.web.session.SessionManagementFilter@721fc2e3, org.springframework.security.web.access.ExceptionTranslationFilter@2342f1ff, org.springframework.security.web.access.intercept.FilterSecurityInterceptor@278fe428]
2026-08-20 16:01:20 INFO  c.j.service.EmailServiceTests - Started EmailServiceTests in 15.832 seconds (JVM running for 20.365)
2026-08-20 16:01:22 ERROR com.journalApp.service.EmailService - Exception while sendEmail
org.springframework.mail.MailSendException: Mail server connection failed; nested exception is javax.mail.MessagingException: Could not convert socket to TLS;
  nested exception is:
	javax.net.ssl.SSLHandshakeException: PKIX path building failed: sun.security.provider.certpath.SunCertPathBuilderException: unable to find valid certification path to requested target. Failed messages: javax.mail.MessagingException: Could not convert socket to TLS;
  nested exception is:
	javax.net.ssl.SSLHandshakeException: PKIX path building failed: sun.security.provider.certpath.SunCertPathBuilderException: unable to find valid certification path to requested target
	at org.springframework.mail.javamail.JavaMailSenderImpl.doSend(JavaMailSenderImpl.java:448)
	at org.springframework.mail.javamail.JavaMailSenderImpl.send(JavaMailSenderImpl.java:323)
	at org.springframework.mail.javamail.JavaMailSenderImpl.send(JavaMailSenderImpl.java:312)
	at com.journalApp.service.EmailService.sendEmail(EmailService.java:22)
	at com.journalApp.service.EmailServiceTests.testSendEmail(EmailServiceTests.java:14)
	at java.base/jdk.internal.reflect.DirectMethodHandleAccessor.invoke(DirectMethodHandleAccessor.java:103)
	at java.base/java.lang.reflect.Method.invoke(Method.java:580)
	at org.junit.platform.commons.util.ReflectionUtils.invokeMethod(ReflectionUtils.java:725)
	at org.junit.jupiter.engine.execution.MethodInvocation.proceed(MethodInvocation.java:60)
	at org.junit.jupiter.engine.execution.InvocationInterceptorChain$ValidatingInvocation.proceed(InvocationInterceptorChain.java:131)
	at org.junit.jupiter.engine.extension.TimeoutExtension.intercept(TimeoutExtension.java:149)
	at org.junit.jupiter.engine.extension.TimeoutExtension.interceptTestableMethod(TimeoutExtension.java:140)
	at org.junit.jupiter.engine.extension.TimeoutExtension.interceptTestMethod(TimeoutExtension.java:84)
	at org.junit.jupiter.engine.execution.ExecutableInvoker$ReflectiveInterceptorCall.lambda$ofVoidMethod$0(ExecutableInvoker.java:115)
	at org.junit.jupiter.engine.execution.ExecutableInvoker.lambda$invoke$0(ExecutableInvoker.java:105)
	at org.junit.jupiter.engine.execution.InvocationInterceptorChain$InterceptedInvocation.proceed(InvocationInterceptorChain.java:106)
	at org.junit.jupiter.engine.execution.InvocationInterceptorChain.proceed(InvocationInterceptorChain.java:64)
	at org.junit.jupiter.engine.execution.InvocationInterceptorChain.chainAndInvoke(InvocationInterceptorChain.java:45)
	at org.junit.jupiter.engine.execution.InvocationInterceptorChain.invoke(InvocationInterceptorChain.java:37)
	at org.junit.jupiter.engine.execution.ExecutableInvoker.invoke(ExecutableInvoker.java:104)
	at org.junit.jupiter.engine.execution.ExecutableInvoker.invoke(ExecutableInvoker.java:98)
	at org.junit.jupiter.engine.descriptor.TestMethodTestDescriptor.lambda$invokeTestMethod$7(TestMethodTestDescriptor.java:214)
	at org.junit.platform.engine.support.hierarchical.ThrowableCollector.execute(ThrowableCollector.java:73)
	at org.junit.jupiter.engine.descriptor.TestMethodTestDescriptor.invokeTestMethod(TestMethodTestDescriptor.java:210)
	at org.junit.jupiter.engine.descriptor.TestMethodTestDescriptor.execute(TestMethodTestDescriptor.java:135)
	at org.junit.jupiter.engine.descriptor.TestMethodTestDescriptor.execute(TestMethodTestDescriptor.java:66)
	at org.junit.platform.engine.support.hierarchical.NodeTestTask.lambda$executeRecursively$6(NodeTestTask.java:151)
	at org.junit.platform.engine.support.hierarchical.ThrowableCollector.execute(ThrowableCollector.java:73)
	at org.junit.platform.engine.support.hierarchical.NodeTestTask.lambda$executeRecursively$8(NodeTestTask.java:141)
	at org.junit.platform.engine.support.hierarchical.Node.around(Node.java:137)
	at org.junit.platform.engine.support.hierarchical.NodeTestTask.lambda$executeRecursively$9(NodeTestTask.java:139)
	at org.junit.platform.engine.support.hierarchical.ThrowableCollector.execute(ThrowableCollector.java:73)
	at org.junit.platform.engine.support.hierarchical.NodeTestTask.executeRecursively(NodeTestTask.java:138)
	at org.junit.platform.engine.support.hierarchical.NodeTestTask.execute(NodeTestTask.java:95)
	at java.base/java.util.ArrayList.forEach(ArrayList.java:1596)
	at org.junit.platform.engine.support.hierarchical.SameThreadHierarchicalTestExecutorService.invokeAll(SameThreadHierarchicalTestExecutorService.java:41)
	at org.junit.platform.engine.support.hierarchical.NodeTestTask.lambda$executeRecursively$6(NodeTestTask.java:155)
	at org.junit.platform.engine.support.hierarchical.ThrowableCollector.execute(ThrowableCollector.java:73)
	at org.junit.platform.engine.support.hierarchical.NodeTestTask.lambda$executeRecursively$8(NodeTestTask.java:141)
	at org.junit.platform.engine.support.hierarchical.Node.around(Node.java:137)
	at org.junit.platform.engine.support.hierarchical.NodeTestTask.lambda$executeRecursively$9(NodeTestTask.java:139)
	at org.junit.platform.engine.support.hierarchical.ThrowableCollector.execute(ThrowableCollector.java:73)
	at org.junit.platform.engine.support.hierarchical.NodeTestTask.executeRecursively(NodeTestTask.java:138)
	at org.junit.platform.engine.support.hierarchical.NodeTestTask.execute(NodeTestTask.java:95)
	at java.base/java.util.ArrayList.forEach(ArrayList.java:1596)
	at org.junit.platform.engine.support.hierarchical.SameThreadHierarchicalTestExecutorService.invokeAll(SameThreadHierarchicalTestExecutorService.java:41)
	at org.junit.platform.engine.support.hierarchical.NodeTestTask.lambda$executeRecursively$6(NodeTestTask.java:155)
	at org.junit.platform.engine.support.hierarchical.ThrowableCollector.execute(ThrowableCollector.java:73)
	at org.junit.platform.engine.support.hierarchical.NodeTestTask.lambda$executeRecursively$8(NodeTestTask.java:141)
	at org.junit.platform.engine.support.hierarchical.Node.around(Node.java:137)
	at org.junit.platform.engine.support.hierarchical.NodeTestTask.lambda$executeRecursively$9(NodeTestTask.java:139)
	at org.junit.platform.engine.support.hierarchical.ThrowableCollector.execute(ThrowableCollector.java:73)
	at org.junit.platform.engine.support.hierarchical.NodeTestTask.executeRecursively(NodeTestTask.java:138)
	at org.junit.platform.engine.support.hierarchical.NodeTestTask.execute(NodeTestTask.java:95)
	at org.junit.platform.engine.support.hierarchical.SameThreadHierarchicalTestExecutorService.submit(SameThreadHierarchicalTestExecutorService.java:35)
	at org.junit.platform.engine.support.hierarchical.HierarchicalTestExecutor.execute(HierarchicalTestExecutor.java:57)
	at org.junit.platform.engine.support.hierarchical.HierarchicalTestEngine.execute(HierarchicalTestEngine.java:54)
	at org.junit.platform.launcher.core.EngineExecutionOrchestrator.execute(EngineExecutionOrchestrator.java:107)
	at org.junit.platform.launcher.core.EngineExecutionOrchestrator.execute(EngineExecutionOrchestrator.java:88)
	at org.junit.platform.launcher.core.EngineExecutionOrchestrator.lambda$execute$0(EngineExecutionOrchestrator.java:54)
	at org.junit.platform.launcher.core.EngineExecutionOrchestrator.withInterceptedStreams(EngineExecutionOrchestrator.java:67)
	at org.junit.platform.launcher.core.EngineExecutionOrchestrator.execute(EngineExecutionOrchestrator.java:52)
	at org.junit.platform.launcher.core.DefaultLauncher.execute(DefaultLauncher.java:114)
	at org.junit.platform.launcher.core.DefaultLauncher.execute(DefaultLauncher.java:86)
	at org.junit.platform.launcher.core.DefaultLauncherSession$DelegatingLauncher.execute(DefaultLauncherSession.java:86)
	at org.junit.platform.launcher.core.SessionPerRequestLauncher.execute(SessionPerRequestLauncher.java:53)
	at com.intellij.junit5.JUnit5IdeaTestRunner.startRunnerWithArgs(JUnit5IdeaTestRunner.java:66)
	at com.intellij.rt.junit.IdeaTestRunner$Repeater$1.execute(IdeaTestRunner.java:38)
	at com.intellij.rt.execution.junit.TestsRepeater.repeat(TestsRepeater.java:11)
	at com.intellij.rt.junit.IdeaTestRunner$Repeater.startRunnerWithArgs(IdeaTestRunner.java:35)
	at com.intellij.rt.junit.JUnitStarter.prepareStreamsAndStart(JUnitStarter.java:237)
	at com.intellij.rt.junit.JUnitStarter.main(JUnitStarter.java:58)
Caused by: javax.mail.MessagingException: Could not convert socket to TLS
	at com.sun.mail.smtp.SMTPTransport.startTLS(SMTPTransport.java:2140)
	at com.sun.mail.smtp.SMTPTransport.protocolConnect(SMTPTransport.java:734)
	at javax.mail.Service.connect(Service.java:342)
	at org.springframework.mail.javamail.JavaMailSenderImpl.connectTransport(JavaMailSenderImpl.java:518)
	at org.springframework.mail.javamail.JavaMailSenderImpl.doSend(JavaMailSenderImpl.java:437)
	... 71 common frames omitted
Caused by: javax.net.ssl.SSLHandshakeException: PKIX path building failed: sun.security.provider.certpath.SunCertPathBuilderException: unable to find valid certification path to requested target
	at java.base/sun.security.ssl.Alert.createSSLException(Alert.java:130)
	at java.base/sun.security.ssl.TransportContext.fatal(TransportContext.java:378)
	at java.base/sun.security.ssl.TransportContext.fatal(TransportContext.java:321)
	at java.base/sun.security.ssl.TransportContext.fatal(TransportContext.java:316)
	at java.base/sun.security.ssl.CertificateMessage$T13CertificateConsumer.checkServerCerts(CertificateMessage.java:1318)
	at java.base/sun.security.ssl.CertificateMessage$T13CertificateConsumer.onConsumeCertificate(CertificateMessage.java:1195)
	at java.base/sun.security.ssl.CertificateMessage$T13CertificateConsumer.consume(CertificateMessage.java:1138)
	at java.base/sun.security.ssl.SSLHandshake.consume(SSLHandshake.java:393)
	at java.base/sun.security.ssl.HandshakeContext.dispatch(HandshakeContext.java:476)
	at java.base/sun.security.ssl.HandshakeContext.dispatch(HandshakeContext.java:447)
	at java.base/sun.security.ssl.TransportContext.dispatch(TransportContext.java:201)
	at java.base/sun.security.ssl.SSLTransport.decode(SSLTransport.java:172)
	at java.base/sun.security.ssl.SSLSocketImpl.decode(SSLSocketImpl.java:1506)
	at java.base/sun.security.ssl.SSLSocketImpl.readHandshakeRecord(SSLSocketImpl.java:1421)
	at java.base/sun.security.ssl.SSLSocketImpl.startHandshake(SSLSocketImpl.java:455)
	at java.base/sun.security.ssl.SSLSocketImpl.startHandshake(SSLSocketImpl.java:426)
	at com.sun.mail.util.SocketFetcher.configureSSLSocket(SocketFetcher.java:602)
	at com.sun.mail.util.SocketFetcher.startTLS(SocketFetcher.java:529)
	at com.sun.mail.smtp.SMTPTransport.startTLS(SMTPTransport.java:2135)
	... 75 common frames omitted
Caused by: sun.security.validator.ValidatorException: PKIX path building failed: sun.security.provider.certpath.SunCertPathBuilderException: unable to find valid certification path to requested target
	at java.base/sun.security.validator.PKIXValidator.doBuild(PKIXValidator.java:388)
	at java.base/sun.security.validator.PKIXValidator.engineValidate(PKIXValidator.java:271)
	at java.base/sun.security.validator.Validator.validate(Validator.java:256)
	at java.base/sun.security.ssl.X509TrustManagerImpl.checkTrusted(X509TrustManagerImpl.java:230)
	at java.base/sun.security.ssl.X509TrustManagerImpl.checkServerTrusted(X509TrustManagerImpl.java:132)
	at java.base/sun.security.ssl.CertificateMessage$T13CertificateConsumer.checkServerCerts(CertificateMessage.java:1302)
	... 89 common frames omitted
Caused by: sun.security.provider.certpath.SunCertPathBuilderException: unable to find valid certification path to requested target
	at java.base/sun.security.provider.certpath.SunCertPathBuilder.build(SunCertPathBuilder.java:148)
	at java.base/sun.security.provider.certpath.SunCertPathBuilder.engineBuild(SunCertPathBuilder.java:129)
	at java.base/java.security.cert.CertPathBuilder.build(CertPathBuilder.java:297)
	at java.base/sun.security.validator.PKIXValidator.doBuild(PKIXValidator.java:383)
	... 94 common frames omitted
2026-08-20 21:50:25 INFO  o.s.b.t.c.SpringBootTestContextBootstrapper - Neither @ContextConfiguration nor @ContextHierarchy found for test class [com.journalApp.service.EmailServiceTests], using SpringBootContextLoader
2026-08-20 21:50:25 INFO  o.s.t.c.s.AbstractContextLoader - Could not detect default resource locations for test class [com.journalApp.service.EmailServiceTests]: no resource found for suffixes {-context.xml, Context.groovy}.
2026-08-20 21:50:25 INFO  o.s.t.c.s.AnnotationConfigContextLoaderUtils - Could not detect default configuration classes for test class [com.journalApp.service.EmailServiceTests]: EmailServiceTests does not declare any static, non-private, non-final, nested classes annotated with @Configuration.
2026-08-20 21:50:26 INFO  o.s.b.t.c.SpringBootTestContextBootstrapper - Found @SpringBootConfiguration com.journalApp.JournalAppApplication for test class com.journalApp.service.EmailServiceTests
2026-08-20 21:50:26 INFO  o.s.b.t.c.SpringBootTestContextBootstrapper - Loaded default TestExecutionListener class names from location [META-INF/spring.factories]: [org.springframework.boot.test.mock.mockito.MockitoTestExecutionListener, org.springframework.boot.test.mock.mockito.ResetMocksTestExecutionListener, org.springframework.boot.test.autoconfigure.restdocs.RestDocsTestExecutionListener, org.springframework.boot.test.autoconfigure.web.client.MockRestServiceServerResetTestExecutionListener, org.springframework.boot.test.autoconfigure.web.servlet.MockMvcPrintOnlyOnFailureTestExecutionListener, org.springframework.boot.test.autoconfigure.web.servlet.WebDriverTestExecutionListener, org.springframework.boot.test.autoconfigure.webservices.client.MockWebServiceServerTestExecutionListener, org.springframework.test.context.web.ServletTestExecutionListener, org.springframework.test.context.support.DirtiesContextBeforeModesTestExecutionListener, org.springframework.test.context.event.ApplicationEventsTestExecutionListener, org.springframework.test.context.support.DependencyInjectionTestExecutionListener, org.springframework.test.context.support.DirtiesContextTestExecutionListener, org.springframework.test.context.transaction.TransactionalTestExecutionListener, org.springframework.test.context.jdbc.SqlScriptsTestExecutionListener, org.springframework.test.context.event.EventPublishingTestExecutionListener]
2026-08-20 21:50:26 INFO  o.s.b.t.c.SpringBootTestContextBootstrapper - Using TestExecutionListeners: [org.springframework.test.context.web.ServletTestExecutionListener@3b956878, org.springframework.test.context.support.DirtiesContextBeforeModesTestExecutionListener@36546a22, org.springframework.test.context.event.ApplicationEventsTestExecutionListener@285c08c8, org.springframework.boot.test.mock.mockito.MockitoTestExecutionListener@295eaa7c, org.springframework.boot.test.autoconfigure.SpringBootDependencyInjectionTestExecutionListener@3918c187, org.springframework.test.context.support.DirtiesContextTestExecutionListener@2c88b9fc, org.springframework.test.context.transaction.TransactionalTestExecutionListener@64dafeed, org.springframework.test.context.jdbc.SqlScriptsTestExecutionListener@388ba540, org.springframework.test.context.event.EventPublishingTestExecutionListener@47605f2f, org.springframework.boot.test.mock.mockito.ResetMocksTestExecutionListener@2ece4966, org.springframework.boot.test.autoconfigure.restdocs.RestDocsTestExecutionListener@1dd0e7c4, org.springframework.boot.test.autoconfigure.web.client.MockRestServiceServerResetTestExecutionListener@7894f09b, org.springframework.boot.test.autoconfigure.web.servlet.MockMvcPrintOnlyOnFailureTestExecutionListener@3d484181, org.springframework.boot.test.autoconfigure.web.servlet.WebDriverTestExecutionListener@6111ba37, org.springframework.boot.test.autoconfigure.webservices.client.MockWebServiceServerTestExecutionListener@7be58f16]
2026-08-20 21:50:27 INFO  o.s.b.t.c.SpringBootTestContextBootstrapper - Neither @ContextConfiguration nor @ContextHierarchy found for test class [com.journalApp.service.EmailServiceTests], using SpringBootContextLoader
2026-08-20 21:50:27 INFO  o.s.t.c.s.AbstractContextLoader - Could not detect default resource locations for test class [com.journalApp.service.EmailServiceTests]: no resource found for suffixes {-context.xml, Context.groovy}.
2026-08-20 21:50:27 INFO  o.s.t.c.s.AnnotationConfigContextLoaderUtils - Could not detect default configuration classes for test class [com.journalApp.service.EmailServiceTests]: EmailServiceTests does not declare any static, non-private, non-final, nested classes annotated with @Configuration.
2026-08-20 21:50:27 INFO  c.j.service.EmailServiceTests - Starting EmailServiceTests using Java 21.0.4 on SHAHID with PID 18980 (started by MD SHAHID ANSARI in C:\Users\MD SHAHID ANSARI\IdeaProjects\journalApp\journalApp)
2026-08-20 21:50:27 INFO  c.j.service.EmailServiceTests - The following 1 profile is active: "dev"
2026-08-20 21:50:28 INFO  o.s.b.t.c.SpringBootTestContextBootstrapper - Found @SpringBootConfiguration com.journalApp.JournalAppApplication for test class com.journalApp.service.EmailServiceTests
2026-08-20 21:50:28 INFO  o.s.b.t.c.SpringBootTestContextBootstrapper - Loaded default TestExecutionListener class names from location [META-INF/spring.factories]: [org.springframework.boot.test.mock.mockito.MockitoTestExecutionListener, org.springframework.boot.test.mock.mockito.ResetMocksTestExecutionListener, org.springframework.boot.test.autoconfigure.restdocs.RestDocsTestExecutionListener, org.springframework.boot.test.autoconfigure.web.client.MockRestServiceServerResetTestExecutionListener, org.springframework.boot.test.autoconfigure.web.servlet.MockMvcPrintOnlyOnFailureTestExecutionListener, org.springframework.boot.test.autoconfigure.web.servlet.WebDriverTestExecutionListener, org.springframework.boot.test.autoconfigure.webservices.client.MockWebServiceServerTestExecutionListener, org.springframework.test.context.web.ServletTestExecutionListener, org.springframework.test.context.support.DirtiesContextBeforeModesTestExecutionListener, org.springframework.test.context.event.ApplicationEventsTestExecutionListener, org.springframework.test.context.support.DependencyInjectionTestExecutionListener, org.springframework.test.context.support.DirtiesContextTestExecutionListener, org.springframework.test.context.transaction.TransactionalTestExecutionListener, org.springframework.test.context.jdbc.SqlScriptsTestExecutionListener, org.springframework.test.context.event.EventPublishingTestExecutionListener]
2026-08-20 21:50:28 INFO  o.s.b.t.c.SpringBootTestContextBootstrapper - Using TestExecutionListeners: [org.springframework.test.context.web.ServletTestExecutionListener@3b956878, org.springframework.test.context.support.DirtiesContextBeforeModesTestExecutionListener@36546a22, org.springframework.test.context.event.ApplicationEventsTestExecutionListener@285c08c8, org.springframework.boot.test.mock.mockito.MockitoTestExecutionListener@295eaa7c, org.springframework.boot.test.autoconfigure.SpringBootDependencyInjectionTestExecutionListener@3918c187, org.springframework.test.context.support.DirtiesContextTestExecutionListener@2c88b9fc, org.springframework.test.context.transaction.TransactionalTestExecutionListener@64dafeed, org.springframework.test.context.jdbc.SqlScriptsTestExecutionListener@388ba540, org.springframework.test.context.event.EventPublishingTestExecutionListener@47605f2f, org.springframework.boot.test.mock.mockito.ResetMocksTestExecutionListener@2ece4966, org.springframework.boot.test.autoconfigure.restdocs.RestDocsTestExecutionListener@1dd0e7c4, org.springframework.boot.test.autoconfigure.web.client.MockRestServiceServerResetTestExecutionListener@7894f09b, org.springframework.boot.test.autoconfigure.web.servlet.MockMvcPrintOnlyOnFailureTestExecutionListener@3d484181, org.springframework.boot.test.autoconfigure.web.servlet.WebDriverTestExecutionListener@6111ba37, org.springframework.boot.test.autoconfigure.webservices.client.MockWebServiceServerTestExecutionListener@7be58f16]
2026-08-20 21:50:30 INFO  c.j.service.EmailServiceTests - Starting EmailServiceTests using Java 21.0.4 on SHAHID with PID 23084 (started by MD SHAHID ANSARI in C:\Users\MD SHAHID ANSARI\IdeaProjects\journalApp\journalApp)
2026-08-20 21:50:30 INFO  c.j.service.EmailServiceTests - The following 1 profile is active: "dev"
2026-08-20 21:50:30 INFO  o.s.d.r.c.RepositoryConfigurationDelegate - Multiple Spring Data modules found, entering strict repository configuration mode
2026-08-20 21:50:30 INFO  o.s.d.r.c.RepositoryConfigurationDelegate - Bootstrapping Spring Data MongoDB repositories in DEFAULT mode.
2026-08-20 21:50:31 INFO  o.s.d.r.c.RepositoryConfigurationDelegate - Finished Spring Data repository scanning in 446 ms. Found 3 MongoDB repository interfaces.
2026-08-20 21:50:31 INFO  o.s.d.r.c.RepositoryConfigurationDelegate - Multiple Spring Data modules found, entering strict repository configuration mode
2026-08-20 21:50:31 INFO  o.s.d.r.c.RepositoryConfigurationDelegate - Bootstrapping Spring Data Redis repositories in DEFAULT mode.
2026-08-20 21:50:31 INFO  o.s.d.r.c.RepositoryConfigurationExtensionSupport - Spring Data Redis - Could not safely identify store assignment for repository candidate interface com.journalApp.repository.ConfigJournalAppRepository; If you want this repository to be a Redis repository, consider annotating your entities with one of these annotations: org.springframework.data.redis.core.RedisHash (preferred), or consider extending one of the following types with your repository: org.springframework.data.keyvalue.repository.KeyValueRepository
2026-08-20 21:50:31 INFO  o.s.d.r.c.RepositoryConfigurationExtensionSupport - Spring Data Redis - Could not safely identify store assignment for repository candidate interface com.journalApp.repository.JournalEntryRepository; If you want this repository to be a Redis repository, consider annotating your entities with one of these annotations: org.springframework.data.redis.core.RedisHash (preferred), or consider extending one of the following types with your repository: org.springframework.data.keyvalue.repository.KeyValueRepository
2026-08-20 21:50:31 INFO  o.s.d.r.c.RepositoryConfigurationExtensionSupport - Spring Data Redis - Could not safely identify store assignment for repository candidate interface com.journalApp.repository.UserRepository; If you want this repository to be a Redis repository, consider annotating your entities with one of these annotations: org.springframework.data.redis.core.RedisHash (preferred), or consider extending one of the following types with your repository: org.springframework.data.keyvalue.repository.KeyValueRepository
2026-08-20 21:50:31 INFO  o.s.d.r.c.RepositoryConfigurationDelegate - Finished Spring Data repository scanning in 38 ms. Found 0 Redis repository interfaces.
2026-08-20 21:50:32 INFO  o.s.d.r.c.RepositoryConfigurationDelegate - Multiple Spring Data modules found, entering strict repository configuration mode
2026-08-20 21:50:32 INFO  o.s.d.r.c.RepositoryConfigurationDelegate - Bootstrapping Spring Data MongoDB repositories in DEFAULT mode.
2026-08-20 21:50:33 INFO  o.s.d.r.c.RepositoryConfigurationDelegate - Finished Spring Data repository scanning in 1017 ms. Found 3 MongoDB repository interfaces.
2026-08-20 21:50:34 INFO  o.s.d.r.c.RepositoryConfigurationDelegate - Multiple Spring Data modules found, entering strict repository configuration mode
2026-08-20 21:50:34 INFO  o.s.d.r.c.RepositoryConfigurationDelegate - Bootstrapping Spring Data Redis repositories in DEFAULT mode.
2026-08-20 21:50:34 INFO  o.s.d.r.c.RepositoryConfigurationExtensionSupport - Spring Data Redis - Could not safely identify store assignment for repository candidate interface com.journalApp.repository.ConfigJournalAppRepository; If you want this repository to be a Redis repository, consider annotating your entities with one of these annotations: org.springframework.data.redis.core.RedisHash (preferred), or consider extending one of the following types with your repository: org.springframework.data.keyvalue.repository.KeyValueRepository
2026-08-20 21:50:34 INFO  o.s.d.r.c.RepositoryConfigurationExtensionSupport - Spring Data Redis - Could not safely identify store assignment for repository candidate interface com.journalApp.repository.JournalEntryRepository; If you want this repository to be a Redis repository, consider annotating your entities with one of these annotations: org.springframework.data.redis.core.RedisHash (preferred), or consider extending one of the following types with your repository: org.springframework.data.keyvalue.repository.KeyValueRepository
2026-08-20 21:50:34 INFO  o.s.d.r.c.RepositoryConfigurationExtensionSupport - Spring Data Redis - Could not safely identify store assignment for repository candidate interface com.journalApp.repository.UserRepository; If you want this repository to be a Redis repository, consider annotating your entities with one of these annotations: org.springframework.data.redis.core.RedisHash (preferred), or consider extending one of the following types with your repository: org.springframework.data.keyvalue.repository.KeyValueRepository
2026-08-20 21:50:34 INFO  o.s.d.r.c.RepositoryConfigurationDelegate - Finished Spring Data repository scanning in 53 ms. Found 0 Redis repository interfaces.
2026-08-20 21:50:35 INFO  org.mongodb.driver.client - MongoClient with metadata {"driver": {"name": "mongo-java-driver|sync|spring-boot", "version": "4.6.1"}, "os": {"type": "Windows", "name": "Windows 11", "architecture": "amd64", "version": "10.0"}, "platform": "Java/Oracle Corporation/21.0.4+8-LTS-274", "application": {"name": "Cluster0"}} created with settings MongoClientSettings{readPreference=primary, writeConcern=WriteConcern{w=null, wTimeout=null ms, journal=null}, retryWrites=true, retryReads=true, readConcern=ReadConcern{level=null}, credential=MongoCredential{mechanism=null, userName='mdshahidans2005_db_user', source='admin', password=<hidden>, mechanismProperties=<hidden>}, streamFactoryFactory=null, commandListeners=[], codecRegistry=ProvidersCodecRegistry{codecProviders=[ValueCodecProvider{}, BsonValueCodecProvider{}, DBRefCodecProvider{}, DBObjectCodecProvider{}, DocumentCodecProvider{}, IterableCodecProvider{}, MapCodecProvider{}, GeoJsonCodecProvider{}, GridFSFileCodecProvider{}, Jsr310CodecProvider{}, JsonObjectCodecProvider{}, BsonCodecProvider{}, EnumCodecProvider{}, com.mongodb.Jep395RecordCodecProvider@7aaad0]}, clusterSettings={hosts=[127.0.0.1:27017], srvHost=cluster0.yvjbs2l.mongodb.net, srvServiceName=mongodb, mode=MULTIPLE, requiredClusterType=REPLICA_SET, requiredReplicaSetName='atlas-lpe6sk-shard-0', serverSelector='null', clusterListeners='[]', serverSelectionTimeout='30000 ms', localThreshold='30000 ms'}, socketSettings=SocketSettings{connectTimeoutMS=10000, readTimeoutMS=0, receiveBufferSize=0, sendBufferSize=0}, heartbeatSocketSettings=SocketSettings{connectTimeoutMS=10000, readTimeoutMS=10000, receiveBufferSize=0, sendBufferSize=0}, connectionPoolSettings=ConnectionPoolSettings{maxSize=100, minSize=0, maxWaitTimeMS=120000, maxConnectionLifeTimeMS=0, maxConnectionIdleTimeMS=0, maintenanceInitialDelayMS=0, maintenanceFrequencyMS=60000, connectionPoolListeners=[], maxConnecting=2}, serverSettings=ServerSettings{heartbeatFrequencyMS=10000, minHeartbeatFrequencyMS=500, serverListeners='[]', serverMonitorListeners='[]'}, sslSettings=SslSettings{enabled=true, invalidHostNameAllowed=false, context=null}, applicationName='Cluster0', compressorList=[], uuidRepresentation=JAVA_LEGACY, serverApi=null, autoEncryptionSettings=null, contextProvider=null}
2026-08-20 21:50:35 INFO  org.mongodb.driver.cluster - Adding discovered server ac-bd180s9-shard-00-00.yvjbs2l.mongodb.net:27017 to client view of cluster
2026-08-20 21:50:35 INFO  org.mongodb.driver.cluster - Adding discovered server ac-bd180s9-shard-00-01.yvjbs2l.mongodb.net:27017 to client view of cluster
2026-08-20 21:50:35 INFO  org.mongodb.driver.cluster - Adding discovered server ac-bd180s9-shard-00-02.yvjbs2l.mongodb.net:27017 to client view of cluster
2026-08-20 21:50:37 INFO  org.mongodb.driver.cluster - No server chosen by com.mongodb.client.internal.MongoClientDelegate$1@7ec3a8bd from cluster description ClusterDescription{type=REPLICA_SET, connectionMode=MULTIPLE, serverDescriptions=[ServerDescription{address=ac-bd180s9-shard-00-00.yvjbs2l.mongodb.net:27017, type=UNKNOWN, state=CONNECTING}, ServerDescription{address=ac-bd180s9-shard-00-02.yvjbs2l.mongodb.net:27017, type=UNKNOWN, state=CONNECTING}, ServerDescription{address=ac-bd180s9-shard-00-01.yvjbs2l.mongodb.net:27017, type=UNKNOWN, state=CONNECTING}]}. Waiting for 30000 ms before timing out
2026-08-20 21:50:37 INFO  org.mongodb.driver.cluster - Exception in monitor thread while connecting to server ac-bd180s9-shard-00-00.yvjbs2l.mongodb.net:27017
com.mongodb.MongoSocketWriteException: Exception sending message
	at com.mongodb.internal.connection.InternalStreamConnection.translateWriteException(InternalStreamConnection.java:684)
	at com.mongodb.internal.connection.InternalStreamConnection.sendMessage(InternalStreamConnection.java:555)
	at com.mongodb.internal.connection.InternalStreamConnection.sendCommandMessage(InternalStreamConnection.java:381)
	at com.mongodb.internal.connection.InternalStreamConnection.sendAndReceive(InternalStreamConnection.java:329)
	at com.mongodb.internal.connection.CommandHelper.sendAndReceive(CommandHelper.java:101)
	at com.mongodb.internal.connection.CommandHelper.executeCommand(CommandHelper.java:45)
	at com.mongodb.internal.connection.InternalStreamConnectionInitializer.initializeConnectionDescription(InternalStreamConnectionInitializer.java:131)
	at com.mongodb.internal.connection.InternalStreamConnectionInitializer.startHandshake(InternalStreamConnectionInitializer.java:73)
	at com.mongodb.internal.connection.InternalStreamConnection.open(InternalStreamConnection.java:182)
	at com.mongodb.internal.connection.DefaultServerMonitor$ServerMonitorRunnable.lookupServerDescription(DefaultServerMonitor.java:193)
	at com.mongodb.internal.connection.DefaultServerMonitor$ServerMonitorRunnable.run(DefaultServerMonitor.java:157)
	at java.base/java.lang.Thread.run(Thread.java:1583)
Caused by: javax.net.ssl.SSLException: Received fatal alert: internal_error
	at java.base/sun.security.ssl.Alert.createSSLException(Alert.java:132)
	at java.base/sun.security.ssl.Alert.createSSLException(Alert.java:117)
	at java.base/sun.security.ssl.TransportContext.fatal(TransportContext.java:365)
	at java.base/sun.security.ssl.Alert$AlertConsumer.consume(Alert.java:287)
	at java.base/sun.security.ssl.TransportContext.dispatch(TransportContext.java:204)
	at java.base/sun.security.ssl.SSLTransport.decode(SSLTransport.java:172)
	at java.base/sun.security.ssl.SSLSocketImpl.decode(SSLSocketImpl.java:1506)
	at java.base/sun.security.ssl.SSLSocketImpl.readHandshakeRecord(SSLSocketImpl.java:1421)
	at java.base/sun.security.ssl.SSLSocketImpl.startHandshake(SSLSocketImpl.java:455)
	at java.base/sun.security.ssl.SSLSocketImpl.ensureNegotiated(SSLSocketImpl.java:922)
	at java.base/sun.security.ssl.SSLSocketImpl$AppOutputStream.write(SSLSocketImpl.java:1291)
	at com.mongodb.internal.connection.SocketStream.write(SocketStream.java:99)
	at com.mongodb.internal.connection.InternalStreamConnection.sendMessage(InternalStreamConnection.java:552)
	... 10 common frames omitted
2026-08-20 21:50:37 INFO  org.mongodb.driver.cluster - Exception in monitor thread while connecting to server ac-bd180s9-shard-00-02.yvjbs2l.mongodb.net:27017
com.mongodb.MongoSocketWriteException: Exception sending message
	at com.mongodb.internal.connection.InternalStreamConnection.translateWriteException(InternalStreamConnection.java:684)
	at com.mongodb.internal.connection.InternalStreamConnection.sendMessage(InternalStreamConnection.java:555)
	at com.mongodb.internal.connection.InternalStreamConnection.sendCommandMessage(InternalStreamConnection.java:381)
	at com.mongodb.internal.connection.InternalStreamConnection.sendAndReceive(InternalStreamConnection.java:329)
	at com.mongodb.internal.connection.CommandHelper.sendAndReceive(CommandHelper.java:101)
	at com.mongodb.internal.connection.CommandHelper.executeCommand(CommandHelper.java:45)
	at com.mongodb.internal.connection.InternalStreamConnectionInitializer.initializeConnectionDescription(InternalStreamConnectionInitializer.java:131)
	at com.mongodb.internal.connection.InternalStreamConnectionInitializer.startHandshake(InternalStreamConnectionInitializer.java:73)
	at com.mongodb.internal.connection.InternalStreamConnection.open(InternalStreamConnection.java:182)
	at com.mongodb.internal.connection.DefaultServerMonitor$ServerMonitorRunnable.lookupServerDescription(DefaultServerMonitor.java:193)
	at com.mongodb.internal.connection.DefaultServerMonitor$ServerMonitorRunnable.run(DefaultServerMonitor.java:157)
	at java.base/java.lang.Thread.run(Thread.java:1583)
Caused by: javax.net.ssl.SSLException: Received fatal alert: internal_error
	at java.base/sun.security.ssl.Alert.createSSLException(Alert.java:132)
	at java.base/sun.security.ssl.Alert.createSSLException(Alert.java:117)
	at java.base/sun.security.ssl.TransportContext.fatal(TransportContext.java:365)
	at java.base/sun.security.ssl.Alert$AlertConsumer.consume(Alert.java:287)
	at java.base/sun.security.ssl.TransportContext.dispatch(TransportContext.java:204)
	at java.base/sun.security.ssl.SSLTransport.decode(SSLTransport.java:172)
	at java.base/sun.security.ssl.SSLSocketImpl.decode(SSLSocketImpl.java:1506)
	at java.base/sun.security.ssl.SSLSocketImpl.readHandshakeRecord(SSLSocketImpl.java:1421)
	at java.base/sun.security.ssl.SSLSocketImpl.startHandshake(SSLSocketImpl.java:455)
	at java.base/sun.security.ssl.SSLSocketImpl.ensureNegotiated(SSLSocketImpl.java:922)
	at java.base/sun.security.ssl.SSLSocketImpl$AppOutputStream.write(SSLSocketImpl.java:1291)
	at com.mongodb.internal.connection.SocketStream.write(SocketStream.java:99)
	at com.mongodb.internal.connection.InternalStreamConnection.sendMessage(InternalStreamConnection.java:552)
	... 10 common frames omitted
2026-08-20 21:50:37 INFO  org.mongodb.driver.cluster - Exception in monitor thread while connecting to server ac-bd180s9-shard-00-01.yvjbs2l.mongodb.net:27017
com.mongodb.MongoSocketWriteException: Exception sending message
	at com.mongodb.internal.connection.InternalStreamConnection.translateWriteException(InternalStreamConnection.java:684)
	at com.mongodb.internal.connection.InternalStreamConnection.sendMessage(InternalStreamConnection.java:555)
	at com.mongodb.internal.connection.InternalStreamConnection.sendCommandMessage(InternalStreamConnection.java:381)
	at com.mongodb.internal.connection.InternalStreamConnection.sendAndReceive(InternalStreamConnection.java:329)
	at com.mongodb.internal.connection.CommandHelper.sendAndReceive(CommandHelper.java:101)
	at com.mongodb.internal.connection.CommandHelper.executeCommand(CommandHelper.java:45)
	at com.mongodb.internal.connection.InternalStreamConnectionInitializer.initializeConnectionDescription(InternalStreamConnectionInitializer.java:131)
	at com.mongodb.internal.connection.InternalStreamConnectionInitializer.startHandshake(InternalStreamConnectionInitializer.java:73)
	at com.mongodb.internal.connection.InternalStreamConnection.open(InternalStreamConnection.java:182)
	at com.mongodb.internal.connection.DefaultServerMonitor$ServerMonitorRunnable.lookupServerDescription(DefaultServerMonitor.java:193)
	at com.mongodb.internal.connection.DefaultServerMonitor$ServerMonitorRunnable.run(DefaultServerMonitor.java:157)
	at java.base/java.lang.Thread.run(Thread.java:1583)
Caused by: javax.net.ssl.SSLException: Received fatal alert: internal_error
	at java.base/sun.security.ssl.Alert.createSSLException(Alert.java:132)
	at java.base/sun.security.ssl.Alert.createSSLException(Alert.java:117)
	at java.base/sun.security.ssl.TransportContext.fatal(TransportContext.java:365)
	at java.base/sun.security.ssl.Alert$AlertConsumer.consume(Alert.java:287)
	at java.base/sun.security.ssl.TransportContext.dispatch(TransportContext.java:204)
	at java.base/sun.security.ssl.SSLTransport.decode(SSLTransport.java:172)
	at java.base/sun.security.ssl.SSLSocketImpl.decode(SSLSocketImpl.java:1506)
	at java.base/sun.security.ssl.SSLSocketImpl.readHandshakeRecord(SSLSocketImpl.java:1421)
	at java.base/sun.security.ssl.SSLSocketImpl.startHandshake(SSLSocketImpl.java:455)
	at java.base/sun.security.ssl.SSLSocketImpl.ensureNegotiated(SSLSocketImpl.java:922)
	at java.base/sun.security.ssl.SSLSocketImpl$AppOutputStream.write(SSLSocketImpl.java:1291)
	at com.mongodb.internal.connection.SocketStream.write(SocketStream.java:99)
	at com.mongodb.internal.connection.InternalStreamConnection.sendMessage(InternalStreamConnection.java:552)
	... 10 common frames omitted
2026-08-20 21:50:37 INFO  org.mongodb.driver.cluster - Adding discovered server ac-bd180s9-shard-00-00.yvjbs2l.mongodb.net:27017 to client view of cluster
2026-08-20 21:50:37 INFO  org.mongodb.driver.client - MongoClient with metadata {"driver": {"name": "mongo-java-driver|sync|spring-boot", "version": "4.6.1"}, "os": {"type": "Windows", "name": "Windows 11", "architecture": "amd64", "version": "10.0"}, "platform": "Java/Oracle Corporation/21.0.4+8-LTS-274", "application": {"name": "Cluster0"}} created with settings MongoClientSettings{readPreference=primary, writeConcern=WriteConcern{w=null, wTimeout=null ms, journal=null}, retryWrites=true, retryReads=true, readConcern=ReadConcern{level=null}, credential=MongoCredential{mechanism=null, userName='mdshahidans2005_db_user', source='admin', password=<hidden>, mechanismProperties=<hidden>}, streamFactoryFactory=null, commandListeners=[], codecRegistry=ProvidersCodecRegistry{codecProviders=[ValueCodecProvider{}, BsonValueCodecProvider{}, DBRefCodecProvider{}, DBObjectCodecProvider{}, DocumentCodecProvider{}, IterableCodecProvider{}, MapCodecProvider{}, GeoJsonCodecProvider{}, GridFSFileCodecProvider{}, Jsr310CodecProvider{}, JsonObjectCodecProvider{}, BsonCodecProvider{}, EnumCodecProvider{}, com.mongodb.Jep395RecordCodecProvider@19dc0d32]}, clusterSettings={hosts=[127.0.0.1:27017], srvHost=cluster0.yvjbs2l.mongodb.net, srvServiceName=mongodb, mode=MULTIPLE, requiredClusterType=REPLICA_SET, requiredReplicaSetName='atlas-lpe6sk-shard-0', serverSelector='null', clusterListeners='[]', serverSelectionTimeout='30000 ms', localThreshold='30000 ms'}, socketSettings=SocketSettings{connectTimeoutMS=10000, readTimeoutMS=0, receiveBufferSize=0, sendBufferSize=0}, heartbeatSocketSettings=SocketSettings{connectTimeoutMS=10000, readTimeoutMS=10000, receiveBufferSize=0, sendBufferSize=0}, connectionPoolSettings=ConnectionPoolSettings{maxSize=100, minSize=0, maxWaitTimeMS=120000, maxConnectionLifeTimeMS=0, maxConnectionIdleTimeMS=0, maintenanceInitialDelayMS=0, maintenanceFrequencyMS=60000, connectionPoolListeners=[], maxConnecting=2}, serverSettings=ServerSettings{heartbeatFrequencyMS=10000, minHeartbeatFrequencyMS=500, serverListeners='[]', serverMonitorListeners='[]'}, sslSettings=SslSettings{enabled=true, invalidHostNameAllowed=false, context=null}, applicationName='Cluster0', compressorList=[], uuidRepresentation=JAVA_LEGACY, serverApi=null, autoEncryptionSettings=null, contextProvider=null}
2026-08-20 21:50:37 INFO  org.mongodb.driver.cluster - Adding discovered server ac-bd180s9-shard-00-01.yvjbs2l.mongodb.net:27017 to client view of cluster
2026-08-20 21:50:37 INFO  org.mongodb.driver.cluster - Adding discovered server ac-bd180s9-shard-00-02.yvjbs2l.mongodb.net:27017 to client view of cluster
2026-08-20 21:50:38 INFO  org.mongodb.driver.cluster - Exception in monitor thread while connecting to server ac-bd180s9-shard-00-00.yvjbs2l.mongodb.net:27017
com.mongodb.MongoSocketWriteException: Exception sending message
	at com.mongodb.internal.connection.InternalStreamConnection.translateWriteException(InternalStreamConnection.java:684)
	at com.mongodb.internal.connection.InternalStreamConnection.sendMessage(InternalStreamConnection.java:555)
	at com.mongodb.internal.connection.InternalStreamConnection.sendCommandMessage(InternalStreamConnection.java:381)
	at com.mongodb.internal.connection.InternalStreamConnection.sendAndReceive(InternalStreamConnection.java:329)
	at com.mongodb.internal.connection.CommandHelper.sendAndReceive(CommandHelper.java:101)
	at com.mongodb.internal.connection.CommandHelper.executeCommand(CommandHelper.java:45)
	at com.mongodb.internal.connection.InternalStreamConnectionInitializer.initializeConnectionDescription(InternalStreamConnectionInitializer.java:131)
	at com.mongodb.internal.connection.InternalStreamConnectionInitializer.startHandshake(InternalStreamConnectionInitializer.java:73)
	at com.mongodb.internal.connection.InternalStreamConnection.open(InternalStreamConnection.java:182)
	at com.mongodb.internal.connection.DefaultServerMonitor$ServerMonitorRunnable.lookupServerDescription(DefaultServerMonitor.java:193)
	at com.mongodb.internal.connection.DefaultServerMonitor$ServerMonitorRunnable.run(DefaultServerMonitor.java:157)
	at java.base/java.lang.Thread.run(Thread.java:1583)
Caused by: javax.net.ssl.SSLException: Received fatal alert: internal_error
	at java.base/sun.security.ssl.Alert.createSSLException(Alert.java:132)
	at java.base/sun.security.ssl.Alert.createSSLException(Alert.java:117)
	at java.base/sun.security.ssl.TransportContext.fatal(TransportContext.java:365)
	at java.base/sun.security.ssl.Alert$AlertConsumer.consume(Alert.java:287)
	at java.base/sun.security.ssl.TransportContext.dispatch(TransportContext.java:204)
	at java.base/sun.security.ssl.SSLTransport.decode(SSLTransport.java:172)
	at java.base/sun.security.ssl.SSLSocketImpl.decode(SSLSocketImpl.java:1506)
	at java.base/sun.security.ssl.SSLSocketImpl.readHandshakeRecord(SSLSocketImpl.java:1421)
	at java.base/sun.security.ssl.SSLSocketImpl.startHandshake(SSLSocketImpl.java:455)
	at java.base/sun.security.ssl.SSLSocketImpl.ensureNegotiated(SSLSocketImpl.java:922)
	at java.base/sun.security.ssl.SSLSocketImpl$AppOutputStream.write(SSLSocketImpl.java:1291)
	at com.mongodb.internal.connection.SocketStream.write(SocketStream.java:99)
	at com.mongodb.internal.connection.InternalStreamConnection.sendMessage(InternalStreamConnection.java:552)
	... 10 common frames omitted
2026-08-20 21:50:38 INFO  org.mongodb.driver.cluster - Exception in monitor thread while connecting to server ac-bd180s9-shard-00-01.yvjbs2l.mongodb.net:27017
com.mongodb.MongoSocketWriteException: Exception sending message
	at com.mongodb.internal.connection.InternalStreamConnection.translateWriteException(InternalStreamConnection.java:684)
	at com.mongodb.internal.connection.InternalStreamConnection.sendMessage(InternalStreamConnection.java:555)
	at com.mongodb.internal.connection.InternalStreamConnection.sendCommandMessage(InternalStreamConnection.java:381)
	at com.mongodb.internal.connection.InternalStreamConnection.sendAndReceive(InternalStreamConnection.java:329)
	at com.mongodb.internal.connection.CommandHelper.sendAndReceive(CommandHelper.java:101)
	at com.mongodb.internal.connection.CommandHelper.executeCommand(CommandHelper.java:45)
	at com.mongodb.internal.connection.InternalStreamConnectionInitializer.initializeConnectionDescription(InternalStreamConnectionInitializer.java:131)
	at com.mongodb.internal.connection.InternalStreamConnectionInitializer.startHandshake(InternalStreamConnectionInitializer.java:73)
	at com.mongodb.internal.connection.InternalStreamConnection.open(InternalStreamConnection.java:182)
	at com.mongodb.internal.connection.DefaultServerMonitor$ServerMonitorRunnable.lookupServerDescription(DefaultServerMonitor.java:193)
	at com.mongodb.internal.connection.DefaultServerMonitor$ServerMonitorRunnable.run(DefaultServerMonitor.java:157)
	at java.base/java.lang.Thread.run(Thread.java:1583)
Caused by: javax.net.ssl.SSLException: Received fatal alert: internal_error
	at java.base/sun.security.ssl.Alert.createSSLException(Alert.java:132)
	at java.base/sun.security.ssl.Alert.createSSLException(Alert.java:117)
	at java.base/sun.security.ssl.TransportContext.fatal(TransportContext.java:365)
	at java.base/sun.security.ssl.Alert$AlertConsumer.consume(Alert.java:287)
	at java.base/sun.security.ssl.TransportContext.dispatch(TransportContext.java:204)
	at java.base/sun.security.ssl.SSLTransport.decode(SSLTransport.java:172)
	at java.base/sun.security.ssl.SSLSocketImpl.decode(SSLSocketImpl.java:1506)
	at java.base/sun.security.ssl.SSLSocketImpl.readHandshakeRecord(SSLSocketImpl.java:1421)
	at java.base/sun.security.ssl.SSLSocketImpl.startHandshake(SSLSocketImpl.java:455)
	at java.base/sun.security.ssl.SSLSocketImpl.ensureNegotiated(SSLSocketImpl.java:922)
	at java.base/sun.security.ssl.SSLSocketImpl$AppOutputStream.write(SSLSocketImpl.java:1291)
	at com.mongodb.internal.connection.SocketStream.write(SocketStream.java:99)
	at com.mongodb.internal.connection.InternalStreamConnection.sendMessage(InternalStreamConnection.java:552)
	... 10 common frames omitted
2026-08-20 21:50:38 INFO  org.mongodb.driver.cluster - Exception in monitor thread while connecting to server ac-bd180s9-shard-00-02.yvjbs2l.mongodb.net:27017
com.mongodb.MongoSocketWriteException: Exception sending message
	at com.mongodb.internal.connection.InternalStreamConnection.translateWriteException(InternalStreamConnection.java:684)
	at com.mongodb.internal.connection.InternalStreamConnection.sendMessage(InternalStreamConnection.java:555)
	at com.mongodb.internal.connection.InternalStreamConnection.sendCommandMessage(InternalStreamConnection.java:381)
	at com.mongodb.internal.connection.InternalStreamConnection.sendAndReceive(InternalStreamConnection.java:329)
	at com.mongodb.internal.connection.CommandHelper.sendAndReceive(CommandHelper.java:101)
	at com.mongodb.internal.connection.CommandHelper.executeCommand(CommandHelper.java:45)
	at com.mongodb.internal.connection.InternalStreamConnectionInitializer.initializeConnectionDescription(InternalStreamConnectionInitializer.java:131)
	at com.mongodb.internal.connection.InternalStreamConnectionInitializer.startHandshake(InternalStreamConnectionInitializer.java:73)
	at com.mongodb.internal.connection.InternalStreamConnection.open(InternalStreamConnection.java:182)
	at com.mongodb.internal.connection.DefaultServerMonitor$ServerMonitorRunnable.lookupServerDescription(DefaultServerMonitor.java:193)
	at com.mongodb.internal.connection.DefaultServerMonitor$ServerMonitorRunnable.run(DefaultServerMonitor.java:157)
	at java.base/java.lang.Thread.run(Thread.java:1583)
Caused by: javax.net.ssl.SSLException: Received fatal alert: internal_error
	at java.base/sun.security.ssl.Alert.createSSLException(Alert.java:132)
	at java.base/sun.security.ssl.Alert.createSSLException(Alert.java:117)
	at java.base/sun.security.ssl.TransportContext.fatal(TransportContext.java:365)
	at java.base/sun.security.ssl.Alert$AlertConsumer.consume(Alert.java:287)
	at java.base/sun.security.ssl.TransportContext.dispatch(TransportContext.java:204)
	at java.base/sun.security.ssl.SSLTransport.decode(SSLTransport.java:172)
	at java.base/sun.security.ssl.SSLSocketImpl.decode(SSLSocketImpl.java:1506)
	at java.base/sun.security.ssl.SSLSocketImpl.readHandshakeRecord(SSLSocketImpl.java:1421)
	at java.base/sun.security.ssl.SSLSocketImpl.startHandshake(SSLSocketImpl.java:455)
	at java.base/sun.security.ssl.SSLSocketImpl.ensureNegotiated(SSLSocketImpl.java:922)
	at java.base/sun.security.ssl.SSLSocketImpl$AppOutputStream.write(SSLSocketImpl.java:1291)
	at com.mongodb.internal.connection.SocketStream.write(SocketStream.java:99)
	at com.mongodb.internal.connection.InternalStreamConnection.sendMessage(InternalStreamConnection.java:552)
	... 10 common frames omitted
2026-08-20 21:50:38 INFO  org.mongodb.driver.cluster - No server chosen by com.mongodb.client.internal.MongoClientDelegate$1@781654f8 from cluster description ClusterDescription{type=REPLICA_SET, connectionMode=MULTIPLE, serverDescriptions=[ServerDescription{address=ac-bd180s9-shard-00-00.yvjbs2l.mongodb.net:27017, type=UNKNOWN, state=CONNECTING, exception={com.mongodb.MongoSocketWriteException: Exception sending message}, caused by {javax.net.ssl.SSLException: Received fatal alert: internal_error}}, ServerDescription{address=ac-bd180s9-shard-00-02.yvjbs2l.mongodb.net:27017, type=UNKNOWN, state=CONNECTING, exception={com.mongodb.MongoSocketWriteException: Exception sending message}, caused by {javax.net.ssl.SSLException: Received fatal alert: internal_error}}, ServerDescription{address=ac-bd180s9-shard-00-01.yvjbs2l.mongodb.net:27017, type=UNKNOWN, state=CONNECTING, exception={com.mongodb.MongoSocketWriteException: Exception sending message}, caused by {javax.net.ssl.SSLException: Received fatal alert: internal_error}}]}. Waiting for 30000 ms before timing out
2026-08-20 21:51:07 WARN  o.s.w.c.s.GenericWebApplicationContext - Exception encountered during context initialization - cancelling refresh attempt: org.springframework.beans.factory.UnsatisfiedDependencyException: Error creating bean with name 'appCache': Unsatisfied dependency expressed through field 'configJournalAppRepository'; nested exception is org.springframework.beans.factory.BeanCreationException: Error creating bean with name 'configJournalAppRepository' defined in com.journalApp.repository.ConfigJournalAppRepository defined in @EnableMongoRepositories declared on MongoRepositoriesRegistrar.EnableMongoRepositoriesConfiguration: Cannot resolve reference to bean 'mongoTemplate' while setting bean property 'mongoOperations'; nested exception is org.springframework.beans.factory.BeanCreationException: Error creating bean with name 'mongoTemplate' defined in class path resource [org/springframework/boot/autoconfigure/data/mongo/MongoDatabaseFactoryDependentConfiguration.class]: Bean instantiation via factory method failed; nested exception is org.springframework.beans.BeanInstantiationException: Failed to instantiate [org.springframework.data.mongodb.core.MongoTemplate]: Factory method 'mongoTemplate' threw exception; nested exception is org.springframework.dao.DataAccessResourceFailureException: Timed out after 30000 ms while waiting for a server that matches com.mongodb.client.internal.MongoClientDelegate$1@7ec3a8bd. Client view of cluster state is {type=REPLICA_SET, servers=[{address=ac-bd180s9-shard-00-00.yvjbs2l.mongodb.net:27017, type=UNKNOWN, state=CONNECTING, exception={com.mongodb.MongoSocketWriteException: Exception sending message}, caused by {javax.net.ssl.SSLException: Received fatal alert: internal_error}}, {address=ac-bd180s9-shard-00-02.yvjbs2l.mongodb.net:27017, type=UNKNOWN, state=CONNECTING, exception={com.mongodb.MongoSocketWriteException: Exception sending message}, caused by {javax.net.ssl.SSLException: Received fatal alert: internal_error}}, {address=ac-bd180s9-shard-00-01.yvjbs2l.mongodb.net:27017, type=UNKNOWN, state=CONNECTING, exception={com.mongodb.MongoSocketWriteException: Exception sending message}, caused by {javax.net.ssl.SSLException: Received fatal alert: internal_error}}]; nested exception is com.mongodb.MongoTimeoutException: Timed out after 30000 ms while waiting for a server that matches com.mongodb.client.internal.MongoClientDelegate$1@7ec3a8bd. Client view of cluster state is {type=REPLICA_SET, servers=[{address=ac-bd180s9-shard-00-00.yvjbs2l.mongodb.net:27017, type=UNKNOWN, state=CONNECTING, exception={com.mongodb.MongoSocketWriteException: Exception sending message}, caused by {javax.net.ssl.SSLException: Received fatal alert: internal_error}}, {address=ac-bd180s9-shard-00-02.yvjbs2l.mongodb.net:27017, type=UNKNOWN, state=CONNECTING, exception={com.mongodb.MongoSocketWriteException: Exception sending message}, caused by {javax.net.ssl.SSLException: Received fatal alert: internal_error}}, {address=ac-bd180s9-shard-00-01.yvjbs2l.mongodb.net:27017, type=UNKNOWN, state=CONNECTING, exception={com.mongodb.MongoSocketWriteException: Exception sending message}, caused by {javax.net.ssl.SSLException: Received fatal alert: internal_error}}]
2026-08-20 21:51:07 INFO  o.s.b.a.l.ConditionEvaluationReportLoggingListener - 

Error starting ApplicationContext. To display the conditions report re-run your application with 'debug' enabled.
2026-08-20 21:51:07 ERROR o.s.boot.SpringApplication - Application run failed
org.springframework.beans.factory.UnsatisfiedDependencyException: Error creating bean with name 'appCache': Unsatisfied dependency expressed through field 'configJournalAppRepository'; nested exception is org.springframework.beans.factory.BeanCreationException: Error creating bean with name 'configJournalAppRepository' defined in com.journalApp.repository.ConfigJournalAppRepository defined in @EnableMongoRepositories declared on MongoRepositoriesRegistrar.EnableMongoRepositoriesConfiguration: Cannot resolve reference to bean 'mongoTemplate' while setting bean property 'mongoOperations'; nested exception is org.springframework.beans.factory.BeanCreationException: Error creating bean with name 'mongoTemplate' defined in class path resource [org/springframework/boot/autoconfigure/data/mongo/MongoDatabaseFactoryDependentConfiguration.class]: Bean instantiation via factory method failed; nested exception is org.springframework.beans.BeanInstantiationException: Failed to instantiate [org.springframework.data.mongodb.core.MongoTemplate]: Factory method 'mongoTemplate' threw exception; nested exception is org.springframework.dao.DataAccessResourceFailureException: Timed out after 30000 ms while waiting for a server that matches com.mongodb.client.internal.MongoClientDelegate$1@7ec3a8bd. Client view of cluster state is {type=REPLICA_SET, servers=[{address=ac-bd180s9-shard-00-00.yvjbs2l.mongodb.net:27017, type=UNKNOWN, state=CONNECTING, exception={com.mongodb.MongoSocketWriteException: Exception sending message}, caused by {javax.net.ssl.SSLException: Received fatal alert: internal_error}}, {address=ac-bd180s9-shard-00-02.yvjbs2l.mongodb.net:27017, type=UNKNOWN, state=CONNECTING, exception={com.mongodb.MongoSocketWriteException: Exception sending message}, caused by {javax.net.ssl.SSLException: Received fatal alert: internal_error}}, {address=ac-bd180s9-shard-00-01.yvjbs2l.mongodb.net:27017, type=UNKNOWN, state=CONNECTING, exception={com.mongodb.MongoSocketWriteException: Exception sending message}, caused by {javax.net.ssl.SSLException: Received fatal alert: internal_error}}]; nested exception is com.mongodb.MongoTimeoutException: Timed out after 30000 ms while waiting for a server that matches com.mongodb.client.internal.MongoClientDelegate$1@7ec3a8bd. Client view of cluster state is {type=REPLICA_SET, servers=[{address=ac-bd180s9-shard-00-00.yvjbs2l.mongodb.net:27017, type=UNKNOWN, state=CONNECTING, exception={com.mongodb.MongoSocketWriteException: Exception sending message}, caused by {javax.net.ssl.SSLException: Received fatal alert: internal_error}}, {address=ac-bd180s9-shard-00-02.yvjbs2l.mongodb.net:27017, type=UNKNOWN, state=CONNECTING, exception={com.mongodb.MongoSocketWriteException: Exception sending message}, caused by {javax.net.ssl.SSLException: Received fatal alert: internal_error}}, {address=ac-bd180s9-shard-00-01.yvjbs2l.mongodb.net:27017, type=UNKNOWN, state=CONNECTING, exception={com.mongodb.MongoSocketWriteException: Exception sending message}, caused by {javax.net.ssl.SSLException: Received fatal alert: internal_error}}]
	at org.springframework.beans.factory.annotation.AutowiredAnnotationBeanPostProcessor$AutowiredFieldElement.resolveFieldValue(AutowiredAnnotationBeanPostProcessor.java:713)
	at org.springframework.beans.factory.annotation.AutowiredAnnotationBeanPostProcessor$AutowiredFieldElement.inject(AutowiredAnnotationBeanPostProcessor.java:693)
	at org.springframework.beans.factory.annotation.InjectionMetadata.inject(InjectionMetadata.java:119)
	at org.springframework.beans.factory.annotation.AutowiredAnnotationBeanPostProcessor.postProcessProperties(AutowiredAnnotationBeanPostProcessor.java:408)
	at org.springframework.beans.factory.support.AbstractAutowireCapableBeanFactory.populateBean(AbstractAutowireCapableBeanFactory.java:1431)
	at org.springframework.beans.factory.support.AbstractAutowireCapableBeanFactory.doCreateBean(AbstractAutowireCapableBeanFactory.java:619)
	at org.springframework.beans.factory.support.AbstractAutowireCapableBeanFactory.createBean(AbstractAutowireCapableBeanFactory.java:542)
	at org.springframework.beans.factory.support.AbstractBeanFactory.lambda$doGetBean$0(AbstractBeanFactory.java:335)
	at org.springframework.beans.factory.support.DefaultSingletonBeanRegistry.getSingleton(DefaultSingletonBeanRegistry.java:234)
	at org.springframework.beans.factory.support.AbstractBeanFactory.doGetBean(AbstractBeanFactory.java:333)
	at org.springframework.beans.factory.support.AbstractBeanFactory.getBean(AbstractBeanFactory.java:208)
	at org.springframework.beans.factory.support.DefaultListableBeanFactory.preInstantiateSingletons(DefaultListableBeanFactory.java:955)
	at org.springframework.context.support.AbstractApplicationContext.finishBeanFactoryInitialization(AbstractApplicationContext.java:929)
	at org.springframework.context.support.AbstractApplicationContext.refresh(AbstractApplicationContext.java:591)
	at org.springframework.boot.SpringApplication.refresh(SpringApplication.java:732)
	at org.springframework.boot.SpringApplication.refreshContext(SpringApplication.java:409)
	at org.springframework.boot.SpringApplication.run(SpringApplication.java:308)
	at org.springframework.boot.test.context.SpringBootContextLoader.loadContext(SpringBootContextLoader.java:136)
	at org.springframework.test.context.cache.DefaultCacheAwareContextLoaderDelegate.loadContextInternal(DefaultCacheAwareContextLoaderDelegate.java:141)
	at org.springframework.test.context.cache.DefaultCacheAwareContextLoaderDelegate.loadContext(DefaultCacheAwareContextLoaderDelegate.java:90)
	at org.springframework.test.context.support.DefaultTestContext.getApplicationContext(DefaultTestContext.java:124)
	at org.springframework.test.context.web.ServletTestExecutionListener.setUpRequestContextIfNecessary(ServletTestExecutionListener.java:190)
	at org.springframework.test.context.web.ServletTestExecutionListener.prepareTestInstance(ServletTestExecutionListener.java:132)
	at org.springframework.test.context.TestContextManager.prepareTestInstance(TestContextManager.java:248)
	at org.springframework.test.context.junit.jupiter.SpringExtension.postProcessTestInstance(SpringExtension.java:138)
	at org.junit.jupiter.engine.descriptor.ClassBasedTestDescriptor.lambda$invokeTestInstancePostProcessors$8(ClassBasedTestDescriptor.java:363)
	at org.junit.jupiter.engine.descriptor.ClassBasedTestDescriptor.executeAndMaskThrowable(ClassBasedTestDescriptor.java:368)
	at org.junit.jupiter.engine.descriptor.ClassBasedTestDescriptor.lambda$invokeTestInstancePostProcessors$9(ClassBasedTestDescriptor.java:363)
	at java.base/java.util.stream.ReferencePipeline$3$1.accept(ReferencePipeline.java:197)
	at java.base/java.util.stream.ReferencePipeline$2$1.accept(ReferencePipeline.java:179)
	at java.base/java.util.ArrayList$ArrayListSpliterator.forEachRemaining(ArrayList.java:1708)
	at java.base/java.util.stream.AbstractPipeline.copyInto(AbstractPipeline.java:509)
	at java.base/java.util.stream.AbstractPipeline.wrapAndCopyInto(AbstractPipeline.java:499)
	at java.base/java.util.stream.StreamSpliterators$WrappingSpliterator.forEachRemaining(StreamSpliterators.java:310)
	at java.base/java.util.stream.Streams$ConcatSpliterator.forEachRemaining(Streams.java:735)
	at java.base/java.util.stream.Streams$ConcatSpliterator.forEachRemaining(Streams.java:734)
	at java.base/java.util.stream.ReferencePipeline$Head.forEach(ReferencePipeline.java:762)
	at org.junit.jupiter.engine.descriptor.ClassBasedTestDescriptor.invokeTestInstancePostProcessors(ClassBasedTestDescriptor.java:362)
	at org.junit.jupiter.engine.descriptor.ClassBasedTestDescriptor.lambda$instantiateAndPostProcessTestInstance$6(ClassBasedTestDescriptor.java:283)
	at org.junit.platform.engine.support.hierarchical.ThrowableCollector.execute(ThrowableCollector.java:73)
	at org.junit.jupiter.engine.descriptor.ClassBasedTestDescriptor.instantiateAndPostProcessTestInstance(ClassBasedTestDescriptor.java:282)
	at org.junit.jupiter.engine.descriptor.ClassBasedTestDescriptor.lambda$testInstancesProvider$4(ClassBasedTestDescriptor.java:272)
	at java.base/java.util.Optional.orElseGet(Optional.java:364)
	at org.junit.jupiter.engine.descriptor.ClassBasedTestDescriptor.lambda$testInstancesProvider$5(ClassBasedTestDescriptor.java:271)
	at org.junit.jupiter.engine.execution.TestInstancesProvider.getTestInstances(TestInstancesProvider.java:31)
	at org.junit.jupiter.engine.descriptor.TestMethodTestDescriptor.lambda$prepare$0(TestMethodTestDescriptor.java:102)
	at org.junit.platform.engine.support.hierarchical.ThrowableCollector.execute(ThrowableCollector.java:73)
	at org.junit.jupiter.engine.descriptor.TestMethodTestDescriptor.prepare(TestMethodTestDescriptor.java:101)
	at org.junit.jupiter.engine.descriptor.TestMethodTestDescriptor.prepare(TestMethodTestDescriptor.java:66)
	at org.junit.platform.engine.support.hierarchical.NodeTestTask.lambda$prepare$2(NodeTestTask.java:123)
	at org.junit.platform.engine.support.hierarchical.ThrowableCollector.execute(ThrowableCollector.java:73)
	at org.junit.platform.engine.support.hierarchical.NodeTestTask.prepare(NodeTestTask.java:123)
	at org.junit.platform.engine.support.hierarchical.NodeTestTask.execute(NodeTestTask.java:90)
	at java.base/java.util.ArrayList.forEach(ArrayList.java:1596)
	at org.junit.platform.engine.support.hierarchical.SameThreadHierarchicalTestExecutorService.invokeAll(SameThreadHierarchicalTestExecutorService.java:41)
	at org.junit.platform.engine.support.hierarchical.NodeTestTask.lambda$executeRecursively$6(NodeTestTask.java:155)
	at org.junit.platform.engine.support.hierarchical.ThrowableCollector.execute(ThrowableCollector.java:73)
	at org.junit.platform.engine.support.hierarchical.NodeTestTask.lambda$executeRecursively$8(NodeTestTask.java:141)
	at org.junit.platform.engine.support.hierarchical.Node.around(Node.java:137)
	at org.junit.platform.engine.support.hierarchical.NodeTestTask.lambda$executeRecursively$9(NodeTestTask.java:139)
	at org.junit.platform.engine.support.hierarchical.ThrowableCollector.execute(ThrowableCollector.java:73)
	at org.junit.platform.engine.support.hierarchical.NodeTestTask.executeRecursively(NodeTestTask.java:138)
	at org.junit.platform.engine.support.hierarchical.NodeTestTask.execute(NodeTestTask.java:95)
	at java.base/java.util.ArrayList.forEach(ArrayList.java:1596)
	at org.junit.platform.engine.support.hierarchical.SameThreadHierarchicalTestExecutorService.invokeAll(SameThreadHierarchicalTestExecutorService.java:41)
	at org.junit.platform.engine.support.hierarchical.NodeTestTask.lambda$executeRecursively$6(NodeTestTask.java:155)
	at org.junit.platform.engine.support.hierarchical.ThrowableCollector.execute(ThrowableCollector.java:73)
	at org.junit.platform.engine.support.hierarchical.NodeTestTask.lambda$executeRecursively$8(NodeTestTask.java:141)
	at org.junit.platform.engine.support.hierarchical.Node.around(Node.java:137)
	at org.junit.platform.engine.support.hierarchical.NodeTestTask.lambda$executeRecursively$9(NodeTestTask.java:139)
	at org.junit.platform.engine.support.hierarchical.ThrowableCollector.execute(ThrowableCollector.java:73)
	at org.junit.platform.engine.support.hierarchical.NodeTestTask.executeRecursively(NodeTestTask.java:138)
	at org.junit.platform.engine.support.hierarchical.NodeTestTask.execute(NodeTestTask.java:95)
	at org.junit.platform.engine.support.hierarchical.SameThreadHierarchicalTestExecutorService.submit(SameThreadHierarchicalTestExecutorService.java:35)
	at org.junit.platform.engine.support.hierarchical.HierarchicalTestExecutor.execute(HierarchicalTestExecutor.java:57)
	at org.junit.platform.engine.support.hierarchical.HierarchicalTestEngine.execute(HierarchicalTestEngine.java:54)
	at org.junit.platform.launcher.core.EngineExecutionOrchestrator.execute(EngineExecutionOrchestrator.java:107)
	at org.junit.platform.launcher.core.EngineExecutionOrchestrator.execute(EngineExecutionOrchestrator.java:88)
	at org.junit.platform.launcher.core.EngineExecutionOrchestrator.lambda$execute$0(EngineExecutionOrchestrator.java:54)
	at org.junit.platform.launcher.core.EngineExecutionOrchestrator.withInterceptedStreams(EngineExecutionOrchestrator.java:67)
	at org.junit.platform.launcher.core.EngineExecutionOrchestrator.execute(EngineExecutionOrchestrator.java:52)
	at org.junit.platform.launcher.core.DefaultLauncher.execute(DefaultLauncher.java:114)
	at org.junit.platform.launcher.core.DefaultLauncher.execute(DefaultLauncher.java:86)
	at org.junit.platform.launcher.core.DefaultLauncherSession$DelegatingLauncher.execute(DefaultLauncherSession.java:86)
	at org.junit.platform.launcher.core.SessionPerRequestLauncher.execute(SessionPerRequestLauncher.java:53)
	at com.intellij.junit5.JUnit5IdeaTestRunner.startRunnerWithArgs(JUnit5IdeaTestRunner.java:66)
	at com.intellij.rt.junit.IdeaTestRunner$Repeater$1.execute(IdeaTestRunner.java:38)
	at com.intellij.rt.execution.junit.TestsRepeater.repeat(TestsRepeater.java:11)
	at com.intellij.rt.junit.IdeaTestRunner$Repeater.startRunnerWithArgs(IdeaTestRunner.java:35)
	at com.intellij.rt.junit.JUnitStarter.prepareStreamsAndStart(JUnitStarter.java:237)
	at com.intellij.rt.junit.JUnitStarter.main(JUnitStarter.java:58)
Caused by: org.springframework.beans.factory.BeanCreationException: Error creating bean with name 'configJournalAppRepository' defined in com.journalApp.repository.ConfigJournalAppRepository defined in @EnableMongoRepositories declared on MongoRepositoriesRegistrar.EnableMongoRepositoriesConfiguration: Cannot resolve reference to bean 'mongoTemplate' while setting bean property 'mongoOperations'; nested exception is org.springframework.beans.factory.BeanCreationException: Error creating bean with name 'mongoTemplate' defined in class path resource [org/springframework/boot/autoconfigure/data/mongo/MongoDatabaseFactoryDependentConfiguration.class]: Bean instantiation via factory method failed; nested exception is org.springframework.beans.BeanInstantiationException: Failed to instantiate [org.springframework.data.mongodb.core.MongoTemplate]: Factory method 'mongoTemplate' threw exception; nested exception is org.springframework.dao.DataAccessResourceFailureException: Timed out after 30000 ms while waiting for a server that matches com.mongodb.client.internal.MongoClientDelegate$1@7ec3a8bd. Client view of cluster state is {type=REPLICA_SET, servers=[{address=ac-bd180s9-shard-00-00.yvjbs2l.mongodb.net:27017, type=UNKNOWN, state=CONNECTING, exception={com.mongodb.MongoSocketWriteException: Exception sending message}, caused by {javax.net.ssl.SSLException: Received fatal alert: internal_error}}, {address=ac-bd180s9-shard-00-02.yvjbs2l.mongodb.net:27017, type=UNKNOWN, state=CONNECTING, exception={com.mongodb.MongoSocketWriteException: Exception sending message}, caused by {javax.net.ssl.SSLException: Received fatal alert: internal_error}}, {address=ac-bd180s9-shard-00-01.yvjbs2l.mongodb.net:27017, type=UNKNOWN, state=CONNECTING, exception={com.mongodb.MongoSocketWriteException: Exception sending message}, caused by {javax.net.ssl.SSLException: Received fatal alert: internal_error}}]; nested exception is com.mongodb.MongoTimeoutException: Timed out after 30000 ms while waiting for a server that matches com.mongodb.client.internal.MongoClientDelegate$1@7ec3a8bd. Client view of cluster state is {type=REPLICA_SET, servers=[{address=ac-bd180s9-shard-00-00.yvjbs2l.mongodb.net:27017, type=UNKNOWN, state=CONNECTING, exception={com.mongodb.MongoSocketWriteException: Exception sending message}, caused by {javax.net.ssl.SSLException: Received fatal alert: internal_error}}, {address=ac-bd180s9-shard-00-02.yvjbs2l.mongodb.net:27017, type=UNKNOWN, state=CONNECTING, exception={com.mongodb.MongoSocketWriteException: Exception sending message}, caused by {javax.net.ssl.SSLException: Received fatal alert: internal_error}}, {address=ac-bd180s9-shard-00-01.yvjbs2l.mongodb.net:27017, type=UNKNOWN, state=CONNECTING, exception={com.mongodb.MongoSocketWriteException: Exception sending message}, caused by {javax.net.ssl.SSLException: Received fatal alert: internal_error}}]
	at org.springframework.beans.factory.support.BeanDefinitionValueResolver.resolveReference(BeanDefinitionValueResolver.java:342)
	at org.springframework.beans.factory.support.BeanDefinitionValueResolver.resolveValueIfNecessary(BeanDefinitionValueResolver.java:113)
	at org.springframework.beans.factory.support.AbstractAutowireCapableBeanFactory.applyPropertyValues(AbstractAutowireCapableBeanFactory.java:1707)
	at org.springframework.beans.factory.support.AbstractAutowireCapableBeanFactory.populateBean(AbstractAutowireCapableBeanFactory.java:1452)
	at org.springframework.beans.factory.support.AbstractAutowireCapableBeanFactory.doCreateBean(AbstractAutowireCapableBeanFactory.java:619)
	at org.springframework.beans.factory.support.AbstractAutowireCapableBeanFactory.createBean(AbstractAutowireCapableBeanFactory.java:542)
	at org.springframework.beans.factory.support.AbstractBeanFactory.lambda$doGetBean$0(AbstractBeanFactory.java:335)
	at org.springframework.beans.factory.support.DefaultSingletonBeanRegistry.getSingleton(DefaultSingletonBeanRegistry.java:234)
	at org.springframework.beans.factory.support.AbstractBeanFactory.doGetBean(AbstractBeanFactory.java:333)
	at org.springframework.beans.factory.support.AbstractBeanFactory.getBean(AbstractBeanFactory.java:208)
	at org.springframework.beans.factory.config.DependencyDescriptor.resolveCandidate(DependencyDescriptor.java:276)
	at org.springframework.beans.factory.support.DefaultListableBeanFactory.doResolveDependency(DefaultListableBeanFactory.java:1391)
	at org.springframework.beans.factory.support.DefaultListableBeanFactory.resolveDependency(DefaultListableBeanFactory.java:1311)
	at org.springframework.beans.factory.annotation.AutowiredAnnotationBeanPostProcessor$AutowiredFieldElement.resolveFieldValue(AutowiredAnnotationBeanPostProcessor.java:710)
	... 90 common frames omitted
Caused by: org.springframework.beans.factory.BeanCreationException: Error creating bean with name 'mongoTemplate' defined in class path resource [org/springframework/boot/autoconfigure/data/mongo/MongoDatabaseFactoryDependentConfiguration.class]: Bean instantiation via factory method failed; nested exception is org.springframework.beans.BeanInstantiationException: Failed to instantiate [org.springframework.data.mongodb.core.MongoTemplate]: Factory method 'mongoTemplate' threw exception; nested exception is org.springframework.dao.DataAccessResourceFailureException: Timed out after 30000 ms while waiting for a server that matches com.mongodb.client.internal.MongoClientDelegate$1@7ec3a8bd. Client view of cluster state is {type=REPLICA_SET, servers=[{address=ac-bd180s9-shard-00-00.yvjbs2l.mongodb.net:27017, type=UNKNOWN, state=CONNECTING, exception={com.mongodb.MongoSocketWriteException: Exception sending message}, caused by {javax.net.ssl.SSLException: Received fatal alert: internal_error}}, {address=ac-bd180s9-shard-00-02.yvjbs2l.mongodb.net:27017, type=UNKNOWN, state=CONNECTING, exception={com.mongodb.MongoSocketWriteException: Exception sending message}, caused by {javax.net.ssl.SSLException: Received fatal alert: internal_error}}, {address=ac-bd180s9-shard-00-01.yvjbs2l.mongodb.net:27017, type=UNKNOWN, state=CONNECTING, exception={com.mongodb.MongoSocketWriteException: Exception sending message}, caused by {javax.net.ssl.SSLException: Received fatal alert: internal_error}}]; nested exception is com.mongodb.MongoTimeoutException: Timed out after 30000 ms while waiting for a server that matches com.mongodb.client.internal.MongoClientDelegate$1@7ec3a8bd. Client view of cluster state is {type=REPLICA_SET, servers=[{address=ac-bd180s9-shard-00-00.yvjbs2l.mongodb.net:27017, type=UNKNOWN, state=CONNECTING, exception={com.mongodb.MongoSocketWriteException: Exception sending message}, caused by {javax.net.ssl.SSLException: Received fatal alert: internal_error}}, {address=ac-bd180s9-shard-00-02.yvjbs2l.mongodb.net:27017, type=UNKNOWN, state=CONNECTING, exception={com.mongodb.MongoSocketWriteException: Exception sending message}, caused by {javax.net.ssl.SSLException: Received fatal alert: internal_error}}, {address=ac-bd180s9-shard-00-01.yvjbs2l.mongodb.net:27017, type=UNKNOWN, state=CONNECTING, exception={com.mongodb.MongoSocketWriteException: Exception sending message}, caused by {javax.net.ssl.SSLException: Received fatal alert: internal_error}}]
	at org.springframework.beans.factory.support.ConstructorResolver.instantiate(ConstructorResolver.java:653)
	at org.springframework.beans.factory.support.ConstructorResolver.instantiateUsingFactoryMethod(ConstructorResolver.java:633)
	at org.springframework.beans.factory.support.AbstractAutowireCapableBeanFactory.instantiateUsingFactoryMethod(AbstractAutowireCapableBeanFactory.java:1352)
	at org.springframework.beans.factory.support.AbstractAutowireCapableBeanFactory.createBeanInstance(AbstractAutowireCapableBeanFactory.java:1195)
	at org.springframework.beans.factory.support.AbstractAutowireCapableBeanFactory.doCreateBean(AbstractAutowireCapableBeanFactory.java:582)
	at org.springframework.beans.factory.support.AbstractAutowireCapableBeanFactory.createBean(AbstractAutowireCapableBeanFactory.java:542)
	at org.springframework.beans.factory.support.AbstractBeanFactory.lambda$doGetBean$0(AbstractBeanFactory.java:335)
	at org.springframework.beans.factory.support.DefaultSingletonBeanRegistry.getSingleton(DefaultSingletonBeanRegistry.java:234)
	at org.springframework.beans.factory.support.AbstractBeanFactory.doGetBean(AbstractBeanFactory.java:333)
	at org.springframework.beans.factory.support.AbstractBeanFactory.getBean(AbstractBeanFactory.java:208)
	at org.springframework.beans.factory.support.BeanDefinitionValueResolver.resolveReference(BeanDefinitionValueResolver.java:330)
	... 103 common frames omitted
Caused by: org.springframework.beans.BeanInstantiationException: Failed to instantiate [org.springframework.data.mongodb.core.MongoTemplate]: Factory method 'mongoTemplate' threw exception; nested exception is org.springframework.dao.DataAccessResourceFailureException: Timed out after 30000 ms while waiting for a server that matches com.mongodb.client.internal.MongoClientDelegate$1@7ec3a8bd. Client view of cluster state is {type=REPLICA_SET, servers=[{address=ac-bd180s9-shard-00-00.yvjbs2l.mongodb.net:27017, type=UNKNOWN, state=CONNECTING, exception={com.mongodb.MongoSocketWriteException: Exception sending message}, caused by {javax.net.ssl.SSLException: Received fatal alert: internal_error}}, {address=ac-bd180s9-shard-00-02.yvjbs2l.mongodb.net:27017, type=UNKNOWN, state=CONNECTING, exception={com.mongodb.MongoSocketWriteException: Exception sending message}, caused by {javax.net.ssl.SSLException: Received fatal alert: internal_error}}, {address=ac-bd180s9-shard-00-01.yvjbs2l.mongodb.net:27017, type=UNKNOWN, state=CONNECTING, exception={com.mongodb.MongoSocketWriteException: Exception sending message}, caused by {javax.net.ssl.SSLException: Received fatal alert: internal_error}}]; nested exception is com.mongodb.MongoTimeoutException: Timed out after 30000 ms while waiting for a server that matches com.mongodb.client.internal.MongoClientDelegate$1@7ec3a8bd. Client view of cluster state is {type=REPLICA_SET, servers=[{address=ac-bd180s9-shard-00-00.yvjbs2l.mongodb.net:27017, type=UNKNOWN, state=CONNECTING, exception={com.mongodb.MongoSocketWriteException: Exception sending message}, caused by {javax.net.ssl.SSLException: Received fatal alert: internal_error}}, {address=ac-bd180s9-shard-00-02.yvjbs2l.mongodb.net:27017, type=UNKNOWN, state=CONNECTING, exception={com.mongodb.MongoSocketWriteException: Exception sending message}, caused by {javax.net.ssl.SSLException: Received fatal alert: internal_error}}, {address=ac-bd180s9-shard-00-01.yvjbs2l.mongodb.net:27017, type=UNKNOWN, state=CONNECTING, exception={com.mongodb.MongoSocketWriteException: Exception sending message}, caused by {javax.net.ssl.SSLException: Received fatal alert: internal_error}}]
	at org.springframework.beans.factory.support.SimpleInstantiationStrategy.instantiate(SimpleInstantiationStrategy.java:185)
	at org.springframework.beans.factory.support.ConstructorResolver.instantiate(ConstructorResolver.java:648)
	... 113 common frames omitted
Caused by: org.springframework.dao.DataAccessResourceFailureException: Timed out after 30000 ms while waiting for a server that matches com.mongodb.client.internal.MongoClientDelegate$1@7ec3a8bd. Client view of cluster state is {type=REPLICA_SET, servers=[{address=ac-bd180s9-shard-00-00.yvjbs2l.mongodb.net:27017, type=UNKNOWN, state=CONNECTING, exception={com.mongodb.MongoSocketWriteException: Exception sending message}, caused by {javax.net.ssl.SSLException: Received fatal alert: internal_error}}, {address=ac-bd180s9-shard-00-02.yvjbs2l.mongodb.net:27017, type=UNKNOWN, state=CONNECTING, exception={com.mongodb.MongoSocketWriteException: Exception sending message}, caused by {javax.net.ssl.SSLException: Received fatal alert: internal_error}}, {address=ac-bd180s9-shard-00-01.yvjbs2l.mongodb.net:27017, type=UNKNOWN, state=CONNECTING, exception={com.mongodb.MongoSocketWriteException: Exception sending message}, caused by {javax.net.ssl.SSLException: Received fatal alert: internal_error}}]; nested exception is com.mongodb.MongoTimeoutException: Timed out after 30000 ms while waiting for a server that matches com.mongodb.client.internal.MongoClientDelegate$1@7ec3a8bd. Client view of cluster state is {type=REPLICA_SET, servers=[{address=ac-bd180s9-shard-00-00.yvjbs2l.mongodb.net:27017, type=UNKNOWN, state=CONNECTING, exception={com.mongodb.MongoSocketWriteException: Exception sending message}, caused by {javax.net.ssl.SSLException: Received fatal alert: internal_error}}, {address=ac-bd180s9-shard-00-02.yvjbs2l.mongodb.net:27017, type=UNKNOWN, state=CONNECTING, exception={com.mongodb.MongoSocketWriteException: Exception sending message}, caused by {javax.net.ssl.SSLException: Received fatal alert: internal_error}}, {address=ac-bd180s9-shard-00-01.yvjbs2l.mongodb.net:27017, type=UNKNOWN, state=CONNECTING, exception={com.mongodb.MongoSocketWriteException: Exception sending message}, caused by {javax.net.ssl.SSLException: Received fatal alert: internal_error}}]
	at org.springframework.data.mongodb.core.MongoExceptionTranslator.translateExceptionIfPossible(MongoExceptionTranslator.java:95)
	at org.springframework.data.mongodb.core.MongoTemplate.potentiallyConvertRuntimeException(MongoTemplate.java:3029)
	at org.springframework.data.mongodb.core.MongoTemplate.execute(MongoTemplate.java:581)
	at org.springframework.data.mongodb.core.DefaultIndexOperations.execute(DefaultIndexOperations.java:215)
	at org.springframework.data.mongodb.core.DefaultIndexOperations.ensureIndex(DefaultIndexOperations.java:121)
	at org.springframework.data.mongodb.core.index.MongoPersistentEntityIndexCreator.createIndex(MongoPersistentEntityIndexCreator.java:157)
	at org.springframework.data.mongodb.core.index.MongoPersistentEntityIndexCreator.checkForAndCreateIndexes(MongoPersistentEntityIndexCreator.java:147)
	at org.springframework.data.mongodb.core.index.MongoPersistentEntityIndexCreator.checkForIndexes(MongoPersistentEntityIndexCreator.java:131)
	at org.springframework.data.mongodb.core.index.MongoPersistentEntityIndexCreator.<init>(MongoPersistentEntityIndexCreator.java:96)
	at org.springframework.data.mongodb.core.index.MongoPersistentEntityIndexCreator.<init>(MongoPersistentEntityIndexCreator.java:73)
	at org.springframework.data.mongodb.core.MongoTemplate.<init>(MongoTemplate.java:224)
	at org.springframework.boot.autoconfigure.data.mongo.MongoDatabaseFactoryDependentConfiguration.mongoTemplate(MongoDatabaseFactoryDependentConfiguration.java:63)
	at java.base/jdk.internal.reflect.DirectMethodHandleAccessor.invoke(DirectMethodHandleAccessor.java:103)
	at java.base/java.lang.reflect.Method.invoke(Method.java:580)
	at org.springframework.beans.factory.support.SimpleInstantiationStrategy.instantiate(SimpleInstantiationStrategy.java:154)
	... 114 common frames omitted
Caused by: com.mongodb.MongoTimeoutException: Timed out after 30000 ms while waiting for a server that matches com.mongodb.client.internal.MongoClientDelegate$1@7ec3a8bd. Client view of cluster state is {type=REPLICA_SET, servers=[{address=ac-bd180s9-shard-00-00.yvjbs2l.mongodb.net:27017, type=UNKNOWN, state=CONNECTING, exception={com.mongodb.MongoSocketWriteException: Exception sending message}, caused by {javax.net.ssl.SSLException: Received fatal alert: internal_error}}, {address=ac-bd180s9-shard-00-02.yvjbs2l.mongodb.net:27017, type=UNKNOWN, state=CONNECTING, exception={com.mongodb.MongoSocketWriteException: Exception sending message}, caused by {javax.net.ssl.SSLException: Received fatal alert: internal_error}}, {address=ac-bd180s9-shard-00-01.yvjbs2l.mongodb.net:27017, type=UNKNOWN, state=CONNECTING, exception={com.mongodb.MongoSocketWriteException: Exception sending message}, caused by {javax.net.ssl.SSLException: Received fatal alert: internal_error}}]
	at com.mongodb.internal.connection.BaseCluster.createTimeoutException(BaseCluster.java:424)
	at com.mongodb.internal.connection.BaseCluster.selectServer(BaseCluster.java:121)
	at com.mongodb.internal.connection.AbstractMultiServerCluster.selectServer(AbstractMultiServerCluster.java:50)
	at com.mongodb.client.internal.MongoClientDelegate.getConnectedClusterDescription(MongoClientDelegate.java:146)
	at com.mongodb.client.internal.MongoClientDelegate.createClientSession(MongoClientDelegate.java:101)
	at com.mongodb.client.internal.MongoClientDelegate$DelegateOperationExecutor.getClientSession(MongoClientDelegate.java:291)
	at com.mongodb.client.internal.MongoClientDelegate$DelegateOperationExecutor.execute(MongoClientDelegate.java:207)
	at com.mongodb.client.internal.MongoCollectionImpl.executeCreateIndexes(MongoCollectionImpl.java:848)
	at com.mongodb.client.internal.MongoCollectionImpl.createIndexes(MongoCollectionImpl.java:831)
	at com.mongodb.client.internal.MongoCollectionImpl.createIndexes(MongoCollectionImpl.java:826)
	at com.mongodb.client.internal.MongoCollectionImpl.createIndex(MongoCollectionImpl.java:811)
	at org.springframework.data.mongodb.core.DefaultIndexOperations.lambda$ensureIndex$0(DefaultIndexOperations.java:131)
	at org.springframework.data.mongodb.core.MongoTemplate.execute(MongoTemplate.java:579)
	... 126 common frames omitted
2026-08-20 21:51:07 ERROR o.s.test.context.TestContextManager - Caught exception while allowing TestExecutionListener [org.springframework.test.context.web.ServletTestExecutionListener@3b956878] to prepare test instance [com.journalApp.service.EmailServiceTests@4975dda1]
java.lang.IllegalStateException: Failed to load ApplicationContext
	at org.springframework.test.context.cache.DefaultCacheAwareContextLoaderDelegate.loadContext(DefaultCacheAwareContextLoaderDelegate.java:98)
	at org.springframework.test.context.support.DefaultTestContext.getApplicationContext(DefaultTestContext.java:124)
	at org.springframework.test.context.web.ServletTestExecutionListener.setUpRequestContextIfNecessary(ServletTestExecutionListener.java:190)
	at org.springframework.test.context.web.ServletTestExecutionListener.prepareTestInstance(ServletTestExecutionListener.java:132)
	at org.springframework.test.context.TestContextManager.prepareTestInstance(TestContextManager.java:248)
	at org.springframework.test.context.junit.jupiter.SpringExtension.postProcessTestInstance(SpringExtension.java:138)
	at org.junit.jupiter.engine.descriptor.ClassBasedTestDescriptor.lambda$invokeTestInstancePostProcessors$8(ClassBasedTestDescriptor.java:363)
	at org.junit.jupiter.engine.descriptor.ClassBasedTestDescriptor.executeAndMaskThrowable(ClassBasedTestDescriptor.java:368)
	at org.junit.jupiter.engine.descriptor.ClassBasedTestDescriptor.lambda$invokeTestInstancePostProcessors$9(ClassBasedTestDescriptor.java:363)
	at java.base/java.util.stream.ReferencePipeline$3$1.accept(ReferencePipeline.java:197)
	at java.base/java.util.stream.ReferencePipeline$2$1.accept(ReferencePipeline.java:179)
	at java.base/java.util.ArrayList$ArrayListSpliterator.forEachRemaining(ArrayList.java:1708)
	at java.base/java.util.stream.AbstractPipeline.copyInto(AbstractPipeline.java:509)
	at java.base/java.util.stream.AbstractPipeline.wrapAndCopyInto(AbstractPipeline.java:499)
	at java.base/java.util.stream.StreamSpliterators$WrappingSpliterator.forEachRemaining(StreamSpliterators.java:310)
	at java.base/java.util.stream.Streams$ConcatSpliterator.forEachRemaining(Streams.java:735)
	at java.base/java.util.stream.Streams$ConcatSpliterator.forEachRemaining(Streams.java:734)
	at java.base/java.util.stream.ReferencePipeline$Head.forEach(ReferencePipeline.java:762)
	at org.junit.jupiter.engine.descriptor.ClassBasedTestDescriptor.invokeTestInstancePostProcessors(ClassBasedTestDescriptor.java:362)
	at org.junit.jupiter.engine.descriptor.ClassBasedTestDescriptor.lambda$instantiateAndPostProcessTestInstance$6(ClassBasedTestDescriptor.java:283)
	at org.junit.platform.engine.support.hierarchical.ThrowableCollector.execute(ThrowableCollector.java:73)
	at org.junit.jupiter.engine.descriptor.ClassBasedTestDescriptor.instantiateAndPostProcessTestInstance(ClassBasedTestDescriptor.java:282)
	at org.junit.jupiter.engine.descriptor.ClassBasedTestDescriptor.lambda$testInstancesProvider$4(ClassBasedTestDescriptor.java:272)
	at java.base/java.util.Optional.orElseGet(Optional.java:364)
	at org.junit.jupiter.engine.descriptor.ClassBasedTestDescriptor.lambda$testInstancesProvider$5(ClassBasedTestDescriptor.java:271)
	at org.junit.jupiter.engine.execution.TestInstancesProvider.getTestInstances(TestInstancesProvider.java:31)
	at org.junit.jupiter.engine.descriptor.TestMethodTestDescriptor.lambda$prepare$0(TestMethodTestDescriptor.java:102)
	at org.junit.platform.engine.support.hierarchical.ThrowableCollector.execute(ThrowableCollector.java:73)
	at org.junit.jupiter.engine.descriptor.TestMethodTestDescriptor.prepare(TestMethodTestDescriptor.java:101)
	at org.junit.jupiter.engine.descriptor.TestMethodTestDescriptor.prepare(TestMethodTestDescriptor.java:66)
	at org.junit.platform.engine.support.hierarchical.NodeTestTask.lambda$prepare$2(NodeTestTask.java:123)
	at org.junit.platform.engine.support.hierarchical.ThrowableCollector.execute(ThrowableCollector.java:73)
	at org.junit.platform.engine.support.hierarchical.NodeTestTask.prepare(NodeTestTask.java:123)
	at org.junit.platform.engine.support.hierarchical.NodeTestTask.execute(NodeTestTask.java:90)
	at java.base/java.util.ArrayList.forEach(ArrayList.java:1596)
	at org.junit.platform.engine.support.hierarchical.SameThreadHierarchicalTestExecutorService.invokeAll(SameThreadHierarchicalTestExecutorService.java:41)
	at org.junit.platform.engine.support.hierarchical.NodeTestTask.lambda$executeRecursively$6(NodeTestTask.java:155)
	at org.junit.platform.engine.support.hierarchical.ThrowableCollector.execute(ThrowableCollector.java:73)
	at org.junit.platform.engine.support.hierarchical.NodeTestTask.lambda$executeRecursively$8(NodeTestTask.java:141)
	at org.junit.platform.engine.support.hierarchical.Node.around(Node.java:137)
	at org.junit.platform.engine.support.hierarchical.NodeTestTask.lambda$executeRecursively$9(NodeTestTask.java:139)
	at org.junit.platform.engine.support.hierarchical.ThrowableCollector.execute(ThrowableCollector.java:73)
	at org.junit.platform.engine.support.hierarchical.NodeTestTask.executeRecursively(NodeTestTask.java:138)
	at org.junit.platform.engine.support.hierarchical.NodeTestTask.execute(NodeTestTask.java:95)
	at java.base/java.util.ArrayList.forEach(ArrayList.java:1596)
	at org.junit.platform.engine.support.hierarchical.SameThreadHierarchicalTestExecutorService.invokeAll(SameThreadHierarchicalTestExecutorService.java:41)
	at org.junit.platform.engine.support.hierarchical.NodeTestTask.lambda$executeRecursively$6(NodeTestTask.java:155)
	at org.junit.platform.engine.support.hierarchical.ThrowableCollector.execute(ThrowableCollector.java:73)
	at org.junit.platform.engine.support.hierarchical.NodeTestTask.lambda$executeRecursively$8(NodeTestTask.java:141)
	at org.junit.platform.engine.support.hierarchical.Node.around(Node.java:137)
	at org.junit.platform.engine.support.hierarchical.NodeTestTask.lambda$executeRecursively$9(NodeTestTask.java:139)
	at org.junit.platform.engine.support.hierarchical.ThrowableCollector.execute(ThrowableCollector.java:73)
	at org.junit.platform.engine.support.hierarchical.NodeTestTask.executeRecursively(NodeTestTask.java:138)
	at org.junit.platform.engine.support.hierarchical.NodeTestTask.execute(NodeTestTask.java:95)
	at org.junit.platform.engine.support.hierarchical.SameThreadHierarchicalTestExecutorService.submit(SameThreadHierarchicalTestExecutorService.java:35)
	at org.junit.platform.engine.support.hierarchical.HierarchicalTestExecutor.execute(HierarchicalTestExecutor.java:57)
	at org.junit.platform.engine.support.hierarchical.HierarchicalTestEngine.execute(HierarchicalTestEngine.java:54)
	at org.junit.platform.launcher.core.EngineExecutionOrchestrator.execute(EngineExecutionOrchestrator.java:107)
	at org.junit.platform.launcher.core.EngineExecutionOrchestrator.execute(EngineExecutionOrchestrator.java:88)
	at org.junit.platform.launcher.core.EngineExecutionOrchestrator.lambda$execute$0(EngineExecutionOrchestrator.java:54)
	at org.junit.platform.launcher.core.EngineExecutionOrchestrator.withInterceptedStreams(EngineExecutionOrchestrator.java:67)
	at org.junit.platform.launcher.core.EngineExecutionOrchestrator.execute(EngineExecutionOrchestrator.java:52)
	at org.junit.platform.launcher.core.DefaultLauncher.execute(DefaultLauncher.java:114)
	at org.junit.platform.launcher.core.DefaultLauncher.execute(DefaultLauncher.java:86)
	at org.junit.platform.launcher.core.DefaultLauncherSession$DelegatingLauncher.execute(DefaultLauncherSession.java:86)
	at org.junit.platform.launcher.core.SessionPerRequestLauncher.execute(SessionPerRequestLauncher.java:53)
	at com.intellij.junit5.JUnit5IdeaTestRunner.startRunnerWithArgs(JUnit5IdeaTestRunner.java:66)
	at com.intellij.rt.junit.IdeaTestRunner$Repeater$1.execute(IdeaTestRunner.java:38)
	at com.intellij.rt.execution.junit.TestsRepeater.repeat(TestsRepeater.java:11)
	at com.intellij.rt.junit.IdeaTestRunner$Repeater.startRunnerWithArgs(IdeaTestRunner.java:35)
	at com.intellij.rt.junit.JUnitStarter.prepareStreamsAndStart(JUnitStarter.java:237)
	at com.intellij.rt.junit.JUnitStarter.main(JUnitStarter.java:58)
Caused by: org.springframework.beans.factory.UnsatisfiedDependencyException: Error creating bean with name 'appCache': Unsatisfied dependency expressed through field 'configJournalAppRepository'; nested exception is org.springframework.beans.factory.BeanCreationException: Error creating bean with name 'configJournalAppRepository' defined in com.journalApp.repository.ConfigJournalAppRepository defined in @EnableMongoRepositories declared on MongoRepositoriesRegistrar.EnableMongoRepositoriesConfiguration: Cannot resolve reference to bean 'mongoTemplate' while setting bean property 'mongoOperations'; nested exception is org.springframework.beans.factory.BeanCreationException: Error creating bean with name 'mongoTemplate' defined in class path resource [org/springframework/boot/autoconfigure/data/mongo/MongoDatabaseFactoryDependentConfiguration.class]: Bean instantiation via factory method failed; nested exception is org.springframework.beans.BeanInstantiationException: Failed to instantiate [org.springframework.data.mongodb.core.MongoTemplate]: Factory method 'mongoTemplate' threw exception; nested exception is org.springframework.dao.DataAccessResourceFailureException: Timed out after 30000 ms while waiting for a server that matches com.mongodb.client.internal.MongoClientDelegate$1@7ec3a8bd. Client view of cluster state is {type=REPLICA_SET, servers=[{address=ac-bd180s9-shard-00-00.yvjbs2l.mongodb.net:27017, type=UNKNOWN, state=CONNECTING, exception={com.mongodb.MongoSocketWriteException: Exception sending message}, caused by {javax.net.ssl.SSLException: Received fatal alert: internal_error}}, {address=ac-bd180s9-shard-00-02.yvjbs2l.mongodb.net:27017, type=UNKNOWN, state=CONNECTING, exception={com.mongodb.MongoSocketWriteException: Exception sending message}, caused by {javax.net.ssl.SSLException: Received fatal alert: internal_error}}, {address=ac-bd180s9-shard-00-01.yvjbs2l.mongodb.net:27017, type=UNKNOWN, state=CONNECTING, exception={com.mongodb.MongoSocketWriteException: Exception sending message}, caused by {javax.net.ssl.SSLException: Received fatal alert: internal_error}}]; nested exception is com.mongodb.MongoTimeoutException: Timed out after 30000 ms while waiting for a server that matches com.mongodb.client.internal.MongoClientDelegate$1@7ec3a8bd. Client view of cluster state is {type=REPLICA_SET, servers=[{address=ac-bd180s9-shard-00-00.yvjbs2l.mongodb.net:27017, type=UNKNOWN, state=CONNECTING, exception={com.mongodb.MongoSocketWriteException: Exception sending message}, caused by {javax.net.ssl.SSLException: Received fatal alert: internal_error}}, {address=ac-bd180s9-shard-00-02.yvjbs2l.mongodb.net:27017, type=UNKNOWN, state=CONNECTING, exception={com.mongodb.MongoSocketWriteException: Exception sending message}, caused by {javax.net.ssl.SSLException: Received fatal alert: internal_error}}, {address=ac-bd180s9-shard-00-01.yvjbs2l.mongodb.net:27017, type=UNKNOWN, state=CONNECTING, exception={com.mongodb.MongoSocketWriteException: Exception sending message}, caused by {javax.net.ssl.SSLException: Received fatal alert: internal_error}}]
	at org.springframework.beans.factory.annotation.AutowiredAnnotationBeanPostProcessor$AutowiredFieldElement.resolveFieldValue(AutowiredAnnotationBeanPostProcessor.java:713)
	at org.springframework.beans.factory.annotation.AutowiredAnnotationBeanPostProcessor$AutowiredFieldElement.inject(AutowiredAnnotationBeanPostProcessor.java:693)
	at org.springframework.beans.factory.annotation.InjectionMetadata.inject(InjectionMetadata.java:119)
	at org.springframework.beans.factory.annotation.AutowiredAnnotationBeanPostProcessor.postProcessProperties(AutowiredAnnotationBeanPostProcessor.java:408)
	at org.springframework.beans.factory.support.AbstractAutowireCapableBeanFactory.populateBean(AbstractAutowireCapableBeanFactory.java:1431)
	at org.springframework.beans.factory.support.AbstractAutowireCapableBeanFactory.doCreateBean(AbstractAutowireCapableBeanFactory.java:619)
	at org.springframework.beans.factory.support.AbstractAutowireCapableBeanFactory.createBean(AbstractAutowireCapableBeanFactory.java:542)
	at org.springframework.beans.factory.support.AbstractBeanFactory.lambda$doGetBean$0(AbstractBeanFactory.java:335)
	at org.springframework.beans.factory.support.DefaultSingletonBeanRegistry.getSingleton(DefaultSingletonBeanRegistry.java:234)
	at org.springframework.beans.factory.support.AbstractBeanFactory.doGetBean(AbstractBeanFactory.java:333)
	at org.springframework.beans.factory.support.AbstractBeanFactory.getBean(AbstractBeanFactory.java:208)
	at org.springframework.beans.factory.support.DefaultListableBeanFactory.preInstantiateSingletons(DefaultListableBeanFactory.java:955)
	at org.springframework.context.support.AbstractApplicationContext.finishBeanFactoryInitialization(AbstractApplicationContext.java:929)
	at org.springframework.context.support.AbstractApplicationContext.refresh(AbstractApplicationContext.java:591)
	at org.springframework.boot.SpringApplication.refresh(SpringApplication.java:732)
	at org.springframework.boot.SpringApplication.refreshContext(SpringApplication.java:409)
	at org.springframework.boot.SpringApplication.run(SpringApplication.java:308)
	at org.springframework.boot.test.context.SpringBootContextLoader.loadContext(SpringBootContextLoader.java:136)
	at org.springframework.test.context.cache.DefaultCacheAwareContextLoaderDelegate.loadContextInternal(DefaultCacheAwareContextLoaderDelegate.java:141)
	at org.springframework.test.context.cache.DefaultCacheAwareContextLoaderDelegate.loadContext(DefaultCacheAwareContextLoaderDelegate.java:90)
	... 71 common frames omitted
Caused by: org.springframework.beans.factory.BeanCreationException: Error creating bean with name 'configJournalAppRepository' defined in com.journalApp.repository.ConfigJournalAppRepository defined in @EnableMongoRepositories declared on MongoRepositoriesRegistrar.EnableMongoRepositoriesConfiguration: Cannot resolve reference to bean 'mongoTemplate' while setting bean property 'mongoOperations'; nested exception is org.springframework.beans.factory.BeanCreationException: Error creating bean with name 'mongoTemplate' defined in class path resource [org/springframework/boot/autoconfigure/data/mongo/MongoDatabaseFactoryDependentConfiguration.class]: Bean instantiation via factory method failed; nested exception is org.springframework.beans.BeanInstantiationException: Failed to instantiate [org.springframework.data.mongodb.core.MongoTemplate]: Factory method 'mongoTemplate' threw exception; nested exception is org.springframework.dao.DataAccessResourceFailureException: Timed out after 30000 ms while waiting for a server that matches com.mongodb.client.internal.MongoClientDelegate$1@7ec3a8bd. Client view of cluster state is {type=REPLICA_SET, servers=[{address=ac-bd180s9-shard-00-00.yvjbs2l.mongodb.net:27017, type=UNKNOWN, state=CONNECTING, exception={com.mongodb.MongoSocketWriteException: Exception sending message}, caused by {javax.net.ssl.SSLException: Received fatal alert: internal_error}}, {address=ac-bd180s9-shard-00-02.yvjbs2l.mongodb.net:27017, type=UNKNOWN, state=CONNECTING, exception={com.mongodb.MongoSocketWriteException: Exception sending message}, caused by {javax.net.ssl.SSLException: Received fatal alert: internal_error}}, {address=ac-bd180s9-shard-00-01.yvjbs2l.mongodb.net:27017, type=UNKNOWN, state=CONNECTING, exception={com.mongodb.MongoSocketWriteException: Exception sending message}, caused by {javax.net.ssl.SSLException: Received fatal alert: internal_error}}]; nested exception is com.mongodb.MongoTimeoutException: Timed out after 30000 ms while waiting for a server that matches com.mongodb.client.internal.MongoClientDelegate$1@7ec3a8bd. Client view of cluster state is {type=REPLICA_SET, servers=[{address=ac-bd180s9-shard-00-00.yvjbs2l.mongodb.net:27017, type=UNKNOWN, state=CONNECTING, exception={com.mongodb.MongoSocketWriteException: Exception sending message}, caused by {javax.net.ssl.SSLException: Received fatal alert: internal_error}}, {address=ac-bd180s9-shard-00-02.yvjbs2l.mongodb.net:27017, type=UNKNOWN, state=CONNECTING, exception={com.mongodb.MongoSocketWriteException: Exception sending message}, caused by {javax.net.ssl.SSLException: Received fatal alert: internal_error}}, {address=ac-bd180s9-shard-00-01.yvjbs2l.mongodb.net:27017, type=UNKNOWN, state=CONNECTING, exception={com.mongodb.MongoSocketWriteException: Exception sending message}, caused by {javax.net.ssl.SSLException: Received fatal alert: internal_error}}]
	at org.springframework.beans.factory.support.BeanDefinitionValueResolver.resolveReference(BeanDefinitionValueResolver.java:342)
	at org.springframework.beans.factory.support.BeanDefinitionValueResolver.resolveValueIfNecessary(BeanDefinitionValueResolver.java:113)
	at org.springframework.beans.factory.support.AbstractAutowireCapableBeanFactory.applyPropertyValues(AbstractAutowireCapableBeanFactory.java:1707)
	at org.springframework.beans.factory.support.AbstractAutowireCapableBeanFactory.populateBean(AbstractAutowireCapableBeanFactory.java:1452)
	at org.springframework.beans.factory.support.AbstractAutowireCapableBeanFactory.doCreateBean(AbstractAutowireCapableBeanFactory.java:619)
	at org.springframework.beans.factory.support.AbstractAutowireCapableBeanFactory.createBean(AbstractAutowireCapableBeanFactory.java:542)
	at org.springframework.beans.factory.support.AbstractBeanFactory.lambda$doGetBean$0(AbstractBeanFactory.java:335)
	at org.springframework.beans.factory.support.DefaultSingletonBeanRegistry.getSingleton(DefaultSingletonBeanRegistry.java:234)
	at org.springframework.beans.factory.support.AbstractBeanFactory.doGetBean(AbstractBeanFactory.java:333)
	at org.springframework.beans.factory.support.AbstractBeanFactory.getBean(AbstractBeanFactory.java:208)
	at org.springframework.beans.factory.config.DependencyDescriptor.resolveCandidate(DependencyDescriptor.java:276)
	at org.springframework.beans.factory.support.DefaultListableBeanFactory.doResolveDependency(DefaultListableBeanFactory.java:1391)
	at org.springframework.beans.factory.support.DefaultListableBeanFactory.resolveDependency(DefaultListableBeanFactory.java:1311)
	at org.springframework.beans.factory.annotation.AutowiredAnnotationBeanPostProcessor$AutowiredFieldElement.resolveFieldValue(AutowiredAnnotationBeanPostProcessor.java:710)
	... 90 common frames omitted
Caused by: org.springframework.beans.factory.BeanCreationException: Error creating bean with name 'mongoTemplate' defined in class path resource [org/springframework/boot/autoconfigure/data/mongo/MongoDatabaseFactoryDependentConfiguration.class]: Bean instantiation via factory method failed; nested exception is org.springframework.beans.BeanInstantiationException: Failed to instantiate [org.springframework.data.mongodb.core.MongoTemplate]: Factory method 'mongoTemplate' threw exception; nested exception is org.springframework.dao.DataAccessResourceFailureException: Timed out after 30000 ms while waiting for a server that matches com.mongodb.client.internal.MongoClientDelegate$1@7ec3a8bd. Client view of cluster state is {type=REPLICA_SET, servers=[{address=ac-bd180s9-shard-00-00.yvjbs2l.mongodb.net:27017, type=UNKNOWN, state=CONNECTING, exception={com.mongodb.MongoSocketWriteException: Exception sending message}, caused by {javax.net.ssl.SSLException: Received fatal alert: internal_error}}, {address=ac-bd180s9-shard-00-02.yvjbs2l.mongodb.net:27017, type=UNKNOWN, state=CONNECTING, exception={com.mongodb.MongoSocketWriteException: Exception sending message}, caused by {javax.net.ssl.SSLException: Received fatal alert: internal_error}}, {address=ac-bd180s9-shard-00-01.yvjbs2l.mongodb.net:27017, type=UNKNOWN, state=CONNECTING, exception={com.mongodb.MongoSocketWriteException: Exception sending message}, caused by {javax.net.ssl.SSLException: Received fatal alert: internal_error}}]; nested exception is com.mongodb.MongoTimeoutException: Timed out after 30000 ms while waiting for a server that matches com.mongodb.client.internal.MongoClientDelegate$1@7ec3a8bd. Client view of cluster state is {type=REPLICA_SET, servers=[{address=ac-bd180s9-shard-00-00.yvjbs2l.mongodb.net:27017, type=UNKNOWN, state=CONNECTING, exception={com.mongodb.MongoSocketWriteException: Exception sending message}, caused by {javax.net.ssl.SSLException: Received fatal alert: internal_error}}, {address=ac-bd180s9-shard-00-02.yvjbs2l.mongodb.net:27017, type=UNKNOWN, state=CONNECTING, exception={com.mongodb.MongoSocketWriteException: Exception sending message}, caused by {javax.net.ssl.SSLException: Received fatal alert: internal_error}}, {address=ac-bd180s9-shard-00-01.yvjbs2l.mongodb.net:27017, type=UNKNOWN, state=CONNECTING, exception={com.mongodb.MongoSocketWriteException: Exception sending message}, caused by {javax.net.ssl.SSLException: Received fatal alert: internal_error}}]
	at org.springframework.beans.factory.support.ConstructorResolver.instantiate(ConstructorResolver.java:653)
	at org.springframework.beans.factory.support.ConstructorResolver.instantiateUsingFactoryMethod(ConstructorResolver.java:633)
	at org.springframework.beans.factory.support.AbstractAutowireCapableBeanFactory.instantiateUsingFactoryMethod(AbstractAutowireCapableBeanFactory.java:1352)
	at org.springframework.beans.factory.support.AbstractAutowireCapableBeanFactory.createBeanInstance(AbstractAutowireCapableBeanFactory.java:1195)
	at org.springframework.beans.factory.support.AbstractAutowireCapableBeanFactory.doCreateBean(AbstractAutowireCapableBeanFactory.java:582)
	at org.springframework.beans.factory.support.AbstractAutowireCapableBeanFactory.createBean(AbstractAutowireCapableBeanFactory.java:542)
	at org.springframework.beans.factory.support.AbstractBeanFactory.lambda$doGetBean$0(AbstractBeanFactory.java:335)
	at org.springframework.beans.factory.support.DefaultSingletonBeanRegistry.getSingleton(DefaultSingletonBeanRegistry.java:234)
	at org.springframework.beans.factory.support.AbstractBeanFactory.doGetBean(AbstractBeanFactory.java:333)
	at org.springframework.beans.factory.support.AbstractBeanFactory.getBean(AbstractBeanFactory.java:208)
	at org.springframework.beans.factory.support.BeanDefinitionValueResolver.resolveReference(BeanDefinitionValueResolver.java:330)
	... 103 common frames omitted
Caused by: org.springframework.beans.BeanInstantiationException: Failed to instantiate [org.springframework.data.mongodb.core.MongoTemplate]: Factory method 'mongoTemplate' threw exception; nested exception is org.springframework.dao.DataAccessResourceFailureException: Timed out after 30000 ms while waiting for a server that matches com.mongodb.client.internal.MongoClientDelegate$1@7ec3a8bd. Client view of cluster state is {type=REPLICA_SET, servers=[{address=ac-bd180s9-shard-00-00.yvjbs2l.mongodb.net:27017, type=UNKNOWN, state=CONNECTING, exception={com.mongodb.MongoSocketWriteException: Exception sending message}, caused by {javax.net.ssl.SSLException: Received fatal alert: internal_error}}, {address=ac-bd180s9-shard-00-02.yvjbs2l.mongodb.net:27017, type=UNKNOWN, state=CONNECTING, exception={com.mongodb.MongoSocketWriteException: Exception sending message}, caused by {javax.net.ssl.SSLException: Received fatal alert: internal_error}}, {address=ac-bd180s9-shard-00-01.yvjbs2l.mongodb.net:27017, type=UNKNOWN, state=CONNECTING, exception={com.mongodb.MongoSocketWriteException: Exception sending message}, caused by {javax.net.ssl.SSLException: Received fatal alert: internal_error}}]; nested exception is com.mongodb.MongoTimeoutException: Timed out after 30000 ms while waiting for a server that matches com.mongodb.client.internal.MongoClientDelegate$1@7ec3a8bd. Client view of cluster state is {type=REPLICA_SET, servers=[{address=ac-bd180s9-shard-00-00.yvjbs2l.mongodb.net:27017, type=UNKNOWN, state=CONNECTING, exception={com.mongodb.MongoSocketWriteException: Exception sending message}, caused by {javax.net.ssl.SSLException: Received fatal alert: internal_error}}, {address=ac-bd180s9-shard-00-02.yvjbs2l.mongodb.net:27017, type=UNKNOWN, state=CONNECTING, exception={com.mongodb.MongoSocketWriteException: Exception sending message}, caused by {javax.net.ssl.SSLException: Received fatal alert: internal_error}}, {address=ac-bd180s9-shard-00-01.yvjbs2l.mongodb.net:27017, type=UNKNOWN, state=CONNECTING, exception={com.mongodb.MongoSocketWriteException: Exception sending message}, caused by {javax.net.ssl.SSLException: Received fatal alert: internal_error}}]
	at org.springframework.beans.factory.support.SimpleInstantiationStrategy.instantiate(SimpleInstantiationStrategy.java:185)
	at org.springframework.beans.factory.support.ConstructorResolver.instantiate(ConstructorResolver.java:648)
	... 113 common frames omitted
Caused by: org.springframework.dao.DataAccessResourceFailureException: Timed out after 30000 ms while waiting for a server that matches com.mongodb.client.internal.MongoClientDelegate$1@7ec3a8bd. Client view of cluster state is {type=REPLICA_SET, servers=[{address=ac-bd180s9-shard-00-00.yvjbs2l.mongodb.net:27017, type=UNKNOWN, state=CONNECTING, exception={com.mongodb.MongoSocketWriteException: Exception sending message}, caused by {javax.net.ssl.SSLException: Received fatal alert: internal_error}}, {address=ac-bd180s9-shard-00-02.yvjbs2l.mongodb.net:27017, type=UNKNOWN, state=CONNECTING, exception={com.mongodb.MongoSocketWriteException: Exception sending message}, caused by {javax.net.ssl.SSLException: Received fatal alert: internal_error}}, {address=ac-bd180s9-shard-00-01.yvjbs2l.mongodb.net:27017, type=UNKNOWN, state=CONNECTING, exception={com.mongodb.MongoSocketWriteException: Exception sending message}, caused by {javax.net.ssl.SSLException: Received fatal alert: internal_error}}]; nested exception is com.mongodb.MongoTimeoutException: Timed out after 30000 ms while waiting for a server that matches com.mongodb.client.internal.MongoClientDelegate$1@7ec3a8bd. Client view of cluster state is {type=REPLICA_SET, servers=[{address=ac-bd180s9-shard-00-00.yvjbs2l.mongodb.net:27017, type=UNKNOWN, state=CONNECTING, exception={com.mongodb.MongoSocketWriteException: Exception sending message}, caused by {javax.net.ssl.SSLException: Received fatal alert: internal_error}}, {address=ac-bd180s9-shard-00-02.yvjbs2l.mongodb.net:27017, type=UNKNOWN, state=CONNECTING, exception={com.mongodb.MongoSocketWriteException: Exception sending message}, caused by {javax.net.ssl.SSLException: Received fatal alert: internal_error}}, {address=ac-bd180s9-shard-00-01.yvjbs2l.mongodb.net:27017, type=UNKNOWN, state=CONNECTING, exception={com.mongodb.MongoSocketWriteException: Exception sending message}, caused by {javax.net.ssl.SSLException: Received fatal alert: internal_error}}]
	at org.springframework.data.mongodb.core.MongoExceptionTranslator.translateExceptionIfPossible(MongoExceptionTranslator.java:95)
	at org.springframework.data.mongodb.core.MongoTemplate.potentiallyConvertRuntimeException(MongoTemplate.java:3029)
	at org.springframework.data.mongodb.core.MongoTemplate.execute(MongoTemplate.java:581)
	at org.springframework.data.mongodb.core.DefaultIndexOperations.execute(DefaultIndexOperations.java:215)
	at org.springframework.data.mongodb.core.DefaultIndexOperations.ensureIndex(DefaultIndexOperations.java:121)
	at org.springframework.data.mongodb.core.index.MongoPersistentEntityIndexCreator.createIndex(MongoPersistentEntityIndexCreator.java:157)
	at org.springframework.data.mongodb.core.index.MongoPersistentEntityIndexCreator.checkForAndCreateIndexes(MongoPersistentEntityIndexCreator.java:147)
	at org.springframework.data.mongodb.core.index.MongoPersistentEntityIndexCreator.checkForIndexes(MongoPersistentEntityIndexCreator.java:131)
	at org.springframework.data.mongodb.core.index.MongoPersistentEntityIndexCreator.<init>(MongoPersistentEntityIndexCreator.java:96)
	at org.springframework.data.mongodb.core.index.MongoPersistentEntityIndexCreator.<init>(MongoPersistentEntityIndexCreator.java:73)
	at org.springframework.data.mongodb.core.MongoTemplate.<init>(MongoTemplate.java:224)
	at org.springframework.boot.autoconfigure.data.mongo.MongoDatabaseFactoryDependentConfiguration.mongoTemplate(MongoDatabaseFactoryDependentConfiguration.java:63)
	at java.base/jdk.internal.reflect.DirectMethodHandleAccessor.invoke(DirectMethodHandleAccessor.java:103)
	at java.base/java.lang.reflect.Method.invoke(Method.java:580)
	at org.springframework.beans.factory.support.SimpleInstantiationStrategy.instantiate(SimpleInstantiationStrategy.java:154)
	... 114 common frames omitted
Caused by: com.mongodb.MongoTimeoutException: Timed out after 30000 ms while waiting for a server that matches com.mongodb.client.internal.MongoClientDelegate$1@7ec3a8bd. Client view of cluster state is {type=REPLICA_SET, servers=[{address=ac-bd180s9-shard-00-00.yvjbs2l.mongodb.net:27017, type=UNKNOWN, state=CONNECTING, exception={com.mongodb.MongoSocketWriteException: Exception sending message}, caused by {javax.net.ssl.SSLException: Received fatal alert: internal_error}}, {address=ac-bd180s9-shard-00-02.yvjbs2l.mongodb.net:27017, type=UNKNOWN, state=CONNECTING, exception={com.mongodb.MongoSocketWriteException: Exception sending message}, caused by {javax.net.ssl.SSLException: Received fatal alert: internal_error}}, {address=ac-bd180s9-shard-00-01.yvjbs2l.mongodb.net:27017, type=UNKNOWN, state=CONNECTING, exception={com.mongodb.MongoSocketWriteException: Exception sending message}, caused by {javax.net.ssl.SSLException: Received fatal alert: internal_error}}]
	at com.mongodb.internal.connection.BaseCluster.createTimeoutException(BaseCluster.java:424)
	at com.mongodb.internal.connection.BaseCluster.selectServer(BaseCluster.java:121)
	at com.mongodb.internal.connection.AbstractMultiServerCluster.selectServer(AbstractMultiServerCluster.java:50)
	at com.mongodb.client.internal.MongoClientDelegate.getConnectedClusterDescription(MongoClientDelegate.java:146)
	at com.mongodb.client.internal.MongoClientDelegate.createClientSession(MongoClientDelegate.java:101)
	at com.mongodb.client.internal.MongoClientDelegate$DelegateOperationExecutor.getClientSession(MongoClientDelegate.java:291)
	at com.mongodb.client.internal.MongoClientDelegate$DelegateOperationExecutor.execute(MongoClientDelegate.java:207)
	at com.mongodb.client.internal.MongoCollectionImpl.executeCreateIndexes(MongoCollectionImpl.java:848)
	at com.mongodb.client.internal.MongoCollectionImpl.createIndexes(MongoCollectionImpl.java:831)
	at com.mongodb.client.internal.MongoCollectionImpl.createIndexes(MongoCollectionImpl.java:826)
	at com.mongodb.client.internal.MongoCollectionImpl.createIndex(MongoCollectionImpl.java:811)
	at org.springframework.data.mongodb.core.DefaultIndexOperations.lambda$ensureIndex$0(DefaultIndexOperations.java:131)
	at org.springframework.data.mongodb.core.MongoTemplate.execute(MongoTemplate.java:579)
	... 126 common frames omitted
2026-08-20 21:51:08 WARN  o.s.w.c.s.GenericWebApplicationContext - Exception encountered during context initialization - cancelling refresh attempt: org.springframework.beans.factory.UnsatisfiedDependencyException: Error creating bean with name 'appCache': Unsatisfied dependency expressed through field 'configJournalAppRepository'; nested exception is org.springframework.beans.factory.BeanCreationException: Error creating bean with name 'configJournalAppRepository' defined in com.journalApp.repository.ConfigJournalAppRepository defined in @EnableMongoRepositories declared on MongoRepositoriesRegistrar.EnableMongoRepositoriesConfiguration: Cannot resolve reference to bean 'mongoTemplate' while setting bean property 'mongoOperations'; nested exception is org.springframework.beans.factory.BeanCreationException: Error creating bean with name 'mongoTemplate' defined in class path resource [org/springframework/boot/autoconfigure/data/mongo/MongoDatabaseFactoryDependentConfiguration.class]: Bean instantiation via factory method failed; nested exception is org.springframework.beans.BeanInstantiationException: Failed to instantiate [org.springframework.data.mongodb.core.MongoTemplate]: Factory method 'mongoTemplate' threw exception; nested exception is org.springframework.dao.DataAccessResourceFailureException: Timed out after 30000 ms while waiting for a server that matches com.mongodb.client.internal.MongoClientDelegate$1@781654f8. Client view of cluster state is {type=REPLICA_SET, servers=[{address=ac-bd180s9-shard-00-00.yvjbs2l.mongodb.net:27017, type=UNKNOWN, state=CONNECTING, exception={com.mongodb.MongoSocketWriteException: Exception sending message}, caused by {javax.net.ssl.SSLException: Received fatal alert: internal_error}}, {address=ac-bd180s9-shard-00-02.yvjbs2l.mongodb.net:27017, type=UNKNOWN, state=CONNECTING, exception={com.mongodb.MongoSocketWriteException: Exception sending message}, caused by {javax.net.ssl.SSLException: Received fatal alert: internal_error}}, {address=ac-bd180s9-shard-00-01.yvjbs2l.mongodb.net:27017, type=UNKNOWN, state=CONNECTING, exception={com.mongodb.MongoSocketWriteException: Exception sending message}, caused by {javax.net.ssl.SSLException: Received fatal alert: internal_error}}]; nested exception is com.mongodb.MongoTimeoutException: Timed out after 30000 ms while waiting for a server that matches com.mongodb.client.internal.MongoClientDelegate$1@781654f8. Client view of cluster state is {type=REPLICA_SET, servers=[{address=ac-bd180s9-shard-00-00.yvjbs2l.mongodb.net:27017, type=UNKNOWN, state=CONNECTING, exception={com.mongodb.MongoSocketWriteException: Exception sending message}, caused by {javax.net.ssl.SSLException: Received fatal alert: internal_error}}, {address=ac-bd180s9-shard-00-02.yvjbs2l.mongodb.net:27017, type=UNKNOWN, state=CONNECTING, exception={com.mongodb.MongoSocketWriteException: Exception sending message}, caused by {javax.net.ssl.SSLException: Received fatal alert: internal_error}}, {address=ac-bd180s9-shard-00-01.yvjbs2l.mongodb.net:27017, type=UNKNOWN, state=CONNECTING, exception={com.mongodb.MongoSocketWriteException: Exception sending message}, caused by {javax.net.ssl.SSLException: Received fatal alert: internal_error}}]
2026-08-20 21:51:08 INFO  o.s.b.a.l.ConditionEvaluationReportLoggingListener - 

Error starting ApplicationContext. To display the conditions report re-run your application with 'debug' enabled.
2026-08-20 21:51:09 ERROR o.s.boot.SpringApplication - Application run failed
org.springframework.beans.factory.UnsatisfiedDependencyException: Error creating bean with name 'appCache': Unsatisfied dependency expressed through field 'configJournalAppRepository'; nested exception is org.springframework.beans.factory.BeanCreationException: Error creating bean with name 'configJournalAppRepository' defined in com.journalApp.repository.ConfigJournalAppRepository defined in @EnableMongoRepositories declared on MongoRepositoriesRegistrar.EnableMongoRepositoriesConfiguration: Cannot resolve reference to bean 'mongoTemplate' while setting bean property 'mongoOperations'; nested exception is org.springframework.beans.factory.BeanCreationException: Error creating bean with name 'mongoTemplate' defined in class path resource [org/springframework/boot/autoconfigure/data/mongo/MongoDatabaseFactoryDependentConfiguration.class]: Bean instantiation via factory method failed; nested exception is org.springframework.beans.BeanInstantiationException: Failed to instantiate [org.springframework.data.mongodb.core.MongoTemplate]: Factory method 'mongoTemplate' threw exception; nested exception is org.springframework.dao.DataAccessResourceFailureException: Timed out after 30000 ms while waiting for a server that matches com.mongodb.client.internal.MongoClientDelegate$1@781654f8. Client view of cluster state is {type=REPLICA_SET, servers=[{address=ac-bd180s9-shard-00-00.yvjbs2l.mongodb.net:27017, type=UNKNOWN, state=CONNECTING, exception={com.mongodb.MongoSocketWriteException: Exception sending message}, caused by {javax.net.ssl.SSLException: Received fatal alert: internal_error}}, {address=ac-bd180s9-shard-00-02.yvjbs2l.mongodb.net:27017, type=UNKNOWN, state=CONNECTING, exception={com.mongodb.MongoSocketWriteException: Exception sending message}, caused by {javax.net.ssl.SSLException: Received fatal alert: internal_error}}, {address=ac-bd180s9-shard-00-01.yvjbs2l.mongodb.net:27017, type=UNKNOWN, state=CONNECTING, exception={com.mongodb.MongoSocketWriteException: Exception sending message}, caused by {javax.net.ssl.SSLException: Received fatal alert: internal_error}}]; nested exception is com.mongodb.MongoTimeoutException: Timed out after 30000 ms while waiting for a server that matches com.mongodb.client.internal.MongoClientDelegate$1@781654f8. Client view of cluster state is {type=REPLICA_SET, servers=[{address=ac-bd180s9-shard-00-00.yvjbs2l.mongodb.net:27017, type=UNKNOWN, state=CONNECTING, exception={com.mongodb.MongoSocketWriteException: Exception sending message}, caused by {javax.net.ssl.SSLException: Received fatal alert: internal_error}}, {address=ac-bd180s9-shard-00-02.yvjbs2l.mongodb.net:27017, type=UNKNOWN, state=CONNECTING, exception={com.mongodb.MongoSocketWriteException: Exception sending message}, caused by {javax.net.ssl.SSLException: Received fatal alert: internal_error}}, {address=ac-bd180s9-shard-00-01.yvjbs2l.mongodb.net:27017, type=UNKNOWN, state=CONNECTING, exception={com.mongodb.MongoSocketWriteException: Exception sending message}, caused by {javax.net.ssl.SSLException: Received fatal alert: internal_error}}]
	at org.springframework.beans.factory.annotation.AutowiredAnnotationBeanPostProcessor$AutowiredFieldElement.resolveFieldValue(AutowiredAnnotationBeanPostProcessor.java:713)
	at org.springframework.beans.factory.annotation.AutowiredAnnotationBeanPostProcessor$AutowiredFieldElement.inject(AutowiredAnnotationBeanPostProcessor.java:693)
	at org.springframework.beans.factory.annotation.InjectionMetadata.inject(InjectionMetadata.java:119)
	at org.springframework.beans.factory.annotation.AutowiredAnnotationBeanPostProcessor.postProcessProperties(AutowiredAnnotationBeanPostProcessor.java:408)
	at org.springframework.beans.factory.support.AbstractAutowireCapableBeanFactory.populateBean(AbstractAutowireCapableBeanFactory.java:1431)
	at org.springframework.beans.factory.support.AbstractAutowireCapableBeanFactory.doCreateBean(AbstractAutowireCapableBeanFactory.java:619)
	at org.springframework.beans.factory.support.AbstractAutowireCapableBeanFactory.createBean(AbstractAutowireCapableBeanFactory.java:542)
	at org.springframework.beans.factory.support.AbstractBeanFactory.lambda$doGetBean$0(AbstractBeanFactory.java:335)
	at org.springframework.beans.factory.support.DefaultSingletonBeanRegistry.getSingleton(DefaultSingletonBeanRegistry.java:234)
	at org.springframework.beans.factory.support.AbstractBeanFactory.doGetBean(AbstractBeanFactory.java:333)
	at org.springframework.beans.factory.support.AbstractBeanFactory.getBean(AbstractBeanFactory.java:208)
	at org.springframework.beans.factory.support.DefaultListableBeanFactory.preInstantiateSingletons(DefaultListableBeanFactory.java:955)
	at org.springframework.context.support.AbstractApplicationContext.finishBeanFactoryInitialization(AbstractApplicationContext.java:929)
	at org.springframework.context.support.AbstractApplicationContext.refresh(AbstractApplicationContext.java:591)
	at org.springframework.boot.SpringApplication.refresh(SpringApplication.java:732)
	at org.springframework.boot.SpringApplication.refreshContext(SpringApplication.java:409)
	at org.springframework.boot.SpringApplication.run(SpringApplication.java:308)
	at org.springframework.boot.test.context.SpringBootContextLoader.loadContext(SpringBootContextLoader.java:136)
	at org.springframework.test.context.cache.DefaultCacheAwareContextLoaderDelegate.loadContextInternal(DefaultCacheAwareContextLoaderDelegate.java:141)
	at org.springframework.test.context.cache.DefaultCacheAwareContextLoaderDelegate.loadContext(DefaultCacheAwareContextLoaderDelegate.java:90)
	at org.springframework.test.context.support.DefaultTestContext.getApplicationContext(DefaultTestContext.java:124)
	at org.springframework.test.context.web.ServletTestExecutionListener.setUpRequestContextIfNecessary(ServletTestExecutionListener.java:190)
	at org.springframework.test.context.web.ServletTestExecutionListener.prepareTestInstance(ServletTestExecutionListener.java:132)
	at org.springframework.test.context.TestContextManager.prepareTestInstance(TestContextManager.java:248)
	at org.springframework.test.context.junit.jupiter.SpringExtension.postProcessTestInstance(SpringExtension.java:138)
	at org.junit.jupiter.engine.descriptor.ClassBasedTestDescriptor.lambda$invokeTestInstancePostProcessors$8(ClassBasedTestDescriptor.java:363)
	at org.junit.jupiter.engine.descriptor.ClassBasedTestDescriptor.executeAndMaskThrowable(ClassBasedTestDescriptor.java:368)
	at org.junit.jupiter.engine.descriptor.ClassBasedTestDescriptor.lambda$invokeTestInstancePostProcessors$9(ClassBasedTestDescriptor.java:363)
	at java.base/java.util.stream.ReferencePipeline$3$1.accept(ReferencePipeline.java:197)
	at java.base/java.util.stream.ReferencePipeline$2$1.accept(ReferencePipeline.java:179)
	at java.base/java.util.ArrayList$ArrayListSpliterator.forEachRemaining(ArrayList.java:1708)
	at java.base/java.util.stream.AbstractPipeline.copyInto(AbstractPipeline.java:509)
	at java.base/java.util.stream.AbstractPipeline.wrapAndCopyInto(AbstractPipeline.java:499)
	at java.base/java.util.stream.StreamSpliterators$WrappingSpliterator.forEachRemaining(StreamSpliterators.java:310)
	at java.base/java.util.stream.Streams$ConcatSpliterator.forEachRemaining(Streams.java:735)
	at java.base/java.util.stream.Streams$ConcatSpliterator.forEachRemaining(Streams.java:734)
	at java.base/java.util.stream.ReferencePipeline$Head.forEach(ReferencePipeline.java:762)
	at org.junit.jupiter.engine.descriptor.ClassBasedTestDescriptor.invokeTestInstancePostProcessors(ClassBasedTestDescriptor.java:362)
	at org.junit.jupiter.engine.descriptor.ClassBasedTestDescriptor.lambda$instantiateAndPostProcessTestInstance$6(ClassBasedTestDescriptor.java:283)
	at org.junit.platform.engine.support.hierarchical.ThrowableCollector.execute(ThrowableCollector.java:73)
	at org.junit.jupiter.engine.descriptor.ClassBasedTestDescriptor.instantiateAndPostProcessTestInstance(ClassBasedTestDescriptor.java:282)
	at org.junit.jupiter.engine.descriptor.ClassBasedTestDescriptor.lambda$testInstancesProvider$4(ClassBasedTestDescriptor.java:272)
	at java.base/java.util.Optional.orElseGet(Optional.java:364)
	at org.junit.jupiter.engine.descriptor.ClassBasedTestDescriptor.lambda$testInstancesProvider$5(ClassBasedTestDescriptor.java:271)
	at org.junit.jupiter.engine.execution.TestInstancesProvider.getTestInstances(TestInstancesProvider.java:31)
	at org.junit.jupiter.engine.descriptor.TestMethodTestDescriptor.lambda$prepare$0(TestMethodTestDescriptor.java:102)
	at org.junit.platform.engine.support.hierarchical.ThrowableCollector.execute(ThrowableCollector.java:73)
	at org.junit.jupiter.engine.descriptor.TestMethodTestDescriptor.prepare(TestMethodTestDescriptor.java:101)
	at org.junit.jupiter.engine.descriptor.TestMethodTestDescriptor.prepare(TestMethodTestDescriptor.java:66)
	at org.junit.platform.engine.support.hierarchical.NodeTestTask.lambda$prepare$2(NodeTestTask.java:123)
	at org.junit.platform.engine.support.hierarchical.ThrowableCollector.execute(ThrowableCollector.java:73)
	at org.junit.platform.engine.support.hierarchical.NodeTestTask.prepare(NodeTestTask.java:123)
	at org.junit.platform.engine.support.hierarchical.NodeTestTask.execute(NodeTestTask.java:90)
	at java.base/java.util.ArrayList.forEach(ArrayList.java:1596)
	at org.junit.platform.engine.support.hierarchical.SameThreadHierarchicalTestExecutorService.invokeAll(SameThreadHierarchicalTestExecutorService.java:41)
	at org.junit.platform.engine.support.hierarchical.NodeTestTask.lambda$executeRecursively$6(NodeTestTask.java:155)
	at org.junit.platform.engine.support.hierarchical.ThrowableCollector.execute(ThrowableCollector.java:73)
	at org.junit.platform.engine.support.hierarchical.NodeTestTask.lambda$executeRecursively$8(NodeTestTask.java:141)
	at org.junit.platform.engine.support.hierarchical.Node.around(Node.java:137)
	at org.junit.platform.engine.support.hierarchical.NodeTestTask.lambda$executeRecursively$9(NodeTestTask.java:139)
	at org.junit.platform.engine.support.hierarchical.ThrowableCollector.execute(ThrowableCollector.java:73)
	at org.junit.platform.engine.support.hierarchical.NodeTestTask.executeRecursively(NodeTestTask.java:138)
	at org.junit.platform.engine.support.hierarchical.NodeTestTask.execute(NodeTestTask.java:95)
	at java.base/java.util.ArrayList.forEach(ArrayList.java:1596)
	at org.junit.platform.engine.support.hierarchical.SameThreadHierarchicalTestExecutorService.invokeAll(SameThreadHierarchicalTestExecutorService.java:41)
	at org.junit.platform.engine.support.hierarchical.NodeTestTask.lambda$executeRecursively$6(NodeTestTask.java:155)
	at org.junit.platform.engine.support.hierarchical.ThrowableCollector.execute(ThrowableCollector.java:73)
	at org.junit.platform.engine.support.hierarchical.NodeTestTask.lambda$executeRecursively$8(NodeTestTask.java:141)
	at org.junit.platform.engine.support.hierarchical.Node.around(Node.java:137)
	at org.junit.platform.engine.support.hierarchical.NodeTestTask.lambda$executeRecursively$9(NodeTestTask.java:139)
	at org.junit.platform.engine.support.hierarchical.ThrowableCollector.execute(ThrowableCollector.java:73)
	at org.junit.platform.engine.support.hierarchical.NodeTestTask.executeRecursively(NodeTestTask.java:138)
	at org.junit.platform.engine.support.hierarchical.NodeTestTask.execute(NodeTestTask.java:95)
	at org.junit.platform.engine.support.hierarchical.SameThreadHierarchicalTestExecutorService.submit(SameThreadHierarchicalTestExecutorService.java:35)
	at org.junit.platform.engine.support.hierarchical.HierarchicalTestExecutor.execute(HierarchicalTestExecutor.java:57)
	at org.junit.platform.engine.support.hierarchical.HierarchicalTestEngine.execute(HierarchicalTestEngine.java:54)
	at org.junit.platform.launcher.core.EngineExecutionOrchestrator.execute(EngineExecutionOrchestrator.java:107)
	at org.junit.platform.launcher.core.EngineExecutionOrchestrator.execute(EngineExecutionOrchestrator.java:88)
	at org.junit.platform.launcher.core.EngineExecutionOrchestrator.lambda$execute$0(EngineExecutionOrchestrator.java:54)
	at org.junit.platform.launcher.core.EngineExecutionOrchestrator.withInterceptedStreams(EngineExecutionOrchestrator.java:67)
	at org.junit.platform.launcher.core.EngineExecutionOrchestrator.execute(EngineExecutionOrchestrator.java:52)
	at org.junit.platform.launcher.core.DefaultLauncher.execute(DefaultLauncher.java:114)
	at org.junit.platform.launcher.core.DefaultLauncher.execute(DefaultLauncher.java:86)
	at org.junit.platform.launcher.core.DefaultLauncherSession$DelegatingLauncher.execute(DefaultLauncherSession.java:86)
	at org.junit.platform.launcher.core.SessionPerRequestLauncher.execute(SessionPerRequestLauncher.java:53)
	at com.intellij.junit5.JUnit5IdeaTestRunner.startRunnerWithArgs(JUnit5IdeaTestRunner.java:66)
	at com.intellij.rt.junit.IdeaTestRunner$Repeater$1.execute(IdeaTestRunner.java:38)
	at com.intellij.rt.execution.junit.TestsRepeater.repeat(TestsRepeater.java:11)
	at com.intellij.rt.junit.IdeaTestRunner$Repeater.startRunnerWithArgs(IdeaTestRunner.java:35)
	at com.intellij.rt.junit.JUnitStarter.prepareStreamsAndStart(JUnitStarter.java:237)
	at com.intellij.rt.junit.JUnitStarter.main(JUnitStarter.java:58)
Caused by: org.springframework.beans.factory.BeanCreationException: Error creating bean with name 'configJournalAppRepository' defined in com.journalApp.repository.ConfigJournalAppRepository defined in @EnableMongoRepositories declared on MongoRepositoriesRegistrar.EnableMongoRepositoriesConfiguration: Cannot resolve reference to bean 'mongoTemplate' while setting bean property 'mongoOperations'; nested exception is org.springframework.beans.factory.BeanCreationException: Error creating bean with name 'mongoTemplate' defined in class path resource [org/springframework/boot/autoconfigure/data/mongo/MongoDatabaseFactoryDependentConfiguration.class]: Bean instantiation via factory method failed; nested exception is org.springframework.beans.BeanInstantiationException: Failed to instantiate [org.springframework.data.mongodb.core.MongoTemplate]: Factory method 'mongoTemplate' threw exception; nested exception is org.springframework.dao.DataAccessResourceFailureException: Timed out after 30000 ms while waiting for a server that matches com.mongodb.client.internal.MongoClientDelegate$1@781654f8. Client view of cluster state is {type=REPLICA_SET, servers=[{address=ac-bd180s9-shard-00-00.yvjbs2l.mongodb.net:27017, type=UNKNOWN, state=CONNECTING, exception={com.mongodb.MongoSocketWriteException: Exception sending message}, caused by {javax.net.ssl.SSLException: Received fatal alert: internal_error}}, {address=ac-bd180s9-shard-00-02.yvjbs2l.mongodb.net:27017, type=UNKNOWN, state=CONNECTING, exception={com.mongodb.MongoSocketWriteException: Exception sending message}, caused by {javax.net.ssl.SSLException: Received fatal alert: internal_error}}, {address=ac-bd180s9-shard-00-01.yvjbs2l.mongodb.net:27017, type=UNKNOWN, state=CONNECTING, exception={com.mongodb.MongoSocketWriteException: Exception sending message}, caused by {javax.net.ssl.SSLException: Received fatal alert: internal_error}}]; nested exception is com.mongodb.MongoTimeoutException: Timed out after 30000 ms while waiting for a server that matches com.mongodb.client.internal.MongoClientDelegate$1@781654f8. Client view of cluster state is {type=REPLICA_SET, servers=[{address=ac-bd180s9-shard-00-00.yvjbs2l.mongodb.net:27017, type=UNKNOWN, state=CONNECTING, exception={com.mongodb.MongoSocketWriteException: Exception sending message}, caused by {javax.net.ssl.SSLException: Received fatal alert: internal_error}}, {address=ac-bd180s9-shard-00-02.yvjbs2l.mongodb.net:27017, type=UNKNOWN, state=CONNECTING, exception={com.mongodb.MongoSocketWriteException: Exception sending message}, caused by {javax.net.ssl.SSLException: Received fatal alert: internal_error}}, {address=ac-bd180s9-shard-00-01.yvjbs2l.mongodb.net:27017, type=UNKNOWN, state=CONNECTING, exception={com.mongodb.MongoSocketWriteException: Exception sending message}, caused by {javax.net.ssl.SSLException: Received fatal alert: internal_error}}]
	at org.springframework.beans.factory.support.BeanDefinitionValueResolver.resolveReference(BeanDefinitionValueResolver.java:342)
	at org.springframework.beans.factory.support.BeanDefinitionValueResolver.resolveValueIfNecessary(BeanDefinitionValueResolver.java:113)
	at org.springframework.beans.factory.support.AbstractAutowireCapableBeanFactory.applyPropertyValues(AbstractAutowireCapableBeanFactory.java:1707)
	at org.springframework.beans.factory.support.AbstractAutowireCapableBeanFactory.populateBean(AbstractAutowireCapableBeanFactory.java:1452)
	at org.springframework.beans.factory.support.AbstractAutowireCapableBeanFactory.doCreateBean(AbstractAutowireCapableBeanFactory.java:619)
	at org.springframework.beans.factory.support.AbstractAutowireCapableBeanFactory.createBean(AbstractAutowireCapableBeanFactory.java:542)
	at org.springframework.beans.factory.support.AbstractBeanFactory.lambda$doGetBean$0(AbstractBeanFactory.java:335)
	at org.springframework.beans.factory.support.DefaultSingletonBeanRegistry.getSingleton(DefaultSingletonBeanRegistry.java:234)
	at org.springframework.beans.factory.support.AbstractBeanFactory.doGetBean(AbstractBeanFactory.java:333)
	at org.springframework.beans.factory.support.AbstractBeanFactory.getBean(AbstractBeanFactory.java:208)
	at org.springframework.beans.factory.config.DependencyDescriptor.resolveCandidate(DependencyDescriptor.java:276)
	at org.springframework.beans.factory.support.DefaultListableBeanFactory.doResolveDependency(DefaultListableBeanFactory.java:1391)
	at org.springframework.beans.factory.support.DefaultListableBeanFactory.resolveDependency(DefaultListableBeanFactory.java:1311)
	at org.springframework.beans.factory.annotation.AutowiredAnnotationBeanPostProcessor$AutowiredFieldElement.resolveFieldValue(AutowiredAnnotationBeanPostProcessor.java:710)
	... 90 common frames omitted
Caused by: org.springframework.beans.factory.BeanCreationException: Error creating bean with name 'mongoTemplate' defined in class path resource [org/springframework/boot/autoconfigure/data/mongo/MongoDatabaseFactoryDependentConfiguration.class]: Bean instantiation via factory method failed; nested exception is org.springframework.beans.BeanInstantiationException: Failed to instantiate [org.springframework.data.mongodb.core.MongoTemplate]: Factory method 'mongoTemplate' threw exception; nested exception is org.springframework.dao.DataAccessResourceFailureException: Timed out after 30000 ms while waiting for a server that matches com.mongodb.client.internal.MongoClientDelegate$1@781654f8. Client view of cluster state is {type=REPLICA_SET, servers=[{address=ac-bd180s9-shard-00-00.yvjbs2l.mongodb.net:27017, type=UNKNOWN, state=CONNECTING, exception={com.mongodb.MongoSocketWriteException: Exception sending message}, caused by {javax.net.ssl.SSLException: Received fatal alert: internal_error}}, {address=ac-bd180s9-shard-00-02.yvjbs2l.mongodb.net:27017, type=UNKNOWN, state=CONNECTING, exception={com.mongodb.MongoSocketWriteException: Exception sending message}, caused by {javax.net.ssl.SSLException: Received fatal alert: internal_error}}, {address=ac-bd180s9-shard-00-01.yvjbs2l.mongodb.net:27017, type=UNKNOWN, state=CONNECTING, exception={com.mongodb.MongoSocketWriteException: Exception sending message}, caused by {javax.net.ssl.SSLException: Received fatal alert: internal_error}}]; nested exception is com.mongodb.MongoTimeoutException: Timed out after 30000 ms while waiting for a server that matches com.mongodb.client.internal.MongoClientDelegate$1@781654f8. Client view of cluster state is {type=REPLICA_SET, servers=[{address=ac-bd180s9-shard-00-00.yvjbs2l.mongodb.net:27017, type=UNKNOWN, state=CONNECTING, exception={com.mongodb.MongoSocketWriteException: Exception sending message}, caused by {javax.net.ssl.SSLException: Received fatal alert: internal_error}}, {address=ac-bd180s9-shard-00-02.yvjbs2l.mongodb.net:27017, type=UNKNOWN, state=CONNECTING, exception={com.mongodb.MongoSocketWriteException: Exception sending message}, caused by {javax.net.ssl.SSLException: Received fatal alert: internal_error}}, {address=ac-bd180s9-shard-00-01.yvjbs2l.mongodb.net:27017, type=UNKNOWN, state=CONNECTING, exception={com.mongodb.MongoSocketWriteException: Exception sending message}, caused by {javax.net.ssl.SSLException: Received fatal alert: internal_error}}]
	at org.springframework.beans.factory.support.ConstructorResolver.instantiate(ConstructorResolver.java:653)
	at org.springframework.beans.factory.support.ConstructorResolver.instantiateUsingFactoryMethod(ConstructorResolver.java:633)
	at org.springframework.beans.factory.support.AbstractAutowireCapableBeanFactory.instantiateUsingFactoryMethod(AbstractAutowireCapableBeanFactory.java:1352)
	at org.springframework.beans.factory.support.AbstractAutowireCapableBeanFactory.createBeanInstance(AbstractAutowireCapableBeanFactory.java:1195)
	at org.springframework.beans.factory.support.AbstractAutowireCapableBeanFactory.doCreateBean(AbstractAutowireCapableBeanFactory.java:582)
	at org.springframework.beans.factory.support.AbstractAutowireCapableBeanFactory.createBean(AbstractAutowireCapableBeanFactory.java:542)
	at org.springframework.beans.factory.support.AbstractBeanFactory.lambda$doGetBean$0(AbstractBeanFactory.java:335)
	at org.springframework.beans.factory.support.DefaultSingletonBeanRegistry.getSingleton(DefaultSingletonBeanRegistry.java:234)
	at org.springframework.beans.factory.support.AbstractBeanFactory.doGetBean(AbstractBeanFactory.java:333)
	at org.springframework.beans.factory.support.AbstractBeanFactory.getBean(AbstractBeanFactory.java:208)
	at org.springframework.beans.factory.support.BeanDefinitionValueResolver.resolveReference(BeanDefinitionValueResolver.java:330)
	... 103 common frames omitted
Caused by: org.springframework.beans.BeanInstantiationException: Failed to instantiate [org.springframework.data.mongodb.core.MongoTemplate]: Factory method 'mongoTemplate' threw exception; nested exception is org.springframework.dao.DataAccessResourceFailureException: Timed out after 30000 ms while waiting for a server that matches com.mongodb.client.internal.MongoClientDelegate$1@781654f8. Client view of cluster state is {type=REPLICA_SET, servers=[{address=ac-bd180s9-shard-00-00.yvjbs2l.mongodb.net:27017, type=UNKNOWN, state=CONNECTING, exception={com.mongodb.MongoSocketWriteException: Exception sending message}, caused by {javax.net.ssl.SSLException: Received fatal alert: internal_error}}, {address=ac-bd180s9-shard-00-02.yvjbs2l.mongodb.net:27017, type=UNKNOWN, state=CONNECTING, exception={com.mongodb.MongoSocketWriteException: Exception sending message}, caused by {javax.net.ssl.SSLException: Received fatal alert: internal_error}}, {address=ac-bd180s9-shard-00-01.yvjbs2l.mongodb.net:27017, type=UNKNOWN, state=CONNECTING, exception={com.mongodb.MongoSocketWriteException: Exception sending message}, caused by {javax.net.ssl.SSLException: Received fatal alert: internal_error}}]; nested exception is com.mongodb.MongoTimeoutException: Timed out after 30000 ms while waiting for a server that matches com.mongodb.client.internal.MongoClientDelegate$1@781654f8. Client view of cluster state is {type=REPLICA_SET, servers=[{address=ac-bd180s9-shard-00-00.yvjbs2l.mongodb.net:27017, type=UNKNOWN, state=CONNECTING, exception={com.mongodb.MongoSocketWriteException: Exception sending message}, caused by {javax.net.ssl.SSLException: Received fatal alert: internal_error}}, {address=ac-bd180s9-shard-00-02.yvjbs2l.mongodb.net:27017, type=UNKNOWN, state=CONNECTING, exception={com.mongodb.MongoSocketWriteException: Exception sending message}, caused by {javax.net.ssl.SSLException: Received fatal alert: internal_error}}, {address=ac-bd180s9-shard-00-01.yvjbs2l.mongodb.net:27017, type=UNKNOWN, state=CONNECTING, exception={com.mongodb.MongoSocketWriteException: Exception sending message}, caused by {javax.net.ssl.SSLException: Received fatal alert: internal_error}}]
	at org.springframework.beans.factory.support.SimpleInstantiationStrategy.instantiate(SimpleInstantiationStrategy.java:185)
	at org.springframework.beans.factory.support.ConstructorResolver.instantiate(ConstructorResolver.java:648)
	... 113 common frames omitted
Caused by: org.springframework.dao.DataAccessResourceFailureException: Timed out after 30000 ms while waiting for a server that matches com.mongodb.client.internal.MongoClientDelegate$1@781654f8. Client view of cluster state is {type=REPLICA_SET, servers=[{address=ac-bd180s9-shard-00-00.yvjbs2l.mongodb.net:27017, type=UNKNOWN, state=CONNECTING, exception={com.mongodb.MongoSocketWriteException: Exception sending message}, caused by {javax.net.ssl.SSLException: Received fatal alert: internal_error}}, {address=ac-bd180s9-shard-00-02.yvjbs2l.mongodb.net:27017, type=UNKNOWN, state=CONNECTING, exception={com.mongodb.MongoSocketWriteException: Exception sending message}, caused by {javax.net.ssl.SSLException: Received fatal alert: internal_error}}, {address=ac-bd180s9-shard-00-01.yvjbs2l.mongodb.net:27017, type=UNKNOWN, state=CONNECTING, exception={com.mongodb.MongoSocketWriteException: Exception sending message}, caused by {javax.net.ssl.SSLException: Received fatal alert: internal_error}}]; nested exception is com.mongodb.MongoTimeoutException: Timed out after 30000 ms while waiting for a server that matches com.mongodb.client.internal.MongoClientDelegate$1@781654f8. Client view of cluster state is {type=REPLICA_SET, servers=[{address=ac-bd180s9-shard-00-00.yvjbs2l.mongodb.net:27017, type=UNKNOWN, state=CONNECTING, exception={com.mongodb.MongoSocketWriteException: Exception sending message}, caused by {javax.net.ssl.SSLException: Received fatal alert: internal_error}}, {address=ac-bd180s9-shard-00-02.yvjbs2l.mongodb.net:27017, type=UNKNOWN, state=CONNECTING, exception={com.mongodb.MongoSocketWriteException: Exception sending message}, caused by {javax.net.ssl.SSLException: Received fatal alert: internal_error}}, {address=ac-bd180s9-shard-00-01.yvjbs2l.mongodb.net:27017, type=UNKNOWN, state=CONNECTING, exception={com.mongodb.MongoSocketWriteException: Exception sending message}, caused by {javax.net.ssl.SSLException: Received fatal alert: internal_error}}]
	at org.springframework.data.mongodb.core.MongoExceptionTranslator.translateExceptionIfPossible(MongoExceptionTranslator.java:95)
	at org.springframework.data.mongodb.core.MongoTemplate.potentiallyConvertRuntimeException(MongoTemplate.java:3029)
	at org.springframework.data.mongodb.core.MongoTemplate.execute(MongoTemplate.java:581)
	at org.springframework.data.mongodb.core.DefaultIndexOperations.execute(DefaultIndexOperations.java:215)
	at org.springframework.data.mongodb.core.DefaultIndexOperations.ensureIndex(DefaultIndexOperations.java:121)
	at org.springframework.data.mongodb.core.index.MongoPersistentEntityIndexCreator.createIndex(MongoPersistentEntityIndexCreator.java:157)
	at org.springframework.data.mongodb.core.index.MongoPersistentEntityIndexCreator.checkForAndCreateIndexes(MongoPersistentEntityIndexCreator.java:147)
	at org.springframework.data.mongodb.core.index.MongoPersistentEntityIndexCreator.checkForIndexes(MongoPersistentEntityIndexCreator.java:131)
	at org.springframework.data.mongodb.core.index.MongoPersistentEntityIndexCreator.<init>(MongoPersistentEntityIndexCreator.java:96)
	at org.springframework.data.mongodb.core.index.MongoPersistentEntityIndexCreator.<init>(MongoPersistentEntityIndexCreator.java:73)
	at org.springframework.data.mongodb.core.MongoTemplate.<init>(MongoTemplate.java:224)
	at org.springframework.boot.autoconfigure.data.mongo.MongoDatabaseFactoryDependentConfiguration.mongoTemplate(MongoDatabaseFactoryDependentConfiguration.java:63)
	at java.base/jdk.internal.reflect.DirectMethodHandleAccessor.invoke(DirectMethodHandleAccessor.java:103)
	at java.base/java.lang.reflect.Method.invoke(Method.java:580)
	at org.springframework.beans.factory.support.SimpleInstantiationStrategy.instantiate(SimpleInstantiationStrategy.java:154)
	... 114 common frames omitted
Caused by: com.mongodb.MongoTimeoutException: Timed out after 30000 ms while waiting for a server that matches com.mongodb.client.internal.MongoClientDelegate$1@781654f8. Client view of cluster state is {type=REPLICA_SET, servers=[{address=ac-bd180s9-shard-00-00.yvjbs2l.mongodb.net:27017, type=UNKNOWN, state=CONNECTING, exception={com.mongodb.MongoSocketWriteException: Exception sending message}, caused by {javax.net.ssl.SSLException: Received fatal alert: internal_error}}, {address=ac-bd180s9-shard-00-02.yvjbs2l.mongodb.net:27017, type=UNKNOWN, state=CONNECTING, exception={com.mongodb.MongoSocketWriteException: Exception sending message}, caused by {javax.net.ssl.SSLException: Received fatal alert: internal_error}}, {address=ac-bd180s9-shard-00-01.yvjbs2l.mongodb.net:27017, type=UNKNOWN, state=CONNECTING, exception={com.mongodb.MongoSocketWriteException: Exception sending message}, caused by {javax.net.ssl.SSLException: Received fatal alert: internal_error}}]
	at com.mongodb.internal.connection.BaseCluster.createTimeoutException(BaseCluster.java:424)
	at com.mongodb.internal.connection.BaseCluster.selectServer(BaseCluster.java:121)
	at com.mongodb.internal.connection.AbstractMultiServerCluster.selectServer(AbstractMultiServerCluster.java:50)
	at com.mongodb.client.internal.MongoClientDelegate.getConnectedClusterDescription(MongoClientDelegate.java:146)
	at com.mongodb.client.internal.MongoClientDelegate.createClientSession(MongoClientDelegate.java:101)
	at com.mongodb.client.internal.MongoClientDelegate$DelegateOperationExecutor.getClientSession(MongoClientDelegate.java:291)
	at com.mongodb.client.internal.MongoClientDelegate$DelegateOperationExecutor.execute(MongoClientDelegate.java:207)
	at com.mongodb.client.internal.MongoCollectionImpl.executeCreateIndexes(MongoCollectionImpl.java:848)
	at com.mongodb.client.internal.MongoCollectionImpl.createIndexes(MongoCollectionImpl.java:831)
	at com.mongodb.client.internal.MongoCollectionImpl.createIndexes(MongoCollectionImpl.java:826)
	at com.mongodb.client.internal.MongoCollectionImpl.createIndex(MongoCollectionImpl.java:811)
	at org.springframework.data.mongodb.core.DefaultIndexOperations.lambda$ensureIndex$0(DefaultIndexOperations.java:131)
	at org.springframework.data.mongodb.core.MongoTemplate.execute(MongoTemplate.java:579)
	... 126 common frames omitted
2026-08-20 21:51:09 ERROR o.s.test.context.TestContextManager - Caught exception while allowing TestExecutionListener [org.springframework.test.context.web.ServletTestExecutionListener@3b956878] to prepare test instance [com.journalApp.service.EmailServiceTests@3030836d]
java.lang.IllegalStateException: Failed to load ApplicationContext
	at org.springframework.test.context.cache.DefaultCacheAwareContextLoaderDelegate.loadContext(DefaultCacheAwareContextLoaderDelegate.java:98)
	at org.springframework.test.context.support.DefaultTestContext.getApplicationContext(DefaultTestContext.java:124)
	at org.springframework.test.context.web.ServletTestExecutionListener.setUpRequestContextIfNecessary(ServletTestExecutionListener.java:190)
	at org.springframework.test.context.web.ServletTestExecutionListener.prepareTestInstance(ServletTestExecutionListener.java:132)
	at org.springframework.test.context.TestContextManager.prepareTestInstance(TestContextManager.java:248)
	at org.springframework.test.context.junit.jupiter.SpringExtension.postProcessTestInstance(SpringExtension.java:138)
	at org.junit.jupiter.engine.descriptor.ClassBasedTestDescriptor.lambda$invokeTestInstancePostProcessors$8(ClassBasedTestDescriptor.java:363)
	at org.junit.jupiter.engine.descriptor.ClassBasedTestDescriptor.executeAndMaskThrowable(ClassBasedTestDescriptor.java:368)
	at org.junit.jupiter.engine.descriptor.ClassBasedTestDescriptor.lambda$invokeTestInstancePostProcessors$9(ClassBasedTestDescriptor.java:363)
	at java.base/java.util.stream.ReferencePipeline$3$1.accept(ReferencePipeline.java:197)
	at java.base/java.util.stream.ReferencePipeline$2$1.accept(ReferencePipeline.java:179)
	at java.base/java.util.ArrayList$ArrayListSpliterator.forEachRemaining(ArrayList.java:1708)
	at java.base/java.util.stream.AbstractPipeline.copyInto(AbstractPipeline.java:509)
	at java.base/java.util.stream.AbstractPipeline.wrapAndCopyInto(AbstractPipeline.java:499)
	at java.base/java.util.stream.StreamSpliterators$WrappingSpliterator.forEachRemaining(StreamSpliterators.java:310)
	at java.base/java.util.stream.Streams$ConcatSpliterator.forEachRemaining(Streams.java:735)
	at java.base/java.util.stream.Streams$ConcatSpliterator.forEachRemaining(Streams.java:734)
	at java.base/java.util.stream.ReferencePipeline$Head.forEach(ReferencePipeline.java:762)
	at org.junit.jupiter.engine.descriptor.ClassBasedTestDescriptor.invokeTestInstancePostProcessors(ClassBasedTestDescriptor.java:362)
	at org.junit.jupiter.engine.descriptor.ClassBasedTestDescriptor.lambda$instantiateAndPostProcessTestInstance$6(ClassBasedTestDescriptor.java:283)
	at org.junit.platform.engine.support.hierarchical.ThrowableCollector.execute(ThrowableCollector.java:73)
	at org.junit.jupiter.engine.descriptor.ClassBasedTestDescriptor.instantiateAndPostProcessTestInstance(ClassBasedTestDescriptor.java:282)
	at org.junit.jupiter.engine.descriptor.ClassBasedTestDescriptor.lambda$testInstancesProvider$4(ClassBasedTestDescriptor.java:272)
	at java.base/java.util.Optional.orElseGet(Optional.java:364)
	at org.junit.jupiter.engine.descriptor.ClassBasedTestDescriptor.lambda$testInstancesProvider$5(ClassBasedTestDescriptor.java:271)
	at org.junit.jupiter.engine.execution.TestInstancesProvider.getTestInstances(TestInstancesProvider.java:31)
	at org.junit.jupiter.engine.descriptor.TestMethodTestDescriptor.lambda$prepare$0(TestMethodTestDescriptor.java:102)
	at org.junit.platform.engine.support.hierarchical.ThrowableCollector.execute(ThrowableCollector.java:73)
	at org.junit.jupiter.engine.descriptor.TestMethodTestDescriptor.prepare(TestMethodTestDescriptor.java:101)
	at org.junit.jupiter.engine.descriptor.TestMethodTestDescriptor.prepare(TestMethodTestDescriptor.java:66)
	at org.junit.platform.engine.support.hierarchical.NodeTestTask.lambda$prepare$2(NodeTestTask.java:123)
	at org.junit.platform.engine.support.hierarchical.ThrowableCollector.execute(ThrowableCollector.java:73)
	at org.junit.platform.engine.support.hierarchical.NodeTestTask.prepare(NodeTestTask.java:123)
	at org.junit.platform.engine.support.hierarchical.NodeTestTask.execute(NodeTestTask.java:90)
	at java.base/java.util.ArrayList.forEach(ArrayList.java:1596)
	at org.junit.platform.engine.support.hierarchical.SameThreadHierarchicalTestExecutorService.invokeAll(SameThreadHierarchicalTestExecutorService.java:41)
	at org.junit.platform.engine.support.hierarchical.NodeTestTask.lambda$executeRecursively$6(NodeTestTask.java:155)
	at org.junit.platform.engine.support.hierarchical.ThrowableCollector.execute(ThrowableCollector.java:73)
	at org.junit.platform.engine.support.hierarchical.NodeTestTask.lambda$executeRecursively$8(NodeTestTask.java:141)
	at org.junit.platform.engine.support.hierarchical.Node.around(Node.java:137)
	at org.junit.platform.engine.support.hierarchical.NodeTestTask.lambda$executeRecursively$9(NodeTestTask.java:139)
	at org.junit.platform.engine.support.hierarchical.ThrowableCollector.execute(ThrowableCollector.java:73)
	at org.junit.platform.engine.support.hierarchical.NodeTestTask.executeRecursively(NodeTestTask.java:138)
	at org.junit.platform.engine.support.hierarchical.NodeTestTask.execute(NodeTestTask.java:95)
	at java.base/java.util.ArrayList.forEach(ArrayList.java:1596)
	at org.junit.platform.engine.support.hierarchical.SameThreadHierarchicalTestExecutorService.invokeAll(SameThreadHierarchicalTestExecutorService.java:41)
	at org.junit.platform.engine.support.hierarchical.NodeTestTask.lambda$executeRecursively$6(NodeTestTask.java:155)
	at org.junit.platform.engine.support.hierarchical.ThrowableCollector.execute(ThrowableCollector.java:73)
	at org.junit.platform.engine.support.hierarchical.NodeTestTask.lambda$executeRecursively$8(NodeTestTask.java:141)
	at org.junit.platform.engine.support.hierarchical.Node.around(Node.java:137)
	at org.junit.platform.engine.support.hierarchical.NodeTestTask.lambda$executeRecursively$9(NodeTestTask.java:139)
	at org.junit.platform.engine.support.hierarchical.ThrowableCollector.execute(ThrowableCollector.java:73)
	at org.junit.platform.engine.support.hierarchical.NodeTestTask.executeRecursively(NodeTestTask.java:138)
	at org.junit.platform.engine.support.hierarchical.NodeTestTask.execute(NodeTestTask.java:95)
	at org.junit.platform.engine.support.hierarchical.SameThreadHierarchicalTestExecutorService.submit(SameThreadHierarchicalTestExecutorService.java:35)
	at org.junit.platform.engine.support.hierarchical.HierarchicalTestExecutor.execute(HierarchicalTestExecutor.java:57)
	at org.junit.platform.engine.support.hierarchical.HierarchicalTestEngine.execute(HierarchicalTestEngine.java:54)
	at org.junit.platform.launcher.core.EngineExecutionOrchestrator.execute(EngineExecutionOrchestrator.java:107)
	at org.junit.platform.launcher.core.EngineExecutionOrchestrator.execute(EngineExecutionOrchestrator.java:88)
	at org.junit.platform.launcher.core.EngineExecutionOrchestrator.lambda$execute$0(EngineExecutionOrchestrator.java:54)
	at org.junit.platform.launcher.core.EngineExecutionOrchestrator.withInterceptedStreams(EngineExecutionOrchestrator.java:67)
	at org.junit.platform.launcher.core.EngineExecutionOrchestrator.execute(EngineExecutionOrchestrator.java:52)
	at org.junit.platform.launcher.core.DefaultLauncher.execute(DefaultLauncher.java:114)
	at org.junit.platform.launcher.core.DefaultLauncher.execute(DefaultLauncher.java:86)
	at org.junit.platform.launcher.core.DefaultLauncherSession$DelegatingLauncher.execute(DefaultLauncherSession.java:86)
	at org.junit.platform.launcher.core.SessionPerRequestLauncher.execute(SessionPerRequestLauncher.java:53)
	at com.intellij.junit5.JUnit5IdeaTestRunner.startRunnerWithArgs(JUnit5IdeaTestRunner.java:66)
	at com.intellij.rt.junit.IdeaTestRunner$Repeater$1.execute(IdeaTestRunner.java:38)
	at com.intellij.rt.execution.junit.TestsRepeater.repeat(TestsRepeater.java:11)
	at com.intellij.rt.junit.IdeaTestRunner$Repeater.startRunnerWithArgs(IdeaTestRunner.java:35)
	at com.intellij.rt.junit.JUnitStarter.prepareStreamsAndStart(JUnitStarter.java:237)
	at com.intellij.rt.junit.JUnitStarter.main(JUnitStarter.java:58)
Caused by: org.springframework.beans.factory.UnsatisfiedDependencyException: Error creating bean with name 'appCache': Unsatisfied dependency expressed through field 'configJournalAppRepository'; nested exception is org.springframework.beans.factory.BeanCreationException: Error creating bean with name 'configJournalAppRepository' defined in com.journalApp.repository.ConfigJournalAppRepository defined in @EnableMongoRepositories declared on MongoRepositoriesRegistrar.EnableMongoRepositoriesConfiguration: Cannot resolve reference to bean 'mongoTemplate' while setting bean property 'mongoOperations'; nested exception is org.springframework.beans.factory.BeanCreationException: Error creating bean with name 'mongoTemplate' defined in class path resource [org/springframework/boot/autoconfigure/data/mongo/MongoDatabaseFactoryDependentConfiguration.class]: Bean instantiation via factory method failed; nested exception is org.springframework.beans.BeanInstantiationException: Failed to instantiate [org.springframework.data.mongodb.core.MongoTemplate]: Factory method 'mongoTemplate' threw exception; nested exception is org.springframework.dao.DataAccessResourceFailureException: Timed out after 30000 ms while waiting for a server that matches com.mongodb.client.internal.MongoClientDelegate$1@781654f8. Client view of cluster state is {type=REPLICA_SET, servers=[{address=ac-bd180s9-shard-00-00.yvjbs2l.mongodb.net:27017, type=UNKNOWN, state=CONNECTING, exception={com.mongodb.MongoSocketWriteException: Exception sending message}, caused by {javax.net.ssl.SSLException: Received fatal alert: internal_error}}, {address=ac-bd180s9-shard-00-02.yvjbs2l.mongodb.net:27017, type=UNKNOWN, state=CONNECTING, exception={com.mongodb.MongoSocketWriteException: Exception sending message}, caused by {javax.net.ssl.SSLException: Received fatal alert: internal_error}}, {address=ac-bd180s9-shard-00-01.yvjbs2l.mongodb.net:27017, type=UNKNOWN, state=CONNECTING, exception={com.mongodb.MongoSocketWriteException: Exception sending message}, caused by {javax.net.ssl.SSLException: Received fatal alert: internal_error}}]; nested exception is com.mongodb.MongoTimeoutException: Timed out after 30000 ms while waiting for a server that matches com.mongodb.client.internal.MongoClientDelegate$1@781654f8. Client view of cluster state is {type=REPLICA_SET, servers=[{address=ac-bd180s9-shard-00-00.yvjbs2l.mongodb.net:27017, type=UNKNOWN, state=CONNECTING, exception={com.mongodb.MongoSocketWriteException: Exception sending message}, caused by {javax.net.ssl.SSLException: Received fatal alert: internal_error}}, {address=ac-bd180s9-shard-00-02.yvjbs2l.mongodb.net:27017, type=UNKNOWN, state=CONNECTING, exception={com.mongodb.MongoSocketWriteException: Exception sending message}, caused by {javax.net.ssl.SSLException: Received fatal alert: internal_error}}, {address=ac-bd180s9-shard-00-01.yvjbs2l.mongodb.net:27017, type=UNKNOWN, state=CONNECTING, exception={com.mongodb.MongoSocketWriteException: Exception sending message}, caused by {javax.net.ssl.SSLException: Received fatal alert: internal_error}}]
	at org.springframework.beans.factory.annotation.AutowiredAnnotationBeanPostProcessor$AutowiredFieldElement.resolveFieldValue(AutowiredAnnotationBeanPostProcessor.java:713)
	at org.springframework.beans.factory.annotation.AutowiredAnnotationBeanPostProcessor$AutowiredFieldElement.inject(AutowiredAnnotationBeanPostProcessor.java:693)
	at org.springframework.beans.factory.annotation.InjectionMetadata.inject(InjectionMetadata.java:119)
	at org.springframework.beans.factory.annotation.AutowiredAnnotationBeanPostProcessor.postProcessProperties(AutowiredAnnotationBeanPostProcessor.java:408)
	at org.springframework.beans.factory.support.AbstractAutowireCapableBeanFactory.populateBean(AbstractAutowireCapableBeanFactory.java:1431)
	at org.springframework.beans.factory.support.AbstractAutowireCapableBeanFactory.doCreateBean(AbstractAutowireCapableBeanFactory.java:619)
	at org.springframework.beans.factory.support.AbstractAutowireCapableBeanFactory.createBean(AbstractAutowireCapableBeanFactory.java:542)
	at org.springframework.beans.factory.support.AbstractBeanFactory.lambda$doGetBean$0(AbstractBeanFactory.java:335)
	at org.springframework.beans.factory.support.DefaultSingletonBeanRegistry.getSingleton(DefaultSingletonBeanRegistry.java:234)
	at org.springframework.beans.factory.support.AbstractBeanFactory.doGetBean(AbstractBeanFactory.java:333)
	at org.springframework.beans.factory.support.AbstractBeanFactory.getBean(AbstractBeanFactory.java:208)
	at org.springframework.beans.factory.support.DefaultListableBeanFactory.preInstantiateSingletons(DefaultListableBeanFactory.java:955)
	at org.springframework.context.support.AbstractApplicationContext.finishBeanFactoryInitialization(AbstractApplicationContext.java:929)
	at org.springframework.context.support.AbstractApplicationContext.refresh(AbstractApplicationContext.java:591)
	at org.springframework.boot.SpringApplication.refresh(SpringApplication.java:732)
	at org.springframework.boot.SpringApplication.refreshContext(SpringApplication.java:409)
	at org.springframework.boot.SpringApplication.run(SpringApplication.java:308)
	at org.springframework.boot.test.context.SpringBootContextLoader.loadContext(SpringBootContextLoader.java:136)
	at org.springframework.test.context.cache.DefaultCacheAwareContextLoaderDelegate.loadContextInternal(DefaultCacheAwareContextLoaderDelegate.java:141)
	at org.springframework.test.context.cache.DefaultCacheAwareContextLoaderDelegate.loadContext(DefaultCacheAwareContextLoaderDelegate.java:90)
	... 71 common frames omitted
Caused by: org.springframework.beans.factory.BeanCreationException: Error creating bean with name 'configJournalAppRepository' defined in com.journalApp.repository.ConfigJournalAppRepository defined in @EnableMongoRepositories declared on MongoRepositoriesRegistrar.EnableMongoRepositoriesConfiguration: Cannot resolve reference to bean 'mongoTemplate' while setting bean property 'mongoOperations'; nested exception is org.springframework.beans.factory.BeanCreationException: Error creating bean with name 'mongoTemplate' defined in class path resource [org/springframework/boot/autoconfigure/data/mongo/MongoDatabaseFactoryDependentConfiguration.class]: Bean instantiation via factory method failed; nested exception is org.springframework.beans.BeanInstantiationException: Failed to instantiate [org.springframework.data.mongodb.core.MongoTemplate]: Factory method 'mongoTemplate' threw exception; nested exception is org.springframework.dao.DataAccessResourceFailureException: Timed out after 30000 ms while waiting for a server that matches com.mongodb.client.internal.MongoClientDelegate$1@781654f8. Client view of cluster state is {type=REPLICA_SET, servers=[{address=ac-bd180s9-shard-00-00.yvjbs2l.mongodb.net:27017, type=UNKNOWN, state=CONNECTING, exception={com.mongodb.MongoSocketWriteException: Exception sending message}, caused by {javax.net.ssl.SSLException: Received fatal alert: internal_error}}, {address=ac-bd180s9-shard-00-02.yvjbs2l.mongodb.net:27017, type=UNKNOWN, state=CONNECTING, exception={com.mongodb.MongoSocketWriteException: Exception sending message}, caused by {javax.net.ssl.SSLException: Received fatal alert: internal_error}}, {address=ac-bd180s9-shard-00-01.yvjbs2l.mongodb.net:27017, type=UNKNOWN, state=CONNECTING, exception={com.mongodb.MongoSocketWriteException: Exception sending message}, caused by {javax.net.ssl.SSLException: Received fatal alert: internal_error}}]; nested exception is com.mongodb.MongoTimeoutException: Timed out after 30000 ms while waiting for a server that matches com.mongodb.client.internal.MongoClientDelegate$1@781654f8. Client view of cluster state is {type=REPLICA_SET, servers=[{address=ac-bd180s9-shard-00-00.yvjbs2l.mongodb.net:27017, type=UNKNOWN, state=CONNECTING, exception={com.mongodb.MongoSocketWriteException: Exception sending message}, caused by {javax.net.ssl.SSLException: Received fatal alert: internal_error}}, {address=ac-bd180s9-shard-00-02.yvjbs2l.mongodb.net:27017, type=UNKNOWN, state=CONNECTING, exception={com.mongodb.MongoSocketWriteException: Exception sending message}, caused by {javax.net.ssl.SSLException: Received fatal alert: internal_error}}, {address=ac-bd180s9-shard-00-01.yvjbs2l.mongodb.net:27017, type=UNKNOWN, state=CONNECTING, exception={com.mongodb.MongoSocketWriteException: Exception sending message}, caused by {javax.net.ssl.SSLException: Received fatal alert: internal_error}}]
	at org.springframework.beans.factory.support.BeanDefinitionValueResolver.resolveReference(BeanDefinitionValueResolver.java:342)
	at org.springframework.beans.factory.support.BeanDefinitionValueResolver.resolveValueIfNecessary(BeanDefinitionValueResolver.java:113)
	at org.springframework.beans.factory.support.AbstractAutowireCapableBeanFactory.applyPropertyValues(AbstractAutowireCapableBeanFactory.java:1707)
	at org.springframework.beans.factory.support.AbstractAutowireCapableBeanFactory.populateBean(AbstractAutowireCapableBeanFactory.java:1452)
	at org.springframework.beans.factory.support.AbstractAutowireCapableBeanFactory.doCreateBean(AbstractAutowireCapableBeanFactory.java:619)
	at org.springframework.beans.factory.support.AbstractAutowireCapableBeanFactory.createBean(AbstractAutowireCapableBeanFactory.java:542)
	at org.springframework.beans.factory.support.AbstractBeanFactory.lambda$doGetBean$0(AbstractBeanFactory.java:335)
	at org.springframework.beans.factory.support.DefaultSingletonBeanRegistry.getSingleton(DefaultSingletonBeanRegistry.java:234)
	at org.springframework.beans.factory.support.AbstractBeanFactory.doGetBean(AbstractBeanFactory.java:333)
	at org.springframework.beans.factory.support.AbstractBeanFactory.getBean(AbstractBeanFactory.java:208)
	at org.springframework.beans.factory.config.DependencyDescriptor.resolveCandidate(DependencyDescriptor.java:276)
	at org.springframework.beans.factory.support.DefaultListableBeanFactory.doResolveDependency(DefaultListableBeanFactory.java:1391)
	at org.springframework.beans.factory.support.DefaultListableBeanFactory.resolveDependency(DefaultListableBeanFactory.java:1311)
	at org.springframework.beans.factory.annotation.AutowiredAnnotationBeanPostProcessor$AutowiredFieldElement.resolveFieldValue(AutowiredAnnotationBeanPostProcessor.java:710)
	... 90 common frames omitted
Caused by: org.springframework.beans.factory.BeanCreationException: Error creating bean with name 'mongoTemplate' defined in class path resource [org/springframework/boot/autoconfigure/data/mongo/MongoDatabaseFactoryDependentConfiguration.class]: Bean instantiation via factory method failed; nested exception is org.springframework.beans.BeanInstantiationException: Failed to instantiate [org.springframework.data.mongodb.core.MongoTemplate]: Factory method 'mongoTemplate' threw exception; nested exception is org.springframework.dao.DataAccessResourceFailureException: Timed out after 30000 ms while waiting for a server that matches com.mongodb.client.internal.MongoClientDelegate$1@781654f8. Client view of cluster state is {type=REPLICA_SET, servers=[{address=ac-bd180s9-shard-00-00.yvjbs2l.mongodb.net:27017, type=UNKNOWN, state=CONNECTING, exception={com.mongodb.MongoSocketWriteException: Exception sending message}, caused by {javax.net.ssl.SSLException: Received fatal alert: internal_error}}, {address=ac-bd180s9-shard-00-02.yvjbs2l.mongodb.net:27017, type=UNKNOWN, state=CONNECTING, exception={com.mongodb.MongoSocketWriteException: Exception sending message}, caused by {javax.net.ssl.SSLException: Received fatal alert: internal_error}}, {address=ac-bd180s9-shard-00-01.yvjbs2l.mongodb.net:27017, type=UNKNOWN, state=CONNECTING, exception={com.mongodb.MongoSocketWriteException: Exception sending message}, caused by {javax.net.ssl.SSLException: Received fatal alert: internal_error}}]; nested exception is com.mongodb.MongoTimeoutException: Timed out after 30000 ms while waiting for a server that matches com.mongodb.client.internal.MongoClientDelegate$1@781654f8. Client view of cluster state is {type=REPLICA_SET, servers=[{address=ac-bd180s9-shard-00-00.yvjbs2l.mongodb.net:27017, type=UNKNOWN, state=CONNECTING, exception={com.mongodb.MongoSocketWriteException: Exception sending message}, caused by {javax.net.ssl.SSLException: Received fatal alert: internal_error}}, {address=ac-bd180s9-shard-00-02.yvjbs2l.mongodb.net:27017, type=UNKNOWN, state=CONNECTING, exception={com.mongodb.MongoSocketWriteException: Exception sending message}, caused by {javax.net.ssl.SSLException: Received fatal alert: internal_error}}, {address=ac-bd180s9-shard-00-01.yvjbs2l.mongodb.net:27017, type=UNKNOWN, state=CONNECTING, exception={com.mongodb.MongoSocketWriteException: Exception sending message}, caused by {javax.net.ssl.SSLException: Received fatal alert: internal_error}}]
	at org.springframework.beans.factory.support.ConstructorResolver.instantiate(ConstructorResolver.java:653)
	at org.springframework.beans.factory.support.ConstructorResolver.instantiateUsingFactoryMethod(ConstructorResolver.java:633)
	at org.springframework.beans.factory.support.AbstractAutowireCapableBeanFactory.instantiateUsingFactoryMethod(AbstractAutowireCapableBeanFactory.java:1352)
	at org.springframework.beans.factory.support.AbstractAutowireCapableBeanFactory.createBeanInstance(AbstractAutowireCapableBeanFactory.java:1195)
	at org.springframework.beans.factory.support.AbstractAutowireCapableBeanFactory.doCreateBean(AbstractAutowireCapableBeanFactory.java:582)
	at org.springframework.beans.factory.support.AbstractAutowireCapableBeanFactory.createBean(AbstractAutowireCapableBeanFactory.java:542)
	at org.springframework.beans.factory.support.AbstractBeanFactory.lambda$doGetBean$0(AbstractBeanFactory.java:335)
	at org.springframework.beans.factory.support.DefaultSingletonBeanRegistry.getSingleton(DefaultSingletonBeanRegistry.java:234)
	at org.springframework.beans.factory.support.AbstractBeanFactory.doGetBean(AbstractBeanFactory.java:333)
	at org.springframework.beans.factory.support.AbstractBeanFactory.getBean(AbstractBeanFactory.java:208)
	at org.springframework.beans.factory.support.BeanDefinitionValueResolver.resolveReference(BeanDefinitionValueResolver.java:330)
	... 103 common frames omitted
Caused by: org.springframework.beans.BeanInstantiationException: Failed to instantiate [org.springframework.data.mongodb.core.MongoTemplate]: Factory method 'mongoTemplate' threw exception; nested exception is org.springframework.dao.DataAccessResourceFailureException: Timed out after 30000 ms while waiting for a server that matches com.mongodb.client.internal.MongoClientDelegate$1@781654f8. Client view of cluster state is {type=REPLICA_SET, servers=[{address=ac-bd180s9-shard-00-00.yvjbs2l.mongodb.net:27017, type=UNKNOWN, state=CONNECTING, exception={com.mongodb.MongoSocketWriteException: Exception sending message}, caused by {javax.net.ssl.SSLException: Received fatal alert: internal_error}}, {address=ac-bd180s9-shard-00-02.yvjbs2l.mongodb.net:27017, type=UNKNOWN, state=CONNECTING, exception={com.mongodb.MongoSocketWriteException: Exception sending message}, caused by {javax.net.ssl.SSLException: Received fatal alert: internal_error}}, {address=ac-bd180s9-shard-00-01.yvjbs2l.mongodb.net:27017, type=UNKNOWN, state=CONNECTING, exception={com.mongodb.MongoSocketWriteException: Exception sending message}, caused by {javax.net.ssl.SSLException: Received fatal alert: internal_error}}]; nested exception is com.mongodb.MongoTimeoutException: Timed out after 30000 ms while waiting for a server that matches com.mongodb.client.internal.MongoClientDelegate$1@781654f8. Client view of cluster state is {type=REPLICA_SET, servers=[{address=ac-bd180s9-shard-00-00.yvjbs2l.mongodb.net:27017, type=UNKNOWN, state=CONNECTING, exception={com.mongodb.MongoSocketWriteException: Exception sending message}, caused by {javax.net.ssl.SSLException: Received fatal alert: internal_error}}, {address=ac-bd180s9-shard-00-02.yvjbs2l.mongodb.net:27017, type=UNKNOWN, state=CONNECTING, exception={com.mongodb.MongoSocketWriteException: Exception sending message}, caused by {javax.net.ssl.SSLException: Received fatal alert: internal_error}}, {address=ac-bd180s9-shard-00-01.yvjbs2l.mongodb.net:27017, type=UNKNOWN, state=CONNECTING, exception={com.mongodb.MongoSocketWriteException: Exception sending message}, caused by {javax.net.ssl.SSLException: Received fatal alert: internal_error}}]
	at org.springframework.beans.factory.support.SimpleInstantiationStrategy.instantiate(SimpleInstantiationStrategy.java:185)
	at org.springframework.beans.factory.support.ConstructorResolver.instantiate(ConstructorResolver.java:648)
	... 113 common frames omitted
Caused by: org.springframework.dao.DataAccessResourceFailureException: Timed out after 30000 ms while waiting for a server that matches com.mongodb.client.internal.MongoClientDelegate$1@781654f8. Client view of cluster state is {type=REPLICA_SET, servers=[{address=ac-bd180s9-shard-00-00.yvjbs2l.mongodb.net:27017, type=UNKNOWN, state=CONNECTING, exception={com.mongodb.MongoSocketWriteException: Exception sending message}, caused by {javax.net.ssl.SSLException: Received fatal alert: internal_error}}, {address=ac-bd180s9-shard-00-02.yvjbs2l.mongodb.net:27017, type=UNKNOWN, state=CONNECTING, exception={com.mongodb.MongoSocketWriteException: Exception sending message}, caused by {javax.net.ssl.SSLException: Received fatal alert: internal_error}}, {address=ac-bd180s9-shard-00-01.yvjbs2l.mongodb.net:27017, type=UNKNOWN, state=CONNECTING, exception={com.mongodb.MongoSocketWriteException: Exception sending message}, caused by {javax.net.ssl.SSLException: Received fatal alert: internal_error}}]; nested exception is com.mongodb.MongoTimeoutException: Timed out after 30000 ms while waiting for a server that matches com.mongodb.client.internal.MongoClientDelegate$1@781654f8. Client view of cluster state is {type=REPLICA_SET, servers=[{address=ac-bd180s9-shard-00-00.yvjbs2l.mongodb.net:27017, type=UNKNOWN, state=CONNECTING, exception={com.mongodb.MongoSocketWriteException: Exception sending message}, caused by {javax.net.ssl.SSLException: Received fatal alert: internal_error}}, {address=ac-bd180s9-shard-00-02.yvjbs2l.mongodb.net:27017, type=UNKNOWN, state=CONNECTING, exception={com.mongodb.MongoSocketWriteException: Exception sending message}, caused by {javax.net.ssl.SSLException: Received fatal alert: internal_error}}, {address=ac-bd180s9-shard-00-01.yvjbs2l.mongodb.net:27017, type=UNKNOWN, state=CONNECTING, exception={com.mongodb.MongoSocketWriteException: Exception sending message}, caused by {javax.net.ssl.SSLException: Received fatal alert: internal_error}}]
	at org.springframework.data.mongodb.core.MongoExceptionTranslator.translateExceptionIfPossible(MongoExceptionTranslator.java:95)
	at org.springframework.data.mongodb.core.MongoTemplate.potentiallyConvertRuntimeException(MongoTemplate.java:3029)
	at org.springframework.data.mongodb.core.MongoTemplate.execute(MongoTemplate.java:581)
	at org.springframework.data.mongodb.core.DefaultIndexOperations.execute(DefaultIndexOperations.java:215)
	at org.springframework.data.mongodb.core.DefaultIndexOperations.ensureIndex(DefaultIndexOperations.java:121)
	at org.springframework.data.mongodb.core.index.MongoPersistentEntityIndexCreator.createIndex(MongoPersistentEntityIndexCreator.java:157)
	at org.springframework.data.mongodb.core.index.MongoPersistentEntityIndexCreator.checkForAndCreateIndexes(MongoPersistentEntityIndexCreator.java:147)
	at org.springframework.data.mongodb.core.index.MongoPersistentEntityIndexCreator.checkForIndexes(MongoPersistentEntityIndexCreator.java:131)
	at org.springframework.data.mongodb.core.index.MongoPersistentEntityIndexCreator.<init>(MongoPersistentEntityIndexCreator.java:96)
	at org.springframework.data.mongodb.core.index.MongoPersistentEntityIndexCreator.<init>(MongoPersistentEntityIndexCreator.java:73)
	at org.springframework.data.mongodb.core.MongoTemplate.<init>(MongoTemplate.java:224)
	at org.springframework.boot.autoconfigure.data.mongo.MongoDatabaseFactoryDependentConfiguration.mongoTemplate(MongoDatabaseFactoryDependentConfiguration.java:63)
	at java.base/jdk.internal.reflect.DirectMethodHandleAccessor.invoke(DirectMethodHandleAccessor.java:103)
	at java.base/java.lang.reflect.Method.invoke(Method.java:580)
	at org.springframework.beans.factory.support.SimpleInstantiationStrategy.instantiate(SimpleInstantiationStrategy.java:154)
	... 114 common frames omitted
Caused by: com.mongodb.MongoTimeoutException: Timed out after 30000 ms while waiting for a server that matches com.mongodb.client.internal.MongoClientDelegate$1@781654f8. Client view of cluster state is {type=REPLICA_SET, servers=[{address=ac-bd180s9-shard-00-00.yvjbs2l.mongodb.net:27017, type=UNKNOWN, state=CONNECTING, exception={com.mongodb.MongoSocketWriteException: Exception sending message}, caused by {javax.net.ssl.SSLException: Received fatal alert: internal_error}}, {address=ac-bd180s9-shard-00-02.yvjbs2l.mongodb.net:27017, type=UNKNOWN, state=CONNECTING, exception={com.mongodb.MongoSocketWriteException: Exception sending message}, caused by {javax.net.ssl.SSLException: Received fatal alert: internal_error}}, {address=ac-bd180s9-shard-00-01.yvjbs2l.mongodb.net:27017, type=UNKNOWN, state=CONNECTING, exception={com.mongodb.MongoSocketWriteException: Exception sending message}, caused by {javax.net.ssl.SSLException: Received fatal alert: internal_error}}]
	at com.mongodb.internal.connection.BaseCluster.createTimeoutException(BaseCluster.java:424)
	at com.mongodb.internal.connection.BaseCluster.selectServer(BaseCluster.java:121)
	at com.mongodb.internal.connection.AbstractMultiServerCluster.selectServer(AbstractMultiServerCluster.java:50)
	at com.mongodb.client.internal.MongoClientDelegate.getConnectedClusterDescription(MongoClientDelegate.java:146)
	at com.mongodb.client.internal.MongoClientDelegate.createClientSession(MongoClientDelegate.java:101)
	at com.mongodb.client.internal.MongoClientDelegate$DelegateOperationExecutor.getClientSession(MongoClientDelegate.java:291)
	at com.mongodb.client.internal.MongoClientDelegate$DelegateOperationExecutor.execute(MongoClientDelegate.java:207)
	at com.mongodb.client.internal.MongoCollectionImpl.executeCreateIndexes(MongoCollectionImpl.java:848)
	at com.mongodb.client.internal.MongoCollectionImpl.createIndexes(MongoCollectionImpl.java:831)
	at com.mongodb.client.internal.MongoCollectionImpl.createIndexes(MongoCollectionImpl.java:826)
	at com.mongodb.client.internal.MongoCollectionImpl.createIndex(MongoCollectionImpl.java:811)
	at org.springframework.data.mongodb.core.DefaultIndexOperations.lambda$ensureIndex$0(DefaultIndexOperations.java:131)
	at org.springframework.data.mongodb.core.MongoTemplate.execute(MongoTemplate.java:579)
	... 126 common frames omitted
2026-08-20 21:52:32 INFO  o.s.b.t.c.SpringBootTestContextBootstrapper - Neither @ContextConfiguration nor @ContextHierarchy found for test class [com.journalApp.service.EmailServiceTests], using SpringBootContextLoader
2026-08-20 21:52:32 INFO  o.s.t.c.s.AbstractContextLoader - Could not detect default resource locations for test class [com.journalApp.service.EmailServiceTests]: no resource found for suffixes {-context.xml, Context.groovy}.
2026-08-20 21:52:32 INFO  o.s.t.c.s.AnnotationConfigContextLoaderUtils - Could not detect default configuration classes for test class [com.journalApp.service.EmailServiceTests]: EmailServiceTests does not declare any static, non-private, non-final, nested classes annotated with @Configuration.
2026-08-20 21:52:32 INFO  o.s.b.t.c.SpringBootTestContextBootstrapper - Found @SpringBootConfiguration com.journalApp.JournalAppApplication for test class com.journalApp.service.EmailServiceTests
2026-08-20 21:52:33 INFO  o.s.b.t.c.SpringBootTestContextBootstrapper - Loaded default TestExecutionListener class names from location [META-INF/spring.factories]: [org.springframework.boot.test.mock.mockito.MockitoTestExecutionListener, org.springframework.boot.test.mock.mockito.ResetMocksTestExecutionListener, org.springframework.boot.test.autoconfigure.restdocs.RestDocsTestExecutionListener, org.springframework.boot.test.autoconfigure.web.client.MockRestServiceServerResetTestExecutionListener, org.springframework.boot.test.autoconfigure.web.servlet.MockMvcPrintOnlyOnFailureTestExecutionListener, org.springframework.boot.test.autoconfigure.web.servlet.WebDriverTestExecutionListener, org.springframework.boot.test.autoconfigure.webservices.client.MockWebServiceServerTestExecutionListener, org.springframework.test.context.web.ServletTestExecutionListener, org.springframework.test.context.support.DirtiesContextBeforeModesTestExecutionListener, org.springframework.test.context.event.ApplicationEventsTestExecutionListener, org.springframework.test.context.support.DependencyInjectionTestExecutionListener, org.springframework.test.context.support.DirtiesContextTestExecutionListener, org.springframework.test.context.transaction.TransactionalTestExecutionListener, org.springframework.test.context.jdbc.SqlScriptsTestExecutionListener, org.springframework.test.context.event.EventPublishingTestExecutionListener]
2026-08-20 21:52:33 INFO  o.s.b.t.c.SpringBootTestContextBootstrapper - Using TestExecutionListeners: [org.springframework.test.context.web.ServletTestExecutionListener@3b956878, org.springframework.test.context.support.DirtiesContextBeforeModesTestExecutionListener@36546a22, org.springframework.test.context.event.ApplicationEventsTestExecutionListener@285c08c8, org.springframework.boot.test.mock.mockito.MockitoTestExecutionListener@295eaa7c, org.springframework.boot.test.autoconfigure.SpringBootDependencyInjectionTestExecutionListener@3918c187, org.springframework.test.context.support.DirtiesContextTestExecutionListener@2c88b9fc, org.springframework.test.context.transaction.TransactionalTestExecutionListener@64dafeed, org.springframework.test.context.jdbc.SqlScriptsTestExecutionListener@388ba540, org.springframework.test.context.event.EventPublishingTestExecutionListener@47605f2f, org.springframework.boot.test.mock.mockito.ResetMocksTestExecutionListener@2ece4966, org.springframework.boot.test.autoconfigure.restdocs.RestDocsTestExecutionListener@1dd0e7c4, org.springframework.boot.test.autoconfigure.web.client.MockRestServiceServerResetTestExecutionListener@7894f09b, org.springframework.boot.test.autoconfigure.web.servlet.MockMvcPrintOnlyOnFailureTestExecutionListener@3d484181, org.springframework.boot.test.autoconfigure.web.servlet.WebDriverTestExecutionListener@6111ba37, org.springframework.boot.test.autoconfigure.webservices.client.MockWebServiceServerTestExecutionListener@7be58f16]
2026-08-20 21:52:33 INFO  c.j.service.EmailServiceTests - Starting EmailServiceTests using Java 21.0.4 on SHAHID with PID 6352 (started by MD SHAHID ANSARI in C:\Users\MD SHAHID ANSARI\IdeaProjects\journalApp\journalApp)
2026-08-20 21:52:33 INFO  c.j.service.EmailServiceTests - The following 1 profile is active: "dev"
2026-08-20 21:52:35 INFO  o.s.d.r.c.RepositoryConfigurationDelegate - Multiple Spring Data modules found, entering strict repository configuration mode
2026-08-20 21:52:35 INFO  o.s.d.r.c.RepositoryConfigurationDelegate - Bootstrapping Spring Data MongoDB repositories in DEFAULT mode.
2026-08-20 21:52:35 INFO  o.s.d.r.c.RepositoryConfigurationDelegate - Finished Spring Data repository scanning in 314 ms. Found 3 MongoDB repository interfaces.
2026-08-20 21:52:35 INFO  o.s.d.r.c.RepositoryConfigurationDelegate - Multiple Spring Data modules found, entering strict repository configuration mode
2026-08-20 21:52:35 INFO  o.s.d.r.c.RepositoryConfigurationDelegate - Bootstrapping Spring Data Redis repositories in DEFAULT mode.
2026-08-20 21:52:35 INFO  o.s.d.r.c.RepositoryConfigurationExtensionSupport - Spring Data Redis - Could not safely identify store assignment for repository candidate interface com.journalApp.repository.ConfigJournalAppRepository; If you want this repository to be a Redis repository, consider annotating your entities with one of these annotations: org.springframework.data.redis.core.RedisHash (preferred), or consider extending one of the following types with your repository: org.springframework.data.keyvalue.repository.KeyValueRepository
2026-08-20 21:52:35 INFO  o.s.d.r.c.RepositoryConfigurationExtensionSupport - Spring Data Redis - Could not safely identify store assignment for repository candidate interface com.journalApp.repository.JournalEntryRepository; If you want this repository to be a Redis repository, consider annotating your entities with one of these annotations: org.springframework.data.redis.core.RedisHash (preferred), or consider extending one of the following types with your repository: org.springframework.data.keyvalue.repository.KeyValueRepository
2026-08-20 21:52:35 INFO  o.s.d.r.c.RepositoryConfigurationExtensionSupport - Spring Data Redis - Could not safely identify store assignment for repository candidate interface com.journalApp.repository.UserRepository; If you want this repository to be a Redis repository, consider annotating your entities with one of these annotations: org.springframework.data.redis.core.RedisHash (preferred), or consider extending one of the following types with your repository: org.springframework.data.keyvalue.repository.KeyValueRepository
2026-08-20 21:52:35 INFO  o.s.d.r.c.RepositoryConfigurationDelegate - Finished Spring Data repository scanning in 23 ms. Found 0 Redis repository interfaces.
2026-08-20 21:52:37 INFO  org.mongodb.driver.client - MongoClient with metadata {"driver": {"name": "mongo-java-driver|sync|spring-boot", "version": "4.6.1"}, "os": {"type": "Windows", "name": "Windows 11", "architecture": "amd64", "version": "10.0"}, "platform": "Java/Oracle Corporation/21.0.4+8-LTS-274", "application": {"name": "Cluster0"}} created with settings MongoClientSettings{readPreference=primary, writeConcern=WriteConcern{w=null, wTimeout=null ms, journal=null}, retryWrites=true, retryReads=true, readConcern=ReadConcern{level=null}, credential=MongoCredential{mechanism=null, userName='mdshahidans2005_db_user', source='admin', password=<hidden>, mechanismProperties=<hidden>}, streamFactoryFactory=null, commandListeners=[], codecRegistry=ProvidersCodecRegistry{codecProviders=[ValueCodecProvider{}, BsonValueCodecProvider{}, DBRefCodecProvider{}, DBObjectCodecProvider{}, DocumentCodecProvider{}, IterableCodecProvider{}, MapCodecProvider{}, GeoJsonCodecProvider{}, GridFSFileCodecProvider{}, Jsr310CodecProvider{}, JsonObjectCodecProvider{}, BsonCodecProvider{}, EnumCodecProvider{}, com.mongodb.Jep395RecordCodecProvider@644d1b61]}, clusterSettings={hosts=[127.0.0.1:27017], srvHost=cluster0.yvjbs2l.mongodb.net, srvServiceName=mongodb, mode=MULTIPLE, requiredClusterType=REPLICA_SET, requiredReplicaSetName='atlas-lpe6sk-shard-0', serverSelector='null', clusterListeners='[]', serverSelectionTimeout='30000 ms', localThreshold='30000 ms'}, socketSettings=SocketSettings{connectTimeoutMS=10000, readTimeoutMS=0, receiveBufferSize=0, sendBufferSize=0}, heartbeatSocketSettings=SocketSettings{connectTimeoutMS=10000, readTimeoutMS=10000, receiveBufferSize=0, sendBufferSize=0}, connectionPoolSettings=ConnectionPoolSettings{maxSize=100, minSize=0, maxWaitTimeMS=120000, maxConnectionLifeTimeMS=0, maxConnectionIdleTimeMS=0, maintenanceInitialDelayMS=0, maintenanceFrequencyMS=60000, connectionPoolListeners=[], maxConnecting=2}, serverSettings=ServerSettings{heartbeatFrequencyMS=10000, minHeartbeatFrequencyMS=500, serverListeners='[]', serverMonitorListeners='[]'}, sslSettings=SslSettings{enabled=true, invalidHostNameAllowed=false, context=null}, applicationName='Cluster0', compressorList=[], uuidRepresentation=JAVA_LEGACY, serverApi=null, autoEncryptionSettings=null, contextProvider=null}
2026-08-20 21:52:37 INFO  org.mongodb.driver.cluster - Adding discovered server ac-bd180s9-shard-00-00.yvjbs2l.mongodb.net:27017 to client view of cluster
2026-08-20 21:52:37 INFO  org.mongodb.driver.cluster - Cluster description not yet available. Waiting for 30000 ms before timing out
2026-08-20 21:52:37 INFO  org.mongodb.driver.cluster - Adding discovered server ac-bd180s9-shard-00-01.yvjbs2l.mongodb.net:27017 to client view of cluster
2026-08-20 21:52:37 INFO  org.mongodb.driver.cluster - Adding discovered server ac-bd180s9-shard-00-02.yvjbs2l.mongodb.net:27017 to client view of cluster
2026-08-20 21:52:37 INFO  org.mongodb.driver.cluster - No server chosen by com.mongodb.client.internal.MongoClientDelegate$1@42cf6349 from cluster description ClusterDescription{type=REPLICA_SET, connectionMode=MULTIPLE, serverDescriptions=[ServerDescription{address=ac-bd180s9-shard-00-00.yvjbs2l.mongodb.net:27017, type=UNKNOWN, state=CONNECTING}, ServerDescription{address=ac-bd180s9-shard-00-02.yvjbs2l.mongodb.net:27017, type=UNKNOWN, state=CONNECTING}, ServerDescription{address=ac-bd180s9-shard-00-01.yvjbs2l.mongodb.net:27017, type=UNKNOWN, state=CONNECTING}]}. Waiting for 30000 ms before timing out
2026-08-20 21:52:39 INFO  org.mongodb.driver.connection - Opened connection [connectionId{localValue:3, serverValue:247355}] to ac-bd180s9-shard-00-01.yvjbs2l.mongodb.net:27017
2026-08-20 21:52:39 INFO  org.mongodb.driver.connection - Opened connection [connectionId{localValue:2, serverValue:255066}] to ac-bd180s9-shard-00-02.yvjbs2l.mongodb.net:27017
2026-08-20 21:52:39 INFO  org.mongodb.driver.connection - Opened connection [connectionId{localValue:6, serverValue:250651}] to ac-bd180s9-shard-00-00.yvjbs2l.mongodb.net:27017
2026-08-20 21:52:39 INFO  org.mongodb.driver.connection - Opened connection [connectionId{localValue:5, serverValue:247355}] to ac-bd180s9-shard-00-01.yvjbs2l.mongodb.net:27017
2026-08-20 21:52:39 INFO  org.mongodb.driver.connection - Opened connection [connectionId{localValue:4, serverValue:255066}] to ac-bd180s9-shard-00-02.yvjbs2l.mongodb.net:27017
2026-08-20 21:52:39 INFO  org.mongodb.driver.connection - Opened connection [connectionId{localValue:1, serverValue:250633}] to ac-bd180s9-shard-00-00.yvjbs2l.mongodb.net:27017
2026-08-20 21:52:39 INFO  org.mongodb.driver.cluster - Monitor thread successfully connected to server with description ServerDescription{address=ac-bd180s9-shard-00-01.yvjbs2l.mongodb.net:27017, type=REPLICA_SET_SECONDARY, state=CONNECTED, ok=true, minWireVersion=0, maxWireVersion=25, maxDocumentSize=16777216, logicalSessionTimeoutMinutes=30, roundTripTimeNanos=723196800, setName='atlas-lpe6sk-shard-0', canonicalAddress=ac-bd180s9-shard-00-01.yvjbs2l.mongodb.net:27017, hosts=[ac-bd180s9-shard-00-01.yvjbs2l.mongodb.net:27017, ac-bd180s9-shard-00-02.yvjbs2l.mongodb.net:27017, ac-bd180s9-shard-00-00.yvjbs2l.mongodb.net:27017], passives=[], arbiters=[], primary='ac-bd180s9-shard-00-02.yvjbs2l.mongodb.net:27017', tagSet=TagSet{[Tag{name='availabilityZone', value='aps1-az3'}, Tag{name='cacheState', value='READY'}, Tag{name='diskState', value='READY'}, Tag{name='nodeType', value='ELECTABLE'}, Tag{name='provider', value='AWS'}, Tag{name='region', value='AP_SOUTH_1'}, Tag{name='workloadType', value='OPERATIONAL'}]}, electionId=null, setVersion=297, topologyVersion=TopologyVersion{processId=6a7b3fc5ee64108dce410aaf, counter=5}, lastWriteDate=Thu Aug 20 21:52:38 IST 2026, lastUpdateTimeNanos=1902394725700}
2026-08-20 21:52:39 INFO  org.mongodb.driver.cluster - Monitor thread successfully connected to server with description ServerDescription{address=ac-bd180s9-shard-00-02.yvjbs2l.mongodb.net:27017, type=REPLICA_SET_PRIMARY, state=CONNECTED, ok=true, minWireVersion=0, maxWireVersion=25, maxDocumentSize=16777216, logicalSessionTimeoutMinutes=30, roundTripTimeNanos=722070300, setName='atlas-lpe6sk-shard-0', canonicalAddress=ac-bd180s9-shard-00-02.yvjbs2l.mongodb.net:27017, hosts=[ac-bd180s9-shard-00-01.yvjbs2l.mongodb.net:27017, ac-bd180s9-shard-00-02.yvjbs2l.mongodb.net:27017, ac-bd180s9-shard-00-00.yvjbs2l.mongodb.net:27017], passives=[], arbiters=[], primary='ac-bd180s9-shard-00-02.yvjbs2l.mongodb.net:27017', tagSet=TagSet{[Tag{name='availabilityZone', value='aps1-az2'}, Tag{name='cacheState', value='READY'}, Tag{name='diskState', value='READY'}, Tag{name='nodeType', value='ELECTABLE'}, Tag{name='provider', value='AWS'}, Tag{name='region', value='AP_SOUTH_1'}, Tag{name='workloadType', value='OPERATIONAL'}]}, electionId=7fffffff000000000000012d, setVersion=297, topologyVersion=TopologyVersion{processId=6a7b3d358e68804eae9a242f, counter=10}, lastWriteDate=Thu Aug 20 21:52:38 IST 2026, lastUpdateTimeNanos=1902393673700}
2026-08-20 21:52:39 INFO  org.mongodb.driver.cluster - Monitor thread successfully connected to server with description ServerDescription{address=ac-bd180s9-shard-00-00.yvjbs2l.mongodb.net:27017, type=REPLICA_SET_SECONDARY, state=CONNECTED, ok=true, minWireVersion=0, maxWireVersion=25, maxDocumentSize=16777216, logicalSessionTimeoutMinutes=30, roundTripTimeNanos=723364400, setName='atlas-lpe6sk-shard-0', canonicalAddress=ac-bd180s9-shard-00-00.yvjbs2l.mongodb.net:27017, hosts=[ac-bd180s9-shard-00-01.yvjbs2l.mongodb.net:27017, ac-bd180s9-shard-00-02.yvjbs2l.mongodb.net:27017, ac-bd180s9-shard-00-00.yvjbs2l.mongodb.net:27017], passives=[], arbiters=[], primary='ac-bd180s9-shard-00-02.yvjbs2l.mongodb.net:27017', tagSet=TagSet{[Tag{name='availabilityZone', value='aps1-az1'}, Tag{name='cacheState', value='READY'}, Tag{name='diskState', value='READY'}, Tag{name='nodeType', value='ELECTABLE'}, Tag{name='provider', value='AWS'}, Tag{name='region', value='AP_SOUTH_1'}, Tag{name='workloadType', value='OPERATIONAL'}]}, electionId=null, setVersion=297, topologyVersion=TopologyVersion{processId=6a7b3ab66a60f4deb1771140, counter=10}, lastWriteDate=Thu Aug 20 21:52:38 IST 2026, lastUpdateTimeNanos=1902394893000}
2026-08-20 21:52:39 INFO  org.mongodb.driver.cluster - Setting max election id to 7fffffff000000000000012d from replica set primary ac-bd180s9-shard-00-02.yvjbs2l.mongodb.net:27017
2026-08-20 21:52:39 INFO  org.mongodb.driver.cluster - Setting max set version to 297 from replica set primary ac-bd180s9-shard-00-02.yvjbs2l.mongodb.net:27017
2026-08-20 21:52:39 INFO  org.mongodb.driver.cluster - Discovered replica set primary ac-bd180s9-shard-00-02.yvjbs2l.mongodb.net:27017
2026-08-20 21:52:39 INFO  org.mongodb.driver.connection - Opened connection [connectionId{localValue:7, serverValue:255087}] to ac-bd180s9-shard-00-02.yvjbs2l.mongodb.net:27017
2026-08-20 21:52:41 INFO  o.s.s.web.DefaultSecurityFilterChain - Will secure any request with [org.springframework.security.web.session.DisableEncodeUrlFilter@54275b5d, org.springframework.security.web.context.request.async.WebAsyncManagerIntegrationFilter@5d01b0d8, org.springframework.security.web.context.SecurityContextPersistenceFilter@1de73d37, org.springframework.security.web.header.HeaderWriterFilter@5d6b42cf, org.springframework.security.web.authentication.logout.LogoutFilter@779228dc, org.springframework.security.web.authentication.www.BasicAuthenticationFilter@5e541ef9, org.springframework.security.web.savedrequest.RequestCacheAwareFilter@1f9a7684, org.springframework.security.web.servletapi.SecurityContextHolderAwareRequestFilter@4de91056, org.springframework.security.web.authentication.AnonymousAuthenticationFilter@271e851e, org.springframework.security.web.session.SessionManagementFilter@305aaedf, org.springframework.security.web.access.ExceptionTranslationFilter@1d7f2f0a, org.springframework.security.web.access.intercept.FilterSecurityInterceptor@1de85972]
2026-08-20 21:52:43 INFO  c.j.service.EmailServiceTests - Started EmailServiceTests in 10.197 seconds (JVM running for 13.535)
2026-08-20 21:52:45 ERROR com.journalApp.service.EmailService - Exception while sendEmail
org.springframework.mail.MailSendException: Mail server connection failed; nested exception is javax.mail.MessagingException: Could not convert socket to TLS;
  nested exception is:
	javax.net.ssl.SSLHandshakeException: PKIX path building failed: sun.security.provider.certpath.SunCertPathBuilderException: unable to find valid certification path to requested target. Failed messages: javax.mail.MessagingException: Could not convert socket to TLS;
  nested exception is:
	javax.net.ssl.SSLHandshakeException: PKIX path building failed: sun.security.provider.certpath.SunCertPathBuilderException: unable to find valid certification path to requested target
	at org.springframework.mail.javamail.JavaMailSenderImpl.doSend(JavaMailSenderImpl.java:448)
	at org.springframework.mail.javamail.JavaMailSenderImpl.send(JavaMailSenderImpl.java:323)
	at org.springframework.mail.javamail.JavaMailSenderImpl.send(JavaMailSenderImpl.java:312)
	at com.journalApp.service.EmailService.sendEmail(EmailService.java:22)
	at com.journalApp.service.EmailServiceTests.testSendEmail(EmailServiceTests.java:14)
	at java.base/jdk.internal.reflect.DirectMethodHandleAccessor.invoke(DirectMethodHandleAccessor.java:103)
	at java.base/java.lang.reflect.Method.invoke(Method.java:580)
	at org.junit.platform.commons.util.ReflectionUtils.invokeMethod(ReflectionUtils.java:725)
	at org.junit.jupiter.engine.execution.MethodInvocation.proceed(MethodInvocation.java:60)
	at org.junit.jupiter.engine.execution.InvocationInterceptorChain$ValidatingInvocation.proceed(InvocationInterceptorChain.java:131)
	at org.junit.jupiter.engine.extension.TimeoutExtension.intercept(TimeoutExtension.java:149)
	at org.junit.jupiter.engine.extension.TimeoutExtension.interceptTestableMethod(TimeoutExtension.java:140)
	at org.junit.jupiter.engine.extension.TimeoutExtension.interceptTestMethod(TimeoutExtension.java:84)
	at org.junit.jupiter.engine.execution.ExecutableInvoker$ReflectiveInterceptorCall.lambda$ofVoidMethod$0(ExecutableInvoker.java:115)
	at org.junit.jupiter.engine.execution.ExecutableInvoker.lambda$invoke$0(ExecutableInvoker.java:105)
	at org.junit.jupiter.engine.execution.InvocationInterceptorChain$InterceptedInvocation.proceed(InvocationInterceptorChain.java:106)
	at org.junit.jupiter.engine.execution.InvocationInterceptorChain.proceed(InvocationInterceptorChain.java:64)
	at org.junit.jupiter.engine.execution.InvocationInterceptorChain.chainAndInvoke(InvocationInterceptorChain.java:45)
	at org.junit.jupiter.engine.execution.InvocationInterceptorChain.invoke(InvocationInterceptorChain.java:37)
	at org.junit.jupiter.engine.execution.ExecutableInvoker.invoke(ExecutableInvoker.java:104)
	at org.junit.jupiter.engine.execution.ExecutableInvoker.invoke(ExecutableInvoker.java:98)
	at org.junit.jupiter.engine.descriptor.TestMethodTestDescriptor.lambda$invokeTestMethod$7(TestMethodTestDescriptor.java:214)
	at org.junit.platform.engine.support.hierarchical.ThrowableCollector.execute(ThrowableCollector.java:73)
	at org.junit.jupiter.engine.descriptor.TestMethodTestDescriptor.invokeTestMethod(TestMethodTestDescriptor.java:210)
	at org.junit.jupiter.engine.descriptor.TestMethodTestDescriptor.execute(TestMethodTestDescriptor.java:135)
	at org.junit.jupiter.engine.descriptor.TestMethodTestDescriptor.execute(TestMethodTestDescriptor.java:66)
	at org.junit.platform.engine.support.hierarchical.NodeTestTask.lambda$executeRecursively$6(NodeTestTask.java:151)
	at org.junit.platform.engine.support.hierarchical.ThrowableCollector.execute(ThrowableCollector.java:73)
	at org.junit.platform.engine.support.hierarchical.NodeTestTask.lambda$executeRecursively$8(NodeTestTask.java:141)
	at org.junit.platform.engine.support.hierarchical.Node.around(Node.java:137)
	at org.junit.platform.engine.support.hierarchical.NodeTestTask.lambda$executeRecursively$9(NodeTestTask.java:139)
	at org.junit.platform.engine.support.hierarchical.ThrowableCollector.execute(ThrowableCollector.java:73)
	at org.junit.platform.engine.support.hierarchical.NodeTestTask.executeRecursively(NodeTestTask.java:138)
	at org.junit.platform.engine.support.hierarchical.NodeTestTask.execute(NodeTestTask.java:95)
	at java.base/java.util.ArrayList.forEach(ArrayList.java:1596)
	at org.junit.platform.engine.support.hierarchical.SameThreadHierarchicalTestExecutorService.invokeAll(SameThreadHierarchicalTestExecutorService.java:41)
	at org.junit.platform.engine.support.hierarchical.NodeTestTask.lambda$executeRecursively$6(NodeTestTask.java:155)
	at org.junit.platform.engine.support.hierarchical.ThrowableCollector.execute(ThrowableCollector.java:73)
	at org.junit.platform.engine.support.hierarchical.NodeTestTask.lambda$executeRecursively$8(NodeTestTask.java:141)
	at org.junit.platform.engine.support.hierarchical.Node.around(Node.java:137)
	at org.junit.platform.engine.support.hierarchical.NodeTestTask.lambda$executeRecursively$9(NodeTestTask.java:139)
	at org.junit.platform.engine.support.hierarchical.ThrowableCollector.execute(ThrowableCollector.java:73)
	at org.junit.platform.engine.support.hierarchical.NodeTestTask.executeRecursively(NodeTestTask.java:138)
	at org.junit.platform.engine.support.hierarchical.NodeTestTask.execute(NodeTestTask.java:95)
	at java.base/java.util.ArrayList.forEach(ArrayList.java:1596)
	at org.junit.platform.engine.support.hierarchical.SameThreadHierarchicalTestExecutorService.invokeAll(SameThreadHierarchicalTestExecutorService.java:41)
	at org.junit.platform.engine.support.hierarchical.NodeTestTask.lambda$executeRecursively$6(NodeTestTask.java:155)
	at org.junit.platform.engine.support.hierarchical.ThrowableCollector.execute(ThrowableCollector.java:73)
	at org.junit.platform.engine.support.hierarchical.NodeTestTask.lambda$executeRecursively$8(NodeTestTask.java:141)
	at org.junit.platform.engine.support.hierarchical.Node.around(Node.java:137)
	at org.junit.platform.engine.support.hierarchical.NodeTestTask.lambda$executeRecursively$9(NodeTestTask.java:139)
	at org.junit.platform.engine.support.hierarchical.ThrowableCollector.execute(ThrowableCollector.java:73)
	at org.junit.platform.engine.support.hierarchical.NodeTestTask.executeRecursively(NodeTestTask.java:138)
	at org.junit.platform.engine.support.hierarchical.NodeTestTask.execute(NodeTestTask.java:95)
	at org.junit.platform.engine.support.hierarchical.SameThreadHierarchicalTestExecutorService.submit(SameThreadHierarchicalTestExecutorService.java:35)
	at org.junit.platform.engine.support.hierarchical.HierarchicalTestExecutor.execute(HierarchicalTestExecutor.java:57)
	at org.junit.platform.engine.support.hierarchical.HierarchicalTestEngine.execute(HierarchicalTestEngine.java:54)
	at org.junit.platform.launcher.core.EngineExecutionOrchestrator.execute(EngineExecutionOrchestrator.java:107)
	at org.junit.platform.launcher.core.EngineExecutionOrchestrator.execute(EngineExecutionOrchestrator.java:88)
	at org.junit.platform.launcher.core.EngineExecutionOrchestrator.lambda$execute$0(EngineExecutionOrchestrator.java:54)
	at org.junit.platform.launcher.core.EngineExecutionOrchestrator.withInterceptedStreams(EngineExecutionOrchestrator.java:67)
	at org.junit.platform.launcher.core.EngineExecutionOrchestrator.execute(EngineExecutionOrchestrator.java:52)
	at org.junit.platform.launcher.core.DefaultLauncher.execute(DefaultLauncher.java:114)
	at org.junit.platform.launcher.core.DefaultLauncher.execute(DefaultLauncher.java:86)
	at org.junit.platform.launcher.core.DefaultLauncherSession$DelegatingLauncher.execute(DefaultLauncherSession.java:86)
	at org.junit.platform.launcher.core.SessionPerRequestLauncher.execute(SessionPerRequestLauncher.java:53)
	at com.intellij.junit5.JUnit5IdeaTestRunner.startRunnerWithArgs(JUnit5IdeaTestRunner.java:66)
	at com.intellij.rt.junit.IdeaTestRunner$Repeater$1.execute(IdeaTestRunner.java:38)
	at com.intellij.rt.execution.junit.TestsRepeater.repeat(TestsRepeater.java:11)
	at com.intellij.rt.junit.IdeaTestRunner$Repeater.startRunnerWithArgs(IdeaTestRunner.java:35)
	at com.intellij.rt.junit.JUnitStarter.prepareStreamsAndStart(JUnitStarter.java:237)
	at com.intellij.rt.junit.JUnitStarter.main(JUnitStarter.java:58)
Caused by: javax.mail.MessagingException: Could not convert socket to TLS
	at com.sun.mail.smtp.SMTPTransport.startTLS(SMTPTransport.java:2140)
	at com.sun.mail.smtp.SMTPTransport.protocolConnect(SMTPTransport.java:734)
	at javax.mail.Service.connect(Service.java:342)
	at org.springframework.mail.javamail.JavaMailSenderImpl.connectTransport(JavaMailSenderImpl.java:518)
	at org.springframework.mail.javamail.JavaMailSenderImpl.doSend(JavaMailSenderImpl.java:437)
	... 71 common frames omitted
Caused by: javax.net.ssl.SSLHandshakeException: PKIX path building failed: sun.security.provider.certpath.SunCertPathBuilderException: unable to find valid certification path to requested target
	at java.base/sun.security.ssl.Alert.createSSLException(Alert.java:130)
	at java.base/sun.security.ssl.TransportContext.fatal(TransportContext.java:378)
	at java.base/sun.security.ssl.TransportContext.fatal(TransportContext.java:321)
	at java.base/sun.security.ssl.TransportContext.fatal(TransportContext.java:316)
	at java.base/sun.security.ssl.CertificateMessage$T13CertificateConsumer.checkServerCerts(CertificateMessage.java:1318)
	at java.base/sun.security.ssl.CertificateMessage$T13CertificateConsumer.onConsumeCertificate(CertificateMessage.java:1195)
	at java.base/sun.security.ssl.CertificateMessage$T13CertificateConsumer.consume(CertificateMessage.java:1138)
	at java.base/sun.security.ssl.SSLHandshake.consume(SSLHandshake.java:393)
	at java.base/sun.security.ssl.HandshakeContext.dispatch(HandshakeContext.java:476)
	at java.base/sun.security.ssl.HandshakeContext.dispatch(HandshakeContext.java:447)
	at java.base/sun.security.ssl.TransportContext.dispatch(TransportContext.java:201)
	at java.base/sun.security.ssl.SSLTransport.decode(SSLTransport.java:172)
	at java.base/sun.security.ssl.SSLSocketImpl.decode(SSLSocketImpl.java:1506)
	at java.base/sun.security.ssl.SSLSocketImpl.readHandshakeRecord(SSLSocketImpl.java:1421)
	at java.base/sun.security.ssl.SSLSocketImpl.startHandshake(SSLSocketImpl.java:455)
	at java.base/sun.security.ssl.SSLSocketImpl.startHandshake(SSLSocketImpl.java:426)
	at com.sun.mail.util.SocketFetcher.configureSSLSocket(SocketFetcher.java:602)
	at com.sun.mail.util.SocketFetcher.startTLS(SocketFetcher.java:529)
	at com.sun.mail.smtp.SMTPTransport.startTLS(SMTPTransport.java:2135)
	... 75 common frames omitted
Caused by: sun.security.validator.ValidatorException: PKIX path building failed: sun.security.provider.certpath.SunCertPathBuilderException: unable to find valid certification path to requested target
	at java.base/sun.security.validator.PKIXValidator.doBuild(PKIXValidator.java:388)
	at java.base/sun.security.validator.PKIXValidator.engineValidate(PKIXValidator.java:271)
	at java.base/sun.security.validator.Validator.validate(Validator.java:256)
	at java.base/sun.security.ssl.X509TrustManagerImpl.checkTrusted(X509TrustManagerImpl.java:230)
	at java.base/sun.security.ssl.X509TrustManagerImpl.checkServerTrusted(X509TrustManagerImpl.java:132)
	at java.base/sun.security.ssl.CertificateMessage$T13CertificateConsumer.checkServerCerts(CertificateMessage.java:1302)
	... 89 common frames omitted
Caused by: sun.security.provider.certpath.SunCertPathBuilderException: unable to find valid certification path to requested target
	at java.base/sun.security.provider.certpath.SunCertPathBuilder.build(SunCertPathBuilder.java:148)
	at java.base/sun.security.provider.certpath.SunCertPathBuilder.engineBuild(SunCertPathBuilder.java:129)
	at java.base/java.security.cert.CertPathBuilder.build(CertPathBuilder.java:297)
	at java.base/sun.security.validator.PKIXValidator.doBuild(PKIXValidator.java:383)
	... 94 common frames omitted
2026-08-20 22:08:27 INFO  o.s.b.t.c.SpringBootTestContextBootstrapper - Neither @ContextConfiguration nor @ContextHierarchy found for test class [com.journalApp.service.EmailServiceTests], using SpringBootContextLoader
2026-08-20 22:08:27 INFO  o.s.t.c.s.AbstractContextLoader - Could not detect default resource locations for test class [com.journalApp.service.EmailServiceTests]: no resource found for suffixes {-context.xml, Context.groovy}.
2026-08-20 22:08:27 INFO  o.s.t.c.s.AnnotationConfigContextLoaderUtils - Could not detect default configuration classes for test class [com.journalApp.service.EmailServiceTests]: EmailServiceTests does not declare any static, non-private, non-final, nested classes annotated with @Configuration.
2026-08-20 22:08:28 INFO  o.s.b.t.c.SpringBootTestContextBootstrapper - Found @SpringBootConfiguration com.journalApp.JournalAppApplication for test class com.journalApp.service.EmailServiceTests
2026-08-20 22:08:28 INFO  o.s.b.t.c.SpringBootTestContextBootstrapper - Loaded default TestExecutionListener class names from location [META-INF/spring.factories]: [org.springframework.boot.test.mock.mockito.MockitoTestExecutionListener, org.springframework.boot.test.mock.mockito.ResetMocksTestExecutionListener, org.springframework.boot.test.autoconfigure.restdocs.RestDocsTestExecutionListener, org.springframework.boot.test.autoconfigure.web.client.MockRestServiceServerResetTestExecutionListener, org.springframework.boot.test.autoconfigure.web.servlet.MockMvcPrintOnlyOnFailureTestExecutionListener, org.springframework.boot.test.autoconfigure.web.servlet.WebDriverTestExecutionListener, org.springframework.boot.test.autoconfigure.webservices.client.MockWebServiceServerTestExecutionListener, org.springframework.test.context.web.ServletTestExecutionListener, org.springframework.test.context.support.DirtiesContextBeforeModesTestExecutionListener, org.springframework.test.context.event.ApplicationEventsTestExecutionListener, org.springframework.test.context.support.DependencyInjectionTestExecutionListener, org.springframework.test.context.support.DirtiesContextTestExecutionListener, org.springframework.test.context.transaction.TransactionalTestExecutionListener, org.springframework.test.context.jdbc.SqlScriptsTestExecutionListener, org.springframework.test.context.event.EventPublishingTestExecutionListener]
2026-08-20 22:08:28 INFO  o.s.b.t.c.SpringBootTestContextBootstrapper - Using TestExecutionListeners: [org.springframework.test.context.web.ServletTestExecutionListener@3b956878, org.springframework.test.context.support.DirtiesContextBeforeModesTestExecutionListener@36546a22, org.springframework.test.context.event.ApplicationEventsTestExecutionListener@285c08c8, org.springframework.boot.test.mock.mockito.MockitoTestExecutionListener@295eaa7c, org.springframework.boot.test.autoconfigure.SpringBootDependencyInjectionTestExecutionListener@3918c187, org.springframework.test.context.support.DirtiesContextTestExecutionListener@2c88b9fc, org.springframework.test.context.transaction.TransactionalTestExecutionListener@64dafeed, org.springframework.test.context.jdbc.SqlScriptsTestExecutionListener@388ba540, org.springframework.test.context.event.EventPublishingTestExecutionListener@47605f2f, org.springframework.boot.test.mock.mockito.ResetMocksTestExecutionListener@2ece4966, org.springframework.boot.test.autoconfigure.restdocs.RestDocsTestExecutionListener@1dd0e7c4, org.springframework.boot.test.autoconfigure.web.client.MockRestServiceServerResetTestExecutionListener@7894f09b, org.springframework.boot.test.autoconfigure.web.servlet.MockMvcPrintOnlyOnFailureTestExecutionListener@3d484181, org.springframework.boot.test.autoconfigure.web.servlet.WebDriverTestExecutionListener@6111ba37, org.springframework.boot.test.autoconfigure.webservices.client.MockWebServiceServerTestExecutionListener@7be58f16]
2026-08-20 22:08:30 INFO  c.j.service.EmailServiceTests - Starting EmailServiceTests using Java 21.0.4 on SHAHID with PID 14468 (started by MD SHAHID ANSARI in C:\Users\MD SHAHID ANSARI\IdeaProjects\journalApp\journalApp)
2026-08-20 22:08:30 INFO  c.j.service.EmailServiceTests - The following 1 profile is active: "dev"
2026-08-20 22:08:32 INFO  o.s.d.r.c.RepositoryConfigurationDelegate - Multiple Spring Data modules found, entering strict repository configuration mode
2026-08-20 22:08:32 INFO  o.s.d.r.c.RepositoryConfigurationDelegate - Bootstrapping Spring Data MongoDB repositories in DEFAULT mode.
2026-08-20 22:08:33 INFO  o.s.d.r.c.RepositoryConfigurationDelegate - Finished Spring Data repository scanning in 684 ms. Found 3 MongoDB repository interfaces.
2026-08-20 22:08:33 INFO  o.s.d.r.c.RepositoryConfigurationDelegate - Multiple Spring Data modules found, entering strict repository configuration mode
2026-08-20 22:08:33 INFO  o.s.d.r.c.RepositoryConfigurationDelegate - Bootstrapping Spring Data Redis repositories in DEFAULT mode.
2026-08-20 22:08:33 INFO  o.s.d.r.c.RepositoryConfigurationExtensionSupport - Spring Data Redis - Could not safely identify store assignment for repository candidate interface com.journalApp.repository.ConfigJournalAppRepository; If you want this repository to be a Redis repository, consider annotating your entities with one of these annotations: org.springframework.data.redis.core.RedisHash (preferred), or consider extending one of the following types with your repository: org.springframework.data.keyvalue.repository.KeyValueRepository
2026-08-20 22:08:33 INFO  o.s.d.r.c.RepositoryConfigurationExtensionSupport - Spring Data Redis - Could not safely identify store assignment for repository candidate interface com.journalApp.repository.JournalEntryRepository; If you want this repository to be a Redis repository, consider annotating your entities with one of these annotations: org.springframework.data.redis.core.RedisHash (preferred), or consider extending one of the following types with your repository: org.springframework.data.keyvalue.repository.KeyValueRepository
2026-08-20 22:08:33 INFO  o.s.d.r.c.RepositoryConfigurationExtensionSupport - Spring Data Redis - Could not safely identify store assignment for repository candidate interface com.journalApp.repository.UserRepository; If you want this repository to be a Redis repository, consider annotating your entities with one of these annotations: org.springframework.data.redis.core.RedisHash (preferred), or consider extending one of the following types with your repository: org.springframework.data.keyvalue.repository.KeyValueRepository
2026-08-20 22:08:33 INFO  o.s.d.r.c.RepositoryConfigurationDelegate - Finished Spring Data repository scanning in 35 ms. Found 0 Redis repository interfaces.
2026-08-20 22:08:36 INFO  org.mongodb.driver.client - MongoClient with metadata {"driver": {"name": "mongo-java-driver|sync|spring-boot", "version": "4.6.1"}, "os": {"type": "Windows", "name": "Windows 11", "architecture": "amd64", "version": "10.0"}, "platform": "Java/Oracle Corporation/21.0.4+8-LTS-274", "application": {"name": "Cluster0"}} created with settings MongoClientSettings{readPreference=primary, writeConcern=WriteConcern{w=null, wTimeout=null ms, journal=null}, retryWrites=true, retryReads=true, readConcern=ReadConcern{level=null}, credential=MongoCredential{mechanism=null, userName='mdshahidans2005_db_user', source='admin', password=<hidden>, mechanismProperties=<hidden>}, streamFactoryFactory=null, commandListeners=[], codecRegistry=ProvidersCodecRegistry{codecProviders=[ValueCodecProvider{}, BsonValueCodecProvider{}, DBRefCodecProvider{}, DBObjectCodecProvider{}, DocumentCodecProvider{}, IterableCodecProvider{}, MapCodecProvider{}, GeoJsonCodecProvider{}, GridFSFileCodecProvider{}, Jsr310CodecProvider{}, JsonObjectCodecProvider{}, BsonCodecProvider{}, EnumCodecProvider{}, com.mongodb.Jep395RecordCodecProvider@15c6027d]}, clusterSettings={hosts=[127.0.0.1:27017], srvHost=cluster0.yvjbs2l.mongodb.net, srvServiceName=mongodb, mode=MULTIPLE, requiredClusterType=REPLICA_SET, requiredReplicaSetName='atlas-lpe6sk-shard-0', serverSelector='null', clusterListeners='[]', serverSelectionTimeout='30000 ms', localThreshold='30000 ms'}, socketSettings=SocketSettings{connectTimeoutMS=10000, readTimeoutMS=0, receiveBufferSize=0, sendBufferSize=0}, heartbeatSocketSettings=SocketSettings{connectTimeoutMS=10000, readTimeoutMS=10000, receiveBufferSize=0, sendBufferSize=0}, connectionPoolSettings=ConnectionPoolSettings{maxSize=100, minSize=0, maxWaitTimeMS=120000, maxConnectionLifeTimeMS=0, maxConnectionIdleTimeMS=0, maintenanceInitialDelayMS=0, maintenanceFrequencyMS=60000, connectionPoolListeners=[], maxConnecting=2}, serverSettings=ServerSettings{heartbeatFrequencyMS=10000, minHeartbeatFrequencyMS=500, serverListeners='[]', serverMonitorListeners='[]'}, sslSettings=SslSettings{enabled=true, invalidHostNameAllowed=false, context=null}, applicationName='Cluster0', compressorList=[], uuidRepresentation=JAVA_LEGACY, serverApi=null, autoEncryptionSettings=null, contextProvider=null}
2026-08-20 22:08:36 INFO  org.mongodb.driver.cluster - Adding discovered server ac-bd180s9-shard-00-00.yvjbs2l.mongodb.net:27017 to client view of cluster
2026-08-20 22:08:36 INFO  org.mongodb.driver.cluster - Adding discovered server ac-bd180s9-shard-00-01.yvjbs2l.mongodb.net:27017 to client view of cluster
2026-08-20 22:08:36 INFO  org.mongodb.driver.cluster - Adding discovered server ac-bd180s9-shard-00-02.yvjbs2l.mongodb.net:27017 to client view of cluster
2026-08-20 22:08:37 INFO  org.mongodb.driver.cluster - No server chosen by com.mongodb.client.internal.MongoClientDelegate$1@39f0c343 from cluster description ClusterDescription{type=REPLICA_SET, connectionMode=MULTIPLE, serverDescriptions=[ServerDescription{address=ac-bd180s9-shard-00-00.yvjbs2l.mongodb.net:27017, type=UNKNOWN, state=CONNECTING}, ServerDescription{address=ac-bd180s9-shard-00-02.yvjbs2l.mongodb.net:27017, type=UNKNOWN, state=CONNECTING}, ServerDescription{address=ac-bd180s9-shard-00-01.yvjbs2l.mongodb.net:27017, type=UNKNOWN, state=CONNECTING}]}. Waiting for 30000 ms before timing out
2026-08-20 22:08:38 INFO  org.mongodb.driver.connection - Opened connection [connectionId{localValue:6, serverValue:247717}] to ac-bd180s9-shard-00-01.yvjbs2l.mongodb.net:27017
2026-08-20 22:08:38 INFO  org.mongodb.driver.connection - Opened connection [connectionId{localValue:1, serverValue:255360}] to ac-bd180s9-shard-00-02.yvjbs2l.mongodb.net:27017
2026-08-20 22:08:38 INFO  org.mongodb.driver.connection - Opened connection [connectionId{localValue:5, serverValue:247717}] to ac-bd180s9-shard-00-01.yvjbs2l.mongodb.net:27017
2026-08-20 22:08:38 INFO  org.mongodb.driver.connection - Opened connection [connectionId{localValue:4, serverValue:250937}] to ac-bd180s9-shard-00-00.yvjbs2l.mongodb.net:27017
2026-08-20 22:08:38 INFO  org.mongodb.driver.connection - Opened connection [connectionId{localValue:2, serverValue:250937}] to ac-bd180s9-shard-00-00.yvjbs2l.mongodb.net:27017
2026-08-20 22:08:38 INFO  org.mongodb.driver.cluster - Monitor thread successfully connected to server with description ServerDescription{address=ac-bd180s9-shard-00-00.yvjbs2l.mongodb.net:27017, type=REPLICA_SET_SECONDARY, state=CONNECTED, ok=true, minWireVersion=0, maxWireVersion=25, maxDocumentSize=16777216, logicalSessionTimeoutMinutes=30, roundTripTimeNanos=1064179500, setName='atlas-lpe6sk-shard-0', canonicalAddress=ac-bd180s9-shard-00-00.yvjbs2l.mongodb.net:27017, hosts=[ac-bd180s9-shard-00-01.yvjbs2l.mongodb.net:27017, ac-bd180s9-shard-00-02.yvjbs2l.mongodb.net:27017, ac-bd180s9-shard-00-00.yvjbs2l.mongodb.net:27017], passives=[], arbiters=[], primary='ac-bd180s9-shard-00-02.yvjbs2l.mongodb.net:27017', tagSet=TagSet{[Tag{name='availabilityZone', value='aps1-az1'}, Tag{name='cacheState', value='READY'}, Tag{name='diskState', value='READY'}, Tag{name='nodeType', value='ELECTABLE'}, Tag{name='provider', value='AWS'}, Tag{name='region', value='AP_SOUTH_1'}, Tag{name='workloadType', value='OPERATIONAL'}]}, electionId=null, setVersion=297, topologyVersion=TopologyVersion{processId=6a7b3ab66a60f4deb1771140, counter=10}, lastWriteDate=Thu Aug 20 22:08:37 IST 2026, lastUpdateTimeNanos=2861260660700}
2026-08-20 22:08:38 INFO  org.mongodb.driver.connection - Opened connection [connectionId{localValue:3, serverValue:255360}] to ac-bd180s9-shard-00-02.yvjbs2l.mongodb.net:27017
2026-08-20 22:08:38 INFO  org.mongodb.driver.cluster - Monitor thread successfully connected to server with description ServerDescription{address=ac-bd180s9-shard-00-01.yvjbs2l.mongodb.net:27017, type=REPLICA_SET_SECONDARY, state=CONNECTED, ok=true, minWireVersion=0, maxWireVersion=25, maxDocumentSize=16777216, logicalSessionTimeoutMinutes=30, roundTripTimeNanos=1063402100, setName='atlas-lpe6sk-shard-0', canonicalAddress=ac-bd180s9-shard-00-01.yvjbs2l.mongodb.net:27017, hosts=[ac-bd180s9-shard-00-01.yvjbs2l.mongodb.net:27017, ac-bd180s9-shard-00-02.yvjbs2l.mongodb.net:27017, ac-bd180s9-shard-00-00.yvjbs2l.mongodb.net:27017], passives=[], arbiters=[], primary='ac-bd180s9-shard-00-02.yvjbs2l.mongodb.net:27017', tagSet=TagSet{[Tag{name='availabilityZone', value='aps1-az3'}, Tag{name='cacheState', value='READY'}, Tag{name='diskState', value='READY'}, Tag{name='nodeType', value='ELECTABLE'}, Tag{name='provider', value='AWS'}, Tag{name='region', value='AP_SOUTH_1'}, Tag{name='workloadType', value='OPERATIONAL'}]}, electionId=null, setVersion=297, topologyVersion=TopologyVersion{processId=6a7b3fc5ee64108dce410aaf, counter=5}, lastWriteDate=Thu Aug 20 22:08:37 IST 2026, lastUpdateTimeNanos=2861259821900}
2026-08-20 22:08:38 INFO  org.mongodb.driver.cluster - Monitor thread successfully connected to server with description ServerDescription{address=ac-bd180s9-shard-00-02.yvjbs2l.mongodb.net:27017, type=REPLICA_SET_PRIMARY, state=CONNECTED, ok=true, minWireVersion=0, maxWireVersion=25, maxDocumentSize=16777216, logicalSessionTimeoutMinutes=30, roundTripTimeNanos=1064616700, setName='atlas-lpe6sk-shard-0', canonicalAddress=ac-bd180s9-shard-00-02.yvjbs2l.mongodb.net:27017, hosts=[ac-bd180s9-shard-00-01.yvjbs2l.mongodb.net:27017, ac-bd180s9-shard-00-02.yvjbs2l.mongodb.net:27017, ac-bd180s9-shard-00-00.yvjbs2l.mongodb.net:27017], passives=[], arbiters=[], primary='ac-bd180s9-shard-00-02.yvjbs2l.mongodb.net:27017', tagSet=TagSet{[Tag{name='availabilityZone', value='aps1-az2'}, Tag{name='cacheState', value='READY'}, Tag{name='diskState', value='READY'}, Tag{name='nodeType', value='ELECTABLE'}, Tag{name='provider', value='AWS'}, Tag{name='region', value='AP_SOUTH_1'}, Tag{name='workloadType', value='OPERATIONAL'}]}, electionId=7fffffff000000000000012d, setVersion=297, topologyVersion=TopologyVersion{processId=6a7b3d358e68804eae9a242f, counter=10}, lastWriteDate=Thu Aug 20 22:08:37 IST 2026, lastUpdateTimeNanos=2861261021000}
2026-08-20 22:08:38 INFO  org.mongodb.driver.cluster - Setting max election id to 7fffffff000000000000012d from replica set primary ac-bd180s9-shard-00-02.yvjbs2l.mongodb.net:27017
2026-08-20 22:08:38 INFO  org.mongodb.driver.cluster - Setting max set version to 297 from replica set primary ac-bd180s9-shard-00-02.yvjbs2l.mongodb.net:27017
2026-08-20 22:08:38 INFO  org.mongodb.driver.cluster - Discovered replica set primary ac-bd180s9-shard-00-02.yvjbs2l.mongodb.net:27017
2026-08-20 22:08:38 INFO  org.mongodb.driver.connection - Opened connection [connectionId{localValue:7, serverValue:255444}] to ac-bd180s9-shard-00-02.yvjbs2l.mongodb.net:27017
2026-08-20 22:08:42 INFO  o.s.s.web.DefaultSecurityFilterChain - Will secure any request with [org.springframework.security.web.session.DisableEncodeUrlFilter@32513dea, org.springframework.security.web.context.request.async.WebAsyncManagerIntegrationFilter@5d0e703a, org.springframework.security.web.context.SecurityContextPersistenceFilter@2d230cff, org.springframework.security.web.header.HeaderWriterFilter@1450ffa3, org.springframework.security.web.authentication.logout.LogoutFilter@42edde25, org.springframework.security.web.authentication.www.BasicAuthenticationFilter@1d1b3620, org.springframework.security.web.savedrequest.RequestCacheAwareFilter@54556723, org.springframework.security.web.servletapi.SecurityContextHolderAwareRequestFilter@3d59933, org.springframework.security.web.authentication.AnonymousAuthenticationFilter@7f77e065, org.springframework.security.web.session.SessionManagementFilter@2b90cc1, org.springframework.security.web.access.ExceptionTranslationFilter@6d4502ca, org.springframework.security.web.access.intercept.FilterSecurityInterceptor@3f4964f2]
2026-08-20 22:08:45 INFO  c.j.service.EmailServiceTests - Started EmailServiceTests in 16.556 seconds (JVM running for 23.969)
2026-08-20 22:08:48 ERROR com.journalApp.service.EmailService - Exception while sendEmail
org.springframework.mail.MailSendException: Mail server connection failed; nested exception is javax.mail.MessagingException: Could not convert socket to TLS;
  nested exception is:
	javax.net.ssl.SSLHandshakeException: PKIX path building failed: sun.security.provider.certpath.SunCertPathBuilderException: unable to find valid certification path to requested target. Failed messages: javax.mail.MessagingException: Could not convert socket to TLS;
  nested exception is:
	javax.net.ssl.SSLHandshakeException: PKIX path building failed: sun.security.provider.certpath.SunCertPathBuilderException: unable to find valid certification path to requested target
	at org.springframework.mail.javamail.JavaMailSenderImpl.doSend(JavaMailSenderImpl.java:448)
	at org.springframework.mail.javamail.JavaMailSenderImpl.send(JavaMailSenderImpl.java:323)
	at org.springframework.mail.javamail.JavaMailSenderImpl.send(JavaMailSenderImpl.java:312)
	at com.journalApp.service.EmailService.sendEmail(EmailService.java:22)
	at com.journalApp.service.EmailServiceTests.testSendEmail(EmailServiceTests.java:14)
	at java.base/jdk.internal.reflect.DirectMethodHandleAccessor.invoke(DirectMethodHandleAccessor.java:103)
	at java.base/java.lang.reflect.Method.invoke(Method.java:580)
	at org.junit.platform.commons.util.ReflectionUtils.invokeMethod(ReflectionUtils.java:725)
	at org.junit.jupiter.engine.execution.MethodInvocation.proceed(MethodInvocation.java:60)
	at org.junit.jupiter.engine.execution.InvocationInterceptorChain$ValidatingInvocation.proceed(InvocationInterceptorChain.java:131)
	at org.junit.jupiter.engine.extension.TimeoutExtension.intercept(TimeoutExtension.java:149)
	at org.junit.jupiter.engine.extension.TimeoutExtension.interceptTestableMethod(TimeoutExtension.java:140)
	at org.junit.jupiter.engine.extension.TimeoutExtension.interceptTestMethod(TimeoutExtension.java:84)
	at org.junit.jupiter.engine.execution.ExecutableInvoker$ReflectiveInterceptorCall.lambda$ofVoidMethod$0(ExecutableInvoker.java:115)
	at org.junit.jupiter.engine.execution.ExecutableInvoker.lambda$invoke$0(ExecutableInvoker.java:105)
	at org.junit.jupiter.engine.execution.InvocationInterceptorChain$InterceptedInvocation.proceed(InvocationInterceptorChain.java:106)
	at org.junit.jupiter.engine.execution.InvocationInterceptorChain.proceed(InvocationInterceptorChain.java:64)
	at org.junit.jupiter.engine.execution.InvocationInterceptorChain.chainAndInvoke(InvocationInterceptorChain.java:45)
	at org.junit.jupiter.engine.execution.InvocationInterceptorChain.invoke(InvocationInterceptorChain.java:37)
	at org.junit.jupiter.engine.execution.ExecutableInvoker.invoke(ExecutableInvoker.java:104)
	at org.junit.jupiter.engine.execution.ExecutableInvoker.invoke(ExecutableInvoker.java:98)
	at org.junit.jupiter.engine.descriptor.TestMethodTestDescriptor.lambda$invokeTestMethod$7(TestMethodTestDescriptor.java:214)
	at org.junit.platform.engine.support.hierarchical.ThrowableCollector.execute(ThrowableCollector.java:73)
	at org.junit.jupiter.engine.descriptor.TestMethodTestDescriptor.invokeTestMethod(TestMethodTestDescriptor.java:210)
	at org.junit.jupiter.engine.descriptor.TestMethodTestDescriptor.execute(TestMethodTestDescriptor.java:135)
	at org.junit.jupiter.engine.descriptor.TestMethodTestDescriptor.execute(TestMethodTestDescriptor.java:66)
	at org.junit.platform.engine.support.hierarchical.NodeTestTask.lambda$executeRecursively$6(NodeTestTask.java:151)
	at org.junit.platform.engine.support.hierarchical.ThrowableCollector.execute(ThrowableCollector.java:73)
	at org.junit.platform.engine.support.hierarchical.NodeTestTask.lambda$executeRecursively$8(NodeTestTask.java:141)
	at org.junit.platform.engine.support.hierarchical.Node.around(Node.java:137)
	at org.junit.platform.engine.support.hierarchical.NodeTestTask.lambda$executeRecursively$9(NodeTestTask.java:139)
	at org.junit.platform.engine.support.hierarchical.ThrowableCollector.execute(ThrowableCollector.java:73)
	at org.junit.platform.engine.support.hierarchical.NodeTestTask.executeRecursively(NodeTestTask.java:138)
	at org.junit.platform.engine.support.hierarchical.NodeTestTask.execute(NodeTestTask.java:95)
	at java.base/java.util.ArrayList.forEach(ArrayList.java:1596)
	at org.junit.platform.engine.support.hierarchical.SameThreadHierarchicalTestExecutorService.invokeAll(SameThreadHierarchicalTestExecutorService.java:41)
	at org.junit.platform.engine.support.hierarchical.NodeTestTask.lambda$executeRecursively$6(NodeTestTask.java:155)
	at org.junit.platform.engine.support.hierarchical.ThrowableCollector.execute(ThrowableCollector.java:73)
	at org.junit.platform.engine.support.hierarchical.NodeTestTask.lambda$executeRecursively$8(NodeTestTask.java:141)
	at org.junit.platform.engine.support.hierarchical.Node.around(Node.java:137)
	at org.junit.platform.engine.support.hierarchical.NodeTestTask.lambda$executeRecursively$9(NodeTestTask.java:139)
	at org.junit.platform.engine.support.hierarchical.ThrowableCollector.execute(ThrowableCollector.java:73)
	at org.junit.platform.engine.support.hierarchical.NodeTestTask.executeRecursively(NodeTestTask.java:138)
	at org.junit.platform.engine.support.hierarchical.NodeTestTask.execute(NodeTestTask.java:95)
	at java.base/java.util.ArrayList.forEach(ArrayList.java:1596)
	at org.junit.platform.engine.support.hierarchical.SameThreadHierarchicalTestExecutorService.invokeAll(SameThreadHierarchicalTestExecutorService.java:41)
	at org.junit.platform.engine.support.hierarchical.NodeTestTask.lambda$executeRecursively$6(NodeTestTask.java:155)
	at org.junit.platform.engine.support.hierarchical.ThrowableCollector.execute(ThrowableCollector.java:73)
	at org.junit.platform.engine.support.hierarchical.NodeTestTask.lambda$executeRecursively$8(NodeTestTask.java:141)
	at org.junit.platform.engine.support.hierarchical.Node.around(Node.java:137)
	at org.junit.platform.engine.support.hierarchical.NodeTestTask.lambda$executeRecursively$9(NodeTestTask.java:139)
	at org.junit.platform.engine.support.hierarchical.ThrowableCollector.execute(ThrowableCollector.java:73)
	at org.junit.platform.engine.support.hierarchical.NodeTestTask.executeRecursively(NodeTestTask.java:138)
	at org.junit.platform.engine.support.hierarchical.NodeTestTask.execute(NodeTestTask.java:95)
	at org.junit.platform.engine.support.hierarchical.SameThreadHierarchicalTestExecutorService.submit(SameThreadHierarchicalTestExecutorService.java:35)
	at org.junit.platform.engine.support.hierarchical.HierarchicalTestExecutor.execute(HierarchicalTestExecutor.java:57)
	at org.junit.platform.engine.support.hierarchical.HierarchicalTestEngine.execute(HierarchicalTestEngine.java:54)
	at org.junit.platform.launcher.core.EngineExecutionOrchestrator.execute(EngineExecutionOrchestrator.java:107)
	at org.junit.platform.launcher.core.EngineExecutionOrchestrator.execute(EngineExecutionOrchestrator.java:88)
	at org.junit.platform.launcher.core.EngineExecutionOrchestrator.lambda$execute$0(EngineExecutionOrchestrator.java:54)
	at org.junit.platform.launcher.core.EngineExecutionOrchestrator.withInterceptedStreams(EngineExecutionOrchestrator.java:67)
	at org.junit.platform.launcher.core.EngineExecutionOrchestrator.execute(EngineExecutionOrchestrator.java:52)
	at org.junit.platform.launcher.core.DefaultLauncher.execute(DefaultLauncher.java:114)
	at org.junit.platform.launcher.core.DefaultLauncher.execute(DefaultLauncher.java:86)
	at org.junit.platform.launcher.core.DefaultLauncherSession$DelegatingLauncher.execute(DefaultLauncherSession.java:86)
	at org.junit.platform.launcher.core.SessionPerRequestLauncher.execute(SessionPerRequestLauncher.java:53)
	at com.intellij.junit5.JUnit5IdeaTestRunner.startRunnerWithArgs(JUnit5IdeaTestRunner.java:66)
	at com.intellij.rt.junit.IdeaTestRunner$Repeater$1.execute(IdeaTestRunner.java:38)
	at com.intellij.rt.execution.junit.TestsRepeater.repeat(TestsRepeater.java:11)
	at com.intellij.rt.junit.IdeaTestRunner$Repeater.startRunnerWithArgs(IdeaTestRunner.java:35)
	at com.intellij.rt.junit.JUnitStarter.prepareStreamsAndStart(JUnitStarter.java:237)
	at com.intellij.rt.junit.JUnitStarter.main(JUnitStarter.java:58)
Caused by: javax.mail.MessagingException: Could not convert socket to TLS
	at com.sun.mail.smtp.SMTPTransport.startTLS(SMTPTransport.java:2140)
	at com.sun.mail.smtp.SMTPTransport.protocolConnect(SMTPTransport.java:734)
	at javax.mail.Service.connect(Service.java:342)
	at org.springframework.mail.javamail.JavaMailSenderImpl.connectTransport(JavaMailSenderImpl.java:518)
	at org.springframework.mail.javamail.JavaMailSenderImpl.doSend(JavaMailSenderImpl.java:437)
	... 71 common frames omitted
Caused by: javax.net.ssl.SSLHandshakeException: PKIX path building failed: sun.security.provider.certpath.SunCertPathBuilderException: unable to find valid certification path to requested target
	at java.base/sun.security.ssl.Alert.createSSLException(Alert.java:130)
	at java.base/sun.security.ssl.TransportContext.fatal(TransportContext.java:378)
	at java.base/sun.security.ssl.TransportContext.fatal(TransportContext.java:321)
	at java.base/sun.security.ssl.TransportContext.fatal(TransportContext.java:316)
	at java.base/sun.security.ssl.CertificateMessage$T13CertificateConsumer.checkServerCerts(CertificateMessage.java:1318)
	at java.base/sun.security.ssl.CertificateMessage$T13CertificateConsumer.onConsumeCertificate(CertificateMessage.java:1195)
	at java.base/sun.security.ssl.CertificateMessage$T13CertificateConsumer.consume(CertificateMessage.java:1138)
	at java.base/sun.security.ssl.SSLHandshake.consume(SSLHandshake.java:393)
	at java.base/sun.security.ssl.HandshakeContext.dispatch(HandshakeContext.java:476)
	at java.base/sun.security.ssl.HandshakeContext.dispatch(HandshakeContext.java:447)
	at java.base/sun.security.ssl.TransportContext.dispatch(TransportContext.java:201)
	at java.base/sun.security.ssl.SSLTransport.decode(SSLTransport.java:172)
	at java.base/sun.security.ssl.SSLSocketImpl.decode(SSLSocketImpl.java:1506)
	at java.base/sun.security.ssl.SSLSocketImpl.readHandshakeRecord(SSLSocketImpl.java:1421)
	at java.base/sun.security.ssl.SSLSocketImpl.startHandshake(SSLSocketImpl.java:455)
	at java.base/sun.security.ssl.SSLSocketImpl.startHandshake(SSLSocketImpl.java:426)
	at com.sun.mail.util.SocketFetcher.configureSSLSocket(SocketFetcher.java:602)
	at com.sun.mail.util.SocketFetcher.startTLS(SocketFetcher.java:529)
	at com.sun.mail.smtp.SMTPTransport.startTLS(SMTPTransport.java:2135)
	... 75 common frames omitted
Caused by: sun.security.validator.ValidatorException: PKIX path building failed: sun.security.provider.certpath.SunCertPathBuilderException: unable to find valid certification path to requested target
	at java.base/sun.security.validator.PKIXValidator.doBuild(PKIXValidator.java:388)
	at java.base/sun.security.validator.PKIXValidator.engineValidate(PKIXValidator.java:271)
	at java.base/sun.security.validator.Validator.validate(Validator.java:256)
	at java.base/sun.security.ssl.X509TrustManagerImpl.checkTrusted(X509TrustManagerImpl.java:230)
	at java.base/sun.security.ssl.X509TrustManagerImpl.checkServerTrusted(X509TrustManagerImpl.java:132)
	at java.base/sun.security.ssl.CertificateMessage$T13CertificateConsumer.checkServerCerts(CertificateMessage.java:1302)
	... 89 common frames omitted
Caused by: sun.security.provider.certpath.SunCertPathBuilderException: unable to find valid certification path to requested target
	at java.base/sun.security.provider.certpath.SunCertPathBuilder.build(SunCertPathBuilder.java:148)
	at java.base/sun.security.provider.certpath.SunCertPathBuilder.engineBuild(SunCertPathBuilder.java:129)
	at java.base/java.security.cert.CertPathBuilder.build(CertPathBuilder.java:297)
	at java.base/sun.security.validator.PKIXValidator.doBuild(PKIXValidator.java:383)
	... 94 common frames omitted
2026-08-20 22:09:35 INFO  o.s.b.t.c.SpringBootTestContextBootstrapper - Neither @ContextConfiguration nor @ContextHierarchy found for test class [com.journalApp.service.EmailServiceTests], using SpringBootContextLoader
2026-08-20 22:09:35 INFO  o.s.t.c.s.AbstractContextLoader - Could not detect default resource locations for test class [com.journalApp.service.EmailServiceTests]: no resource found for suffixes {-context.xml, Context.groovy}.
2026-08-20 22:09:35 INFO  o.s.t.c.s.AnnotationConfigContextLoaderUtils - Could not detect default configuration classes for test class [com.journalApp.service.EmailServiceTests]: EmailServiceTests does not declare any static, non-private, non-final, nested classes annotated with @Configuration.
2026-08-20 22:09:36 INFO  o.s.b.t.c.SpringBootTestContextBootstrapper - Found @SpringBootConfiguration com.journalApp.JournalAppApplication for test class com.journalApp.service.EmailServiceTests
2026-08-20 22:09:36 INFO  o.s.b.t.c.SpringBootTestContextBootstrapper - Loaded default TestExecutionListener class names from location [META-INF/spring.factories]: [org.springframework.boot.test.mock.mockito.MockitoTestExecutionListener, org.springframework.boot.test.mock.mockito.ResetMocksTestExecutionListener, org.springframework.boot.test.autoconfigure.restdocs.RestDocsTestExecutionListener, org.springframework.boot.test.autoconfigure.web.client.MockRestServiceServerResetTestExecutionListener, org.springframework.boot.test.autoconfigure.web.servlet.MockMvcPrintOnlyOnFailureTestExecutionListener, org.springframework.boot.test.autoconfigure.web.servlet.WebDriverTestExecutionListener, org.springframework.boot.test.autoconfigure.webservices.client.MockWebServiceServerTestExecutionListener, org.springframework.test.context.web.ServletTestExecutionListener, org.springframework.test.context.support.DirtiesContextBeforeModesTestExecutionListener, org.springframework.test.context.event.ApplicationEventsTestExecutionListener, org.springframework.test.context.support.DependencyInjectionTestExecutionListener, org.springframework.test.context.support.DirtiesContextTestExecutionListener, org.springframework.test.context.transaction.TransactionalTestExecutionListener, org.springframework.test.context.jdbc.SqlScriptsTestExecutionListener, org.springframework.test.context.event.EventPublishingTestExecutionListener]
2026-08-20 22:09:37 INFO  o.s.b.t.c.SpringBootTestContextBootstrapper - Using TestExecutionListeners: [org.springframework.test.context.web.ServletTestExecutionListener@7807ac2c, org.springframework.test.context.support.DirtiesContextBeforeModesTestExecutionListener@b91d8c4, org.springframework.test.context.event.ApplicationEventsTestExecutionListener@4b6166aa, org.springframework.boot.test.mock.mockito.MockitoTestExecutionListener@a77614d, org.springframework.boot.test.autoconfigure.SpringBootDependencyInjectionTestExecutionListener@4fd4cae3, org.springframework.test.context.support.DirtiesContextTestExecutionListener@4a067c25, org.springframework.test.context.transaction.TransactionalTestExecutionListener@a1217f9, org.springframework.test.context.jdbc.SqlScriptsTestExecutionListener@3bde62ff, org.springframework.test.context.event.EventPublishingTestExecutionListener@523424b5, org.springframework.boot.test.mock.mockito.ResetMocksTestExecutionListener@2baa8d82, org.springframework.boot.test.autoconfigure.restdocs.RestDocsTestExecutionListener@319dead1, org.springframework.boot.test.autoconfigure.web.client.MockRestServiceServerResetTestExecutionListener@791cbf87, org.springframework.boot.test.autoconfigure.web.servlet.MockMvcPrintOnlyOnFailureTestExecutionListener@a7e2d9d, org.springframework.boot.test.autoconfigure.web.servlet.WebDriverTestExecutionListener@754777cd, org.springframework.boot.test.autoconfigure.webservices.client.MockWebServiceServerTestExecutionListener@2b52c0d6]
2026-08-20 22:09:39 INFO  c.j.service.EmailServiceTests - Starting EmailServiceTests using Java 21.0.4 on SHAHID with PID 22740 (started by MD SHAHID ANSARI in C:\Users\MD SHAHID ANSARI\IdeaProjects\journalApp\journalApp)
2026-08-20 22:09:39 INFO  c.j.service.EmailServiceTests - The following 1 profile is active: "dev"
2026-08-20 22:09:42 INFO  o.s.d.r.c.RepositoryConfigurationDelegate - Multiple Spring Data modules found, entering strict repository configuration mode
2026-08-20 22:09:42 INFO  o.s.d.r.c.RepositoryConfigurationDelegate - Bootstrapping Spring Data MongoDB repositories in DEFAULT mode.
2026-08-20 22:09:43 INFO  o.s.d.r.c.RepositoryConfigurationDelegate - Finished Spring Data repository scanning in 979 ms. Found 3 MongoDB repository interfaces.
2026-08-20 22:09:43 INFO  o.s.d.r.c.RepositoryConfigurationDelegate - Multiple Spring Data modules found, entering strict repository configuration mode
2026-08-20 22:09:43 INFO  o.s.d.r.c.RepositoryConfigurationDelegate - Bootstrapping Spring Data Redis repositories in DEFAULT mode.
2026-08-20 22:09:43 INFO  o.s.d.r.c.RepositoryConfigurationExtensionSupport - Spring Data Redis - Could not safely identify store assignment for repository candidate interface com.journalApp.repository.ConfigJournalAppRepository; If you want this repository to be a Redis repository, consider annotating your entities with one of these annotations: org.springframework.data.redis.core.RedisHash (preferred), or consider extending one of the following types with your repository: org.springframework.data.keyvalue.repository.KeyValueRepository
2026-08-20 22:09:43 INFO  o.s.d.r.c.RepositoryConfigurationExtensionSupport - Spring Data Redis - Could not safely identify store assignment for repository candidate interface com.journalApp.repository.JournalEntryRepository; If you want this repository to be a Redis repository, consider annotating your entities with one of these annotations: org.springframework.data.redis.core.RedisHash (preferred), or consider extending one of the following types with your repository: org.springframework.data.keyvalue.repository.KeyValueRepository
2026-08-20 22:09:43 INFO  o.s.d.r.c.RepositoryConfigurationExtensionSupport - Spring Data Redis - Could not safely identify store assignment for repository candidate interface com.journalApp.repository.UserRepository; If you want this repository to be a Redis repository, consider annotating your entities with one of these annotations: org.springframework.data.redis.core.RedisHash (preferred), or consider extending one of the following types with your repository: org.springframework.data.keyvalue.repository.KeyValueRepository
2026-08-20 22:09:43 INFO  o.s.d.r.c.RepositoryConfigurationDelegate - Finished Spring Data repository scanning in 39 ms. Found 0 Redis repository interfaces.
2026-08-20 22:09:46 INFO  org.mongodb.driver.cluster - Adding discovered server ac-bd180s9-shard-00-00.yvjbs2l.mongodb.net:27017 to client view of cluster
2026-08-20 22:09:46 INFO  org.mongodb.driver.client - MongoClient with metadata {"driver": {"name": "mongo-java-driver|sync|spring-boot", "version": "4.6.1"}, "os": {"type": "Windows", "name": "Windows 11", "architecture": "amd64", "version": "10.0"}, "platform": "Java/Oracle Corporation/21.0.4+8-LTS-274", "application": {"name": "Cluster0"}} created with settings MongoClientSettings{readPreference=primary, writeConcern=WriteConcern{w=null, wTimeout=null ms, journal=null}, retryWrites=true, retryReads=true, readConcern=ReadConcern{level=null}, credential=MongoCredential{mechanism=null, userName='mdshahidans2005_db_user', source='admin', password=<hidden>, mechanismProperties=<hidden>}, streamFactoryFactory=null, commandListeners=[], codecRegistry=ProvidersCodecRegistry{codecProviders=[ValueCodecProvider{}, BsonValueCodecProvider{}, DBRefCodecProvider{}, DBObjectCodecProvider{}, DocumentCodecProvider{}, IterableCodecProvider{}, MapCodecProvider{}, GeoJsonCodecProvider{}, GridFSFileCodecProvider{}, Jsr310CodecProvider{}, JsonObjectCodecProvider{}, BsonCodecProvider{}, EnumCodecProvider{}, com.mongodb.Jep395RecordCodecProvider@251c8145]}, clusterSettings={hosts=[127.0.0.1:27017], srvHost=cluster0.yvjbs2l.mongodb.net, srvServiceName=mongodb, mode=MULTIPLE, requiredClusterType=REPLICA_SET, requiredReplicaSetName='atlas-lpe6sk-shard-0', serverSelector='null', clusterListeners='[]', serverSelectionTimeout='30000 ms', localThreshold='30000 ms'}, socketSettings=SocketSettings{connectTimeoutMS=10000, readTimeoutMS=0, receiveBufferSize=0, sendBufferSize=0}, heartbeatSocketSettings=SocketSettings{connectTimeoutMS=10000, readTimeoutMS=10000, receiveBufferSize=0, sendBufferSize=0}, connectionPoolSettings=ConnectionPoolSettings{maxSize=100, minSize=0, maxWaitTimeMS=120000, maxConnectionLifeTimeMS=0, maxConnectionIdleTimeMS=0, maintenanceInitialDelayMS=0, maintenanceFrequencyMS=60000, connectionPoolListeners=[], maxConnecting=2}, serverSettings=ServerSettings{heartbeatFrequencyMS=10000, minHeartbeatFrequencyMS=500, serverListeners='[]', serverMonitorListeners='[]'}, sslSettings=SslSettings{enabled=true, invalidHostNameAllowed=false, context=null}, applicationName='Cluster0', compressorList=[], uuidRepresentation=JAVA_LEGACY, serverApi=null, autoEncryptionSettings=null, contextProvider=null}
2026-08-20 22:09:46 INFO  org.mongodb.driver.cluster - Adding discovered server ac-bd180s9-shard-00-01.yvjbs2l.mongodb.net:27017 to client view of cluster
2026-08-20 22:09:46 INFO  org.mongodb.driver.cluster - Adding discovered server ac-bd180s9-shard-00-02.yvjbs2l.mongodb.net:27017 to client view of cluster
2026-08-20 22:09:48 INFO  org.mongodb.driver.cluster - No server chosen by com.mongodb.client.internal.MongoClientDelegate$1@d84b3a2 from cluster description ClusterDescription{type=REPLICA_SET, connectionMode=MULTIPLE, serverDescriptions=[ServerDescription{address=ac-bd180s9-shard-00-00.yvjbs2l.mongodb.net:27017, type=UNKNOWN, state=CONNECTING}, ServerDescription{address=ac-bd180s9-shard-00-02.yvjbs2l.mongodb.net:27017, type=UNKNOWN, state=CONNECTING}, ServerDescription{address=ac-bd180s9-shard-00-01.yvjbs2l.mongodb.net:27017, type=UNKNOWN, state=CONNECTING}]}. Waiting for 30000 ms before timing out
2026-08-20 22:09:49 INFO  org.mongodb.driver.connection - Opened connection [connectionId{localValue:5, serverValue:247736}] to ac-bd180s9-shard-00-01.yvjbs2l.mongodb.net:27017
2026-08-20 22:09:49 INFO  org.mongodb.driver.connection - Opened connection [connectionId{localValue:4, serverValue:251008}] to ac-bd180s9-shard-00-00.yvjbs2l.mongodb.net:27017
2026-08-20 22:09:49 INFO  org.mongodb.driver.connection - Opened connection [connectionId{localValue:3, serverValue:247738}] to ac-bd180s9-shard-00-01.yvjbs2l.mongodb.net:27017
2026-08-20 22:09:49 INFO  org.mongodb.driver.connection - Opened connection [connectionId{localValue:2, serverValue:255443}] to ac-bd180s9-shard-00-02.yvjbs2l.mongodb.net:27017
2026-08-20 22:09:49 INFO  org.mongodb.driver.connection - Opened connection [connectionId{localValue:1, serverValue:255443}] to ac-bd180s9-shard-00-02.yvjbs2l.mongodb.net:27017
2026-08-20 22:09:49 INFO  org.mongodb.driver.cluster - Monitor thread successfully connected to server with description ServerDescription{address=ac-bd180s9-shard-00-00.yvjbs2l.mongodb.net:27017, type=REPLICA_SET_SECONDARY, state=CONNECTED, ok=true, minWireVersion=0, maxWireVersion=25, maxDocumentSize=16777216, logicalSessionTimeoutMinutes=30, roundTripTimeNanos=1093798200, setName='atlas-lpe6sk-shard-0', canonicalAddress=ac-bd180s9-shard-00-00.yvjbs2l.mongodb.net:27017, hosts=[ac-bd180s9-shard-00-01.yvjbs2l.mongodb.net:27017, ac-bd180s9-shard-00-02.yvjbs2l.mongodb.net:27017, ac-bd180s9-shard-00-00.yvjbs2l.mongodb.net:27017], passives=[], arbiters=[], primary='ac-bd180s9-shard-00-02.yvjbs2l.mongodb.net:27017', tagSet=TagSet{[Tag{name='availabilityZone', value='aps1-az1'}, Tag{name='cacheState', value='READY'}, Tag{name='diskState', value='READY'}, Tag{name='nodeType', value='ELECTABLE'}, Tag{name='provider', value='AWS'}, Tag{name='region', value='AP_SOUTH_1'}, Tag{name='workloadType', value='OPERATIONAL'}]}, electionId=null, setVersion=297, topologyVersion=TopologyVersion{processId=6a7b3ab66a60f4deb1771140, counter=10}, lastWriteDate=Thu Aug 20 22:09:48 IST 2026, lastUpdateTimeNanos=2932121978700}
2026-08-20 22:09:49 INFO  org.mongodb.driver.connection - Opened connection [connectionId{localValue:6, serverValue:251008}] to ac-bd180s9-shard-00-00.yvjbs2l.mongodb.net:27017
2026-08-20 22:09:49 INFO  org.mongodb.driver.cluster - Monitor thread successfully connected to server with description ServerDescription{address=ac-bd180s9-shard-00-02.yvjbs2l.mongodb.net:27017, type=REPLICA_SET_PRIMARY, state=CONNECTED, ok=true, minWireVersion=0, maxWireVersion=25, maxDocumentSize=16777216, logicalSessionTimeoutMinutes=30, roundTripTimeNanos=1093692400, setName='atlas-lpe6sk-shard-0', canonicalAddress=ac-bd180s9-shard-00-02.yvjbs2l.mongodb.net:27017, hosts=[ac-bd180s9-shard-00-01.yvjbs2l.mongodb.net:27017, ac-bd180s9-shard-00-02.yvjbs2l.mongodb.net:27017, ac-bd180s9-shard-00-00.yvjbs2l.mongodb.net:27017], passives=[], arbiters=[], primary='ac-bd180s9-shard-00-02.yvjbs2l.mongodb.net:27017', tagSet=TagSet{[Tag{name='availabilityZone', value='aps1-az2'}, Tag{name='cacheState', value='READY'}, Tag{name='diskState', value='READY'}, Tag{name='nodeType', value='ELECTABLE'}, Tag{name='provider', value='AWS'}, Tag{name='region', value='AP_SOUTH_1'}, Tag{name='workloadType', value='OPERATIONAL'}]}, electionId=7fffffff000000000000012d, setVersion=297, topologyVersion=TopologyVersion{processId=6a7b3d358e68804eae9a242f, counter=10}, lastWriteDate=Thu Aug 20 22:09:48 IST 2026, lastUpdateTimeNanos=2932121977700}
2026-08-20 22:09:49 INFO  org.mongodb.driver.cluster - Monitor thread successfully connected to server with description ServerDescription{address=ac-bd180s9-shard-00-01.yvjbs2l.mongodb.net:27017, type=REPLICA_SET_SECONDARY, state=CONNECTED, ok=true, minWireVersion=0, maxWireVersion=25, maxDocumentSize=16777216, logicalSessionTimeoutMinutes=30, roundTripTimeNanos=1093598900, setName='atlas-lpe6sk-shard-0', canonicalAddress=ac-bd180s9-shard-00-01.yvjbs2l.mongodb.net:27017, hosts=[ac-bd180s9-shard-00-01.yvjbs2l.mongodb.net:27017, ac-bd180s9-shard-00-02.yvjbs2l.mongodb.net:27017, ac-bd180s9-shard-00-00.yvjbs2l.mongodb.net:27017], passives=[], arbiters=[], primary='ac-bd180s9-shard-00-02.yvjbs2l.mongodb.net:27017', tagSet=TagSet{[Tag{name='availabilityZone', value='aps1-az3'}, Tag{name='cacheState', value='READY'}, Tag{name='diskState', value='READY'}, Tag{name='nodeType', value='ELECTABLE'}, Tag{name='provider', value='AWS'}, Tag{name='region', value='AP_SOUTH_1'}, Tag{name='workloadType', value='OPERATIONAL'}]}, electionId=null, setVersion=297, topologyVersion=TopologyVersion{processId=6a7b3fc5ee64108dce410aaf, counter=5}, lastWriteDate=Thu Aug 20 22:09:48 IST 2026, lastUpdateTimeNanos=2932121977600}
2026-08-20 22:09:49 INFO  org.mongodb.driver.cluster - Setting max election id to 7fffffff000000000000012d from replica set primary ac-bd180s9-shard-00-02.yvjbs2l.mongodb.net:27017
2026-08-20 22:09:49 INFO  org.mongodb.driver.cluster - Setting max set version to 297 from replica set primary ac-bd180s9-shard-00-02.yvjbs2l.mongodb.net:27017
2026-08-20 22:09:49 INFO  org.mongodb.driver.cluster - Discovered replica set primary ac-bd180s9-shard-00-02.yvjbs2l.mongodb.net:27017
2026-08-20 22:09:49 INFO  org.mongodb.driver.connection - Opened connection [connectionId{localValue:7, serverValue:255393}] to ac-bd180s9-shard-00-02.yvjbs2l.mongodb.net:27017
2026-08-20 22:09:53 INFO  o.s.s.web.DefaultSecurityFilterChain - Will secure any request with [org.springframework.security.web.session.DisableEncodeUrlFilter@3c910acd, org.springframework.security.web.context.request.async.WebAsyncManagerIntegrationFilter@612ac38b, org.springframework.security.web.context.SecurityContextPersistenceFilter@624d778e, org.springframework.security.web.header.HeaderWriterFilter@1ab268bd, org.springframework.security.web.authentication.logout.LogoutFilter@492fa72a, org.springframework.security.web.authentication.www.BasicAuthenticationFilter@5f9a8ddc, org.springframework.security.web.savedrequest.RequestCacheAwareFilter@4c8abec7, org.springframework.security.web.servletapi.SecurityContextHolderAwareRequestFilter@3c2dda7c, org.springframework.security.web.authentication.AnonymousAuthenticationFilter@9f2fe2e, org.springframework.security.web.session.SessionManagementFilter@1d9ff1e2, org.springframework.security.web.access.ExceptionTranslationFilter@74e4be21, org.springframework.security.web.access.intercept.FilterSecurityInterceptor@433ae0b0]
2026-08-20 22:09:57 INFO  c.j.service.EmailServiceTests - Started EmailServiceTests in 20.544 seconds (JVM running for 29.476)
2026-08-20 22:10:00 ERROR com.journalApp.service.EmailService - Exception while sendEmail
org.springframework.mail.MailSendException: Mail server connection failed; nested exception is javax.mail.MessagingException: Could not convert socket to TLS;
  nested exception is:
	javax.net.ssl.SSLHandshakeException: PKIX path building failed: sun.security.provider.certpath.SunCertPathBuilderException: unable to find valid certification path to requested target. Failed messages: javax.mail.MessagingException: Could not convert socket to TLS;
  nested exception is:
	javax.net.ssl.SSLHandshakeException: PKIX path building failed: sun.security.provider.certpath.SunCertPathBuilderException: unable to find valid certification path to requested target
	at org.springframework.mail.javamail.JavaMailSenderImpl.doSend(JavaMailSenderImpl.java:448)
	at org.springframework.mail.javamail.JavaMailSenderImpl.send(JavaMailSenderImpl.java:323)
	at org.springframework.mail.javamail.JavaMailSenderImpl.send(JavaMailSenderImpl.java:312)
	at com.journalApp.service.EmailService.sendEmail(EmailService.java:22)
	at com.journalApp.service.EmailServiceTests.testSendEmail(EmailServiceTests.java:14)
	at java.base/jdk.internal.reflect.DirectMethodHandleAccessor.invoke(DirectMethodHandleAccessor.java:103)
	at java.base/java.lang.reflect.Method.invoke(Method.java:580)
	at org.junit.platform.commons.util.ReflectionUtils.invokeMethod(ReflectionUtils.java:725)
	at org.junit.jupiter.engine.execution.MethodInvocation.proceed(MethodInvocation.java:60)
	at org.junit.jupiter.engine.execution.InvocationInterceptorChain$ValidatingInvocation.proceed(InvocationInterceptorChain.java:131)
	at org.junit.jupiter.engine.extension.TimeoutExtension.intercept(TimeoutExtension.java:149)
	at org.junit.jupiter.engine.extension.TimeoutExtension.interceptTestableMethod(TimeoutExtension.java:140)
	at org.junit.jupiter.engine.extension.TimeoutExtension.interceptTestMethod(TimeoutExtension.java:84)
	at org.junit.jupiter.engine.execution.ExecutableInvoker$ReflectiveInterceptorCall.lambda$ofVoidMethod$0(ExecutableInvoker.java:115)
	at org.junit.jupiter.engine.execution.ExecutableInvoker.lambda$invoke$0(ExecutableInvoker.java:105)
	at org.junit.jupiter.engine.execution.InvocationInterceptorChain$InterceptedInvocation.proceed(InvocationInterceptorChain.java:106)
	at org.junit.jupiter.engine.execution.InvocationInterceptorChain.proceed(InvocationInterceptorChain.java:64)
	at org.junit.jupiter.engine.execution.InvocationInterceptorChain.chainAndInvoke(InvocationInterceptorChain.java:45)
	at org.junit.jupiter.engine.execution.InvocationInterceptorChain.invoke(InvocationInterceptorChain.java:37)
	at org.junit.jupiter.engine.execution.ExecutableInvoker.invoke(ExecutableInvoker.java:104)
	at org.junit.jupiter.engine.execution.ExecutableInvoker.invoke(ExecutableInvoker.java:98)
	at org.junit.jupiter.engine.descriptor.TestMethodTestDescriptor.lambda$invokeTestMethod$7(TestMethodTestDescriptor.java:214)
	at org.junit.platform.engine.support.hierarchical.ThrowableCollector.execute(ThrowableCollector.java:73)
	at org.junit.jupiter.engine.descriptor.TestMethodTestDescriptor.invokeTestMethod(TestMethodTestDescriptor.java:210)
	at org.junit.jupiter.engine.descriptor.TestMethodTestDescriptor.execute(TestMethodTestDescriptor.java:135)
	at org.junit.jupiter.engine.descriptor.TestMethodTestDescriptor.execute(TestMethodTestDescriptor.java:66)
	at org.junit.platform.engine.support.hierarchical.NodeTestTask.lambda$executeRecursively$6(NodeTestTask.java:151)
	at org.junit.platform.engine.support.hierarchical.ThrowableCollector.execute(ThrowableCollector.java:73)
	at org.junit.platform.engine.support.hierarchical.NodeTestTask.lambda$executeRecursively$8(NodeTestTask.java:141)
	at org.junit.platform.engine.support.hierarchical.Node.around(Node.java:137)
	at org.junit.platform.engine.support.hierarchical.NodeTestTask.lambda$executeRecursively$9(NodeTestTask.java:139)
	at org.junit.platform.engine.support.hierarchical.ThrowableCollector.execute(ThrowableCollector.java:73)
	at org.junit.platform.engine.support.hierarchical.NodeTestTask.executeRecursively(NodeTestTask.java:138)
	at org.junit.platform.engine.support.hierarchical.NodeTestTask.execute(NodeTestTask.java:95)
	at java.base/java.util.ArrayList.forEach(ArrayList.java:1596)
	at org.junit.platform.engine.support.hierarchical.SameThreadHierarchicalTestExecutorService.invokeAll(SameThreadHierarchicalTestExecutorService.java:41)
	at org.junit.platform.engine.support.hierarchical.NodeTestTask.lambda$executeRecursively$6(NodeTestTask.java:155)
	at org.junit.platform.engine.support.hierarchical.ThrowableCollector.execute(ThrowableCollector.java:73)
	at org.junit.platform.engine.support.hierarchical.NodeTestTask.lambda$executeRecursively$8(NodeTestTask.java:141)
	at org.junit.platform.engine.support.hierarchical.Node.around(Node.java:137)
	at org.junit.platform.engine.support.hierarchical.NodeTestTask.lambda$executeRecursively$9(NodeTestTask.java:139)
	at org.junit.platform.engine.support.hierarchical.ThrowableCollector.execute(ThrowableCollector.java:73)
	at org.junit.platform.engine.support.hierarchical.NodeTestTask.executeRecursively(NodeTestTask.java:138)
	at org.junit.platform.engine.support.hierarchical.NodeTestTask.execute(NodeTestTask.java:95)
	at java.base/java.util.ArrayList.forEach(ArrayList.java:1596)
	at org.junit.platform.engine.support.hierarchical.SameThreadHierarchicalTestExecutorService.invokeAll(SameThreadHierarchicalTestExecutorService.java:41)
	at org.junit.platform.engine.support.hierarchical.NodeTestTask.lambda$executeRecursively$6(NodeTestTask.java:155)
	at org.junit.platform.engine.support.hierarchical.ThrowableCollector.execute(ThrowableCollector.java:73)
	at org.junit.platform.engine.support.hierarchical.NodeTestTask.lambda$executeRecursively$8(NodeTestTask.java:141)
	at org.junit.platform.engine.support.hierarchical.Node.around(Node.java:137)
	at org.junit.platform.engine.support.hierarchical.NodeTestTask.lambda$executeRecursively$9(NodeTestTask.java:139)
	at org.junit.platform.engine.support.hierarchical.ThrowableCollector.execute(ThrowableCollector.java:73)
	at org.junit.platform.engine.support.hierarchical.NodeTestTask.executeRecursively(NodeTestTask.java:138)
	at org.junit.platform.engine.support.hierarchical.NodeTestTask.execute(NodeTestTask.java:95)
	at org.junit.platform.engine.support.hierarchical.SameThreadHierarchicalTestExecutorService.submit(SameThreadHierarchicalTestExecutorService.java:35)
	at org.junit.platform.engine.support.hierarchical.HierarchicalTestExecutor.execute(HierarchicalTestExecutor.java:57)
	at org.junit.platform.engine.support.hierarchical.HierarchicalTestEngine.execute(HierarchicalTestEngine.java:54)
	at org.junit.platform.launcher.core.EngineExecutionOrchestrator.execute(EngineExecutionOrchestrator.java:107)
	at org.junit.platform.launcher.core.EngineExecutionOrchestrator.execute(EngineExecutionOrchestrator.java:88)
	at org.junit.platform.launcher.core.EngineExecutionOrchestrator.lambda$execute$0(EngineExecutionOrchestrator.java:54)
	at org.junit.platform.launcher.core.EngineExecutionOrchestrator.withInterceptedStreams(EngineExecutionOrchestrator.java:67)
	at org.junit.platform.launcher.core.EngineExecutionOrchestrator.execute(EngineExecutionOrchestrator.java:52)
	at org.junit.platform.launcher.core.DefaultLauncher.execute(DefaultLauncher.java:114)
	at org.junit.platform.launcher.core.DefaultLauncher.execute(DefaultLauncher.java:86)
	at org.junit.platform.launcher.core.DefaultLauncherSession$DelegatingLauncher.execute(DefaultLauncherSession.java:86)
	at org.junit.platform.launcher.core.SessionPerRequestLauncher.execute(SessionPerRequestLauncher.java:53)
	at com.intellij.junit5.JUnit5IdeaTestRunner.startRunnerWithArgs(JUnit5IdeaTestRunner.java:66)
	at com.intellij.rt.junit.IdeaTestRunner$Repeater$1.execute(IdeaTestRunner.java:38)
	at com.intellij.rt.execution.junit.TestsRepeater.repeat(TestsRepeater.java:11)
	at com.intellij.rt.junit.IdeaTestRunner$Repeater.startRunnerWithArgs(IdeaTestRunner.java:35)
	at com.intellij.rt.junit.JUnitStarter.prepareStreamsAndStart(JUnitStarter.java:237)
	at com.intellij.rt.junit.JUnitStarter.main(JUnitStarter.java:58)
Caused by: javax.mail.MessagingException: Could not convert socket to TLS
	at com.sun.mail.smtp.SMTPTransport.startTLS(SMTPTransport.java:2140)
	at com.sun.mail.smtp.SMTPTransport.protocolConnect(SMTPTransport.java:734)
	at javax.mail.Service.connect(Service.java:342)
	at org.springframework.mail.javamail.JavaMailSenderImpl.connectTransport(JavaMailSenderImpl.java:518)
	at org.springframework.mail.javamail.JavaMailSenderImpl.doSend(JavaMailSenderImpl.java:437)
	... 71 common frames omitted
Caused by: javax.net.ssl.SSLHandshakeException: PKIX path building failed: sun.security.provider.certpath.SunCertPathBuilderException: unable to find valid certification path to requested target
	at java.base/sun.security.ssl.Alert.createSSLException(Alert.java:130)
	at java.base/sun.security.ssl.TransportContext.fatal(TransportContext.java:378)
	at java.base/sun.security.ssl.TransportContext.fatal(TransportContext.java:321)
	at java.base/sun.security.ssl.TransportContext.fatal(TransportContext.java:316)
	at java.base/sun.security.ssl.CertificateMessage$T13CertificateConsumer.checkServerCerts(CertificateMessage.java:1318)
	at java.base/sun.security.ssl.CertificateMessage$T13CertificateConsumer.onConsumeCertificate(CertificateMessage.java:1195)
	at java.base/sun.security.ssl.CertificateMessage$T13CertificateConsumer.consume(CertificateMessage.java:1138)
	at java.base/sun.security.ssl.SSLHandshake.consume(SSLHandshake.java:393)
	at java.base/sun.security.ssl.HandshakeContext.dispatch(HandshakeContext.java:476)
	at java.base/sun.security.ssl.HandshakeContext.dispatch(HandshakeContext.java:447)
	at java.base/sun.security.ssl.TransportContext.dispatch(TransportContext.java:201)
	at java.base/sun.security.ssl.SSLTransport.decode(SSLTransport.java:172)
	at java.base/sun.security.ssl.SSLSocketImpl.decode(SSLSocketImpl.java:1506)
	at java.base/sun.security.ssl.SSLSocketImpl.readHandshakeRecord(SSLSocketImpl.java:1421)
	at java.base/sun.security.ssl.SSLSocketImpl.startHandshake(SSLSocketImpl.java:455)
	at java.base/sun.security.ssl.SSLSocketImpl.startHandshake(SSLSocketImpl.java:426)
	at com.sun.mail.util.SocketFetcher.configureSSLSocket(SocketFetcher.java:602)
	at com.sun.mail.util.SocketFetcher.startTLS(SocketFetcher.java:529)
	at com.sun.mail.smtp.SMTPTransport.startTLS(SMTPTransport.java:2135)
	... 75 common frames omitted
Caused by: sun.security.validator.ValidatorException: PKIX path building failed: sun.security.provider.certpath.SunCertPathBuilderException: unable to find valid certification path to requested target
	at java.base/sun.security.validator.PKIXValidator.doBuild(PKIXValidator.java:388)
	at java.base/sun.security.validator.PKIXValidator.engineValidate(PKIXValidator.java:271)
	at java.base/sun.security.validator.Validator.validate(Validator.java:256)
	at java.base/sun.security.ssl.X509TrustManagerImpl.checkTrusted(X509TrustManagerImpl.java:230)
	at java.base/sun.security.ssl.X509TrustManagerImpl.checkServerTrusted(X509TrustManagerImpl.java:132)
	at java.base/sun.security.ssl.CertificateMessage$T13CertificateConsumer.checkServerCerts(CertificateMessage.java:1302)
	... 89 common frames omitted
Caused by: sun.security.provider.certpath.SunCertPathBuilderException: unable to find valid certification path to requested target
	at java.base/sun.security.provider.certpath.SunCertPathBuilder.build(SunCertPathBuilder.java:148)
	at java.base/sun.security.provider.certpath.SunCertPathBuilder.engineBuild(SunCertPathBuilder.java:129)
	at java.base/java.security.cert.CertPathBuilder.build(CertPathBuilder.java:297)
	at java.base/sun.security.validator.PKIXValidator.doBuild(PKIXValidator.java:383)
	... 94 common frames omitted
2026-08-20 22:11:47 INFO  o.s.b.t.c.SpringBootTestContextBootstrapper - Neither @ContextConfiguration nor @ContextHierarchy found for test class [com.journalApp.service.EmailServiceTests], using SpringBootContextLoader
2026-08-20 22:11:47 INFO  o.s.t.c.s.AbstractContextLoader - Could not detect default resource locations for test class [com.journalApp.service.EmailServiceTests]: no resource found for suffixes {-context.xml, Context.groovy}.
2026-08-20 22:11:47 INFO  o.s.t.c.s.AnnotationConfigContextLoaderUtils - Could not detect default configuration classes for test class [com.journalApp.service.EmailServiceTests]: EmailServiceTests does not declare any static, non-private, non-final, nested classes annotated with @Configuration.
2026-08-20 22:11:47 INFO  o.s.b.t.c.SpringBootTestContextBootstrapper - Found @SpringBootConfiguration com.journalApp.JournalAppApplication for test class com.journalApp.service.EmailServiceTests
2026-08-20 22:11:47 INFO  o.s.b.t.c.SpringBootTestContextBootstrapper - Loaded default TestExecutionListener class names from location [META-INF/spring.factories]: [org.springframework.boot.test.mock.mockito.MockitoTestExecutionListener, org.springframework.boot.test.mock.mockito.ResetMocksTestExecutionListener, org.springframework.boot.test.autoconfigure.restdocs.RestDocsTestExecutionListener, org.springframework.boot.test.autoconfigure.web.client.MockRestServiceServerResetTestExecutionListener, org.springframework.boot.test.autoconfigure.web.servlet.MockMvcPrintOnlyOnFailureTestExecutionListener, org.springframework.boot.test.autoconfigure.web.servlet.WebDriverTestExecutionListener, org.springframework.boot.test.autoconfigure.webservices.client.MockWebServiceServerTestExecutionListener, org.springframework.test.context.web.ServletTestExecutionListener, org.springframework.test.context.support.DirtiesContextBeforeModesTestExecutionListener, org.springframework.test.context.event.ApplicationEventsTestExecutionListener, org.springframework.test.context.support.DependencyInjectionTestExecutionListener, org.springframework.test.context.support.DirtiesContextTestExecutionListener, org.springframework.test.context.transaction.TransactionalTestExecutionListener, org.springframework.test.context.jdbc.SqlScriptsTestExecutionListener, org.springframework.test.context.event.EventPublishingTestExecutionListener]
2026-08-20 22:11:47 INFO  o.s.b.t.c.SpringBootTestContextBootstrapper - Using TestExecutionListeners: [org.springframework.test.context.web.ServletTestExecutionListener@3b956878, org.springframework.test.context.support.DirtiesContextBeforeModesTestExecutionListener@36546a22, org.springframework.test.context.event.ApplicationEventsTestExecutionListener@285c08c8, org.springframework.boot.test.mock.mockito.MockitoTestExecutionListener@295eaa7c, org.springframework.boot.test.autoconfigure.SpringBootDependencyInjectionTestExecutionListener@3918c187, org.springframework.test.context.support.DirtiesContextTestExecutionListener@2c88b9fc, org.springframework.test.context.transaction.TransactionalTestExecutionListener@64dafeed, org.springframework.test.context.jdbc.SqlScriptsTestExecutionListener@388ba540, org.springframework.test.context.event.EventPublishingTestExecutionListener@47605f2f, org.springframework.boot.test.mock.mockito.ResetMocksTestExecutionListener@2ece4966, org.springframework.boot.test.autoconfigure.restdocs.RestDocsTestExecutionListener@1dd0e7c4, org.springframework.boot.test.autoconfigure.web.client.MockRestServiceServerResetTestExecutionListener@7894f09b, org.springframework.boot.test.autoconfigure.web.servlet.MockMvcPrintOnlyOnFailureTestExecutionListener@3d484181, org.springframework.boot.test.autoconfigure.web.servlet.WebDriverTestExecutionListener@6111ba37, org.springframework.boot.test.autoconfigure.webservices.client.MockWebServiceServerTestExecutionListener@7be58f16]
2026-08-20 22:11:48 INFO  c.j.service.EmailServiceTests - Starting EmailServiceTests using Java 21.0.4 on SHAHID with PID 13996 (started by MD SHAHID ANSARI in C:\Users\MD SHAHID ANSARI\IdeaProjects\journalApp\journalApp)
2026-08-20 22:11:48 INFO  c.j.service.EmailServiceTests - The following 1 profile is active: "dev"
2026-08-20 22:11:50 INFO  o.s.d.r.c.RepositoryConfigurationDelegate - Multiple Spring Data modules found, entering strict repository configuration mode
2026-08-20 22:11:50 INFO  o.s.d.r.c.RepositoryConfigurationDelegate - Bootstrapping Spring Data MongoDB repositories in DEFAULT mode.
2026-08-20 22:11:50 INFO  o.s.d.r.c.RepositoryConfigurationDelegate - Finished Spring Data repository scanning in 348 ms. Found 3 MongoDB repository interfaces.
2026-08-20 22:11:50 INFO  o.s.d.r.c.RepositoryConfigurationDelegate - Multiple Spring Data modules found, entering strict repository configuration mode
2026-08-20 22:11:50 INFO  o.s.d.r.c.RepositoryConfigurationDelegate - Bootstrapping Spring Data Redis repositories in DEFAULT mode.
2026-08-20 22:11:50 INFO  o.s.d.r.c.RepositoryConfigurationExtensionSupport - Spring Data Redis - Could not safely identify store assignment for repository candidate interface com.journalApp.repository.ConfigJournalAppRepository; If you want this repository to be a Redis repository, consider annotating your entities with one of these annotations: org.springframework.data.redis.core.RedisHash (preferred), or consider extending one of the following types with your repository: org.springframework.data.keyvalue.repository.KeyValueRepository
2026-08-20 22:11:50 INFO  o.s.d.r.c.RepositoryConfigurationExtensionSupport - Spring Data Redis - Could not safely identify store assignment for repository candidate interface com.journalApp.repository.JournalEntryRepository; If you want this repository to be a Redis repository, consider annotating your entities with one of these annotations: org.springframework.data.redis.core.RedisHash (preferred), or consider extending one of the following types with your repository: org.springframework.data.keyvalue.repository.KeyValueRepository
2026-08-20 22:11:50 INFO  o.s.d.r.c.RepositoryConfigurationExtensionSupport - Spring Data Redis - Could not safely identify store assignment for repository candidate interface com.journalApp.repository.UserRepository; If you want this repository to be a Redis repository, consider annotating your entities with one of these annotations: org.springframework.data.redis.core.RedisHash (preferred), or consider extending one of the following types with your repository: org.springframework.data.keyvalue.repository.KeyValueRepository
2026-08-20 22:11:50 INFO  o.s.d.r.c.RepositoryConfigurationDelegate - Finished Spring Data repository scanning in 24 ms. Found 0 Redis repository interfaces.
2026-08-20 22:11:52 INFO  org.mongodb.driver.client - MongoClient with metadata {"driver": {"name": "mongo-java-driver|sync|spring-boot", "version": "4.6.1"}, "os": {"type": "Windows", "name": "Windows 11", "architecture": "amd64", "version": "10.0"}, "platform": "Java/Oracle Corporation/21.0.4+8-LTS-274", "application": {"name": "Cluster0"}} created with settings MongoClientSettings{readPreference=primary, writeConcern=WriteConcern{w=null, wTimeout=null ms, journal=null}, retryWrites=true, retryReads=true, readConcern=ReadConcern{level=null}, credential=MongoCredential{mechanism=null, userName='mdshahidans2005_db_user', source='admin', password=<hidden>, mechanismProperties=<hidden>}, streamFactoryFactory=null, commandListeners=[], codecRegistry=ProvidersCodecRegistry{codecProviders=[ValueCodecProvider{}, BsonValueCodecProvider{}, DBRefCodecProvider{}, DBObjectCodecProvider{}, DocumentCodecProvider{}, IterableCodecProvider{}, MapCodecProvider{}, GeoJsonCodecProvider{}, GridFSFileCodecProvider{}, Jsr310CodecProvider{}, JsonObjectCodecProvider{}, BsonCodecProvider{}, EnumCodecProvider{}, com.mongodb.Jep395RecordCodecProvider@6371cf2f]}, clusterSettings={hosts=[127.0.0.1:27017], srvHost=cluster0.yvjbs2l.mongodb.net, srvServiceName=mongodb, mode=MULTIPLE, requiredClusterType=REPLICA_SET, requiredReplicaSetName='atlas-lpe6sk-shard-0', serverSelector='null', clusterListeners='[]', serverSelectionTimeout='30000 ms', localThreshold='30000 ms'}, socketSettings=SocketSettings{connectTimeoutMS=10000, readTimeoutMS=0, receiveBufferSize=0, sendBufferSize=0}, heartbeatSocketSettings=SocketSettings{connectTimeoutMS=10000, readTimeoutMS=10000, receiveBufferSize=0, sendBufferSize=0}, connectionPoolSettings=ConnectionPoolSettings{maxSize=100, minSize=0, maxWaitTimeMS=120000, maxConnectionLifeTimeMS=0, maxConnectionIdleTimeMS=0, maintenanceInitialDelayMS=0, maintenanceFrequencyMS=60000, connectionPoolListeners=[], maxConnecting=2}, serverSettings=ServerSettings{heartbeatFrequencyMS=10000, minHeartbeatFrequencyMS=500, serverListeners='[]', serverMonitorListeners='[]'}, sslSettings=SslSettings{enabled=true, invalidHostNameAllowed=false, context=null}, applicationName='Cluster0', compressorList=[], uuidRepresentation=JAVA_LEGACY, serverApi=null, autoEncryptionSettings=null, contextProvider=null}
2026-08-20 22:11:52 INFO  org.mongodb.driver.cluster - Adding discovered server ac-bd180s9-shard-00-00.yvjbs2l.mongodb.net:27017 to client view of cluster
2026-08-20 22:11:52 INFO  org.mongodb.driver.cluster - Adding discovered server ac-bd180s9-shard-00-01.yvjbs2l.mongodb.net:27017 to client view of cluster
2026-08-20 22:11:52 INFO  org.mongodb.driver.cluster - Adding discovered server ac-bd180s9-shard-00-02.yvjbs2l.mongodb.net:27017 to client view of cluster
2026-08-20 22:11:52 INFO  org.mongodb.driver.cluster - No server chosen by com.mongodb.client.internal.MongoClientDelegate$1@7faa0680 from cluster description ClusterDescription{type=REPLICA_SET, connectionMode=MULTIPLE, serverDescriptions=[ServerDescription{address=ac-bd180s9-shard-00-00.yvjbs2l.mongodb.net:27017, type=UNKNOWN, state=CONNECTING}, ServerDescription{address=ac-bd180s9-shard-00-02.yvjbs2l.mongodb.net:27017, type=UNKNOWN, state=CONNECTING}, ServerDescription{address=ac-bd180s9-shard-00-01.yvjbs2l.mongodb.net:27017, type=UNKNOWN, state=CONNECTING}]}. Waiting for 30000 ms before timing out
2026-08-20 22:11:54 INFO  org.mongodb.driver.connection - Opened connection [connectionId{localValue:6, serverValue:255387}] to ac-bd180s9-shard-00-02.yvjbs2l.mongodb.net:27017
2026-08-20 22:11:54 INFO  org.mongodb.driver.connection - Opened connection [connectionId{localValue:3, serverValue:247756}] to ac-bd180s9-shard-00-01.yvjbs2l.mongodb.net:27017
2026-08-20 22:11:54 INFO  org.mongodb.driver.connection - Opened connection [connectionId{localValue:2, serverValue:247756}] to ac-bd180s9-shard-00-01.yvjbs2l.mongodb.net:27017
2026-08-20 22:11:54 INFO  org.mongodb.driver.connection - Opened connection [connectionId{localValue:4, serverValue:255387}] to ac-bd180s9-shard-00-02.yvjbs2l.mongodb.net:27017
2026-08-20 22:11:54 INFO  org.mongodb.driver.connection - Opened connection [connectionId{localValue:5, serverValue:251043}] to ac-bd180s9-shard-00-00.yvjbs2l.mongodb.net:27017
2026-08-20 22:11:54 INFO  org.mongodb.driver.connection - Opened connection [connectionId{localValue:1, serverValue:251043}] to ac-bd180s9-shard-00-00.yvjbs2l.mongodb.net:27017
2026-08-20 22:11:54 INFO  org.mongodb.driver.cluster - Monitor thread successfully connected to server with description ServerDescription{address=ac-bd180s9-shard-00-01.yvjbs2l.mongodb.net:27017, type=REPLICA_SET_SECONDARY, state=CONNECTED, ok=true, minWireVersion=0, maxWireVersion=25, maxDocumentSize=16777216, logicalSessionTimeoutMinutes=30, roundTripTimeNanos=1045450800, setName='atlas-lpe6sk-shard-0', canonicalAddress=ac-bd180s9-shard-00-01.yvjbs2l.mongodb.net:27017, hosts=[ac-bd180s9-shard-00-01.yvjbs2l.mongodb.net:27017, ac-bd180s9-shard-00-02.yvjbs2l.mongodb.net:27017, ac-bd180s9-shard-00-00.yvjbs2l.mongodb.net:27017], passives=[], arbiters=[], primary='ac-bd180s9-shard-00-02.yvjbs2l.mongodb.net:27017', tagSet=TagSet{[Tag{name='availabilityZone', value='aps1-az3'}, Tag{name='cacheState', value='READY'}, Tag{name='diskState', value='READY'}, Tag{name='nodeType', value='ELECTABLE'}, Tag{name='provider', value='AWS'}, Tag{name='region', value='AP_SOUTH_1'}, Tag{name='workloadType', value='OPERATIONAL'}]}, electionId=null, setVersion=297, topologyVersion=TopologyVersion{processId=6a7b3fc5ee64108dce410aaf, counter=5}, lastWriteDate=Thu Aug 20 22:11:54 IST 2026, lastUpdateTimeNanos=3057660024400}
2026-08-20 22:11:54 INFO  org.mongodb.driver.cluster - Monitor thread successfully connected to server with description ServerDescription{address=ac-bd180s9-shard-00-02.yvjbs2l.mongodb.net:27017, type=REPLICA_SET_PRIMARY, state=CONNECTED, ok=true, minWireVersion=0, maxWireVersion=25, maxDocumentSize=16777216, logicalSessionTimeoutMinutes=30, roundTripTimeNanos=1045633300, setName='atlas-lpe6sk-shard-0', canonicalAddress=ac-bd180s9-shard-00-02.yvjbs2l.mongodb.net:27017, hosts=[ac-bd180s9-shard-00-01.yvjbs2l.mongodb.net:27017, ac-bd180s9-shard-00-02.yvjbs2l.mongodb.net:27017, ac-bd180s9-shard-00-00.yvjbs2l.mongodb.net:27017], passives=[], arbiters=[], primary='ac-bd180s9-shard-00-02.yvjbs2l.mongodb.net:27017', tagSet=TagSet{[Tag{name='availabilityZone', value='aps1-az2'}, Tag{name='cacheState', value='READY'}, Tag{name='diskState', value='READY'}, Tag{name='nodeType', value='ELECTABLE'}, Tag{name='provider', value='AWS'}, Tag{name='region', value='AP_SOUTH_1'}, Tag{name='workloadType', value='OPERATIONAL'}]}, electionId=7fffffff000000000000012d, setVersion=297, topologyVersion=TopologyVersion{processId=6a7b3d358e68804eae9a242f, counter=10}, lastWriteDate=Thu Aug 20 22:11:54 IST 2026, lastUpdateTimeNanos=3057660206300}
2026-08-20 22:11:54 INFO  org.mongodb.driver.cluster - Monitor thread successfully connected to server with description ServerDescription{address=ac-bd180s9-shard-00-00.yvjbs2l.mongodb.net:27017, type=REPLICA_SET_SECONDARY, state=CONNECTED, ok=true, minWireVersion=0, maxWireVersion=25, maxDocumentSize=16777216, logicalSessionTimeoutMinutes=30, roundTripTimeNanos=1045573400, setName='atlas-lpe6sk-shard-0', canonicalAddress=ac-bd180s9-shard-00-00.yvjbs2l.mongodb.net:27017, hosts=[ac-bd180s9-shard-00-01.yvjbs2l.mongodb.net:27017, ac-bd180s9-shard-00-02.yvjbs2l.mongodb.net:27017, ac-bd180s9-shard-00-00.yvjbs2l.mongodb.net:27017], passives=[], arbiters=[], primary='ac-bd180s9-shard-00-02.yvjbs2l.mongodb.net:27017', tagSet=TagSet{[Tag{name='availabilityZone', value='aps1-az1'}, Tag{name='cacheState', value='READY'}, Tag{name='diskState', value='READY'}, Tag{name='nodeType', value='ELECTABLE'}, Tag{name='provider', value='AWS'}, Tag{name='region', value='AP_SOUTH_1'}, Tag{name='workloadType', value='OPERATIONAL'}]}, electionId=null, setVersion=297, topologyVersion=TopologyVersion{processId=6a7b3ab66a60f4deb1771140, counter=10}, lastWriteDate=Thu Aug 20 22:11:54 IST 2026, lastUpdateTimeNanos=3057660147800}
2026-08-20 22:11:54 INFO  org.mongodb.driver.cluster - Setting max election id to 7fffffff000000000000012d from replica set primary ac-bd180s9-shard-00-02.yvjbs2l.mongodb.net:27017
2026-08-20 22:11:54 INFO  org.mongodb.driver.cluster - Setting max set version to 297 from replica set primary ac-bd180s9-shard-00-02.yvjbs2l.mongodb.net:27017
2026-08-20 22:11:54 INFO  org.mongodb.driver.cluster - Discovered replica set primary ac-bd180s9-shard-00-02.yvjbs2l.mongodb.net:27017
2026-08-20 22:11:54 INFO  org.mongodb.driver.connection - Opened connection [connectionId{localValue:7, serverValue:255467}] to ac-bd180s9-shard-00-02.yvjbs2l.mongodb.net:27017
2026-08-20 22:11:57 INFO  o.s.s.web.DefaultSecurityFilterChain - Will secure any request with [org.springframework.security.web.session.DisableEncodeUrlFilter@3b66ac74, org.springframework.security.web.context.request.async.WebAsyncManagerIntegrationFilter@573870cb, org.springframework.security.web.context.SecurityContextPersistenceFilter@6fe5da76, org.springframework.security.web.header.HeaderWriterFilter@39e7e040, org.springframework.security.web.authentication.logout.LogoutFilter@664f49f, org.springframework.security.web.authentication.www.BasicAuthenticationFilter@1592e540, org.springframework.security.web.savedrequest.RequestCacheAwareFilter@4f8900b0, org.springframework.security.web.servletapi.SecurityContextHolderAwareRequestFilter@64eeddd8, org.springframework.security.web.authentication.AnonymousAuthenticationFilter@5b88af70, org.springframework.security.web.session.SessionManagementFilter@7037a680, org.springframework.security.web.access.ExceptionTranslationFilter@54556723, org.springframework.security.web.access.intercept.FilterSecurityInterceptor@5960f17]
2026-08-20 22:11:58 INFO  c.j.service.EmailServiceTests - Started EmailServiceTests in 10.646 seconds (JVM running for 13.382)
2026-08-20 22:12:00 ERROR com.journalApp.service.EmailService - Exception while sendEmail
org.springframework.mail.MailSendException: Mail server connection failed; nested exception is javax.mail.MessagingException: Could not convert socket to TLS;
  nested exception is:
	javax.net.ssl.SSLHandshakeException: PKIX path building failed: sun.security.provider.certpath.SunCertPathBuilderException: unable to find valid certification path to requested target. Failed messages: javax.mail.MessagingException: Could not convert socket to TLS;
  nested exception is:
	javax.net.ssl.SSLHandshakeException: PKIX path building failed: sun.security.provider.certpath.SunCertPathBuilderException: unable to find valid certification path to requested target
	at org.springframework.mail.javamail.JavaMailSenderImpl.doSend(JavaMailSenderImpl.java:448)
	at org.springframework.mail.javamail.JavaMailSenderImpl.send(JavaMailSenderImpl.java:323)
	at org.springframework.mail.javamail.JavaMailSenderImpl.send(JavaMailSenderImpl.java:312)
	at com.journalApp.service.EmailService.sendEmail(EmailService.java:22)
	at com.journalApp.service.EmailServiceTests.testSendEmail(EmailServiceTests.java:14)
	at java.base/jdk.internal.reflect.DirectMethodHandleAccessor.invoke(DirectMethodHandleAccessor.java:103)
	at java.base/java.lang.reflect.Method.invoke(Method.java:580)
	at org.junit.platform.commons.util.ReflectionUtils.invokeMethod(ReflectionUtils.java:725)
	at org.junit.jupiter.engine.execution.MethodInvocation.proceed(MethodInvocation.java:60)
	at org.junit.jupiter.engine.execution.InvocationInterceptorChain$ValidatingInvocation.proceed(InvocationInterceptorChain.java:131)
	at org.junit.jupiter.engine.extension.TimeoutExtension.intercept(TimeoutExtension.java:149)
	at org.junit.jupiter.engine.extension.TimeoutExtension.interceptTestableMethod(TimeoutExtension.java:140)
	at org.junit.jupiter.engine.extension.TimeoutExtension.interceptTestMethod(TimeoutExtension.java:84)
	at org.junit.jupiter.engine.execution.ExecutableInvoker$ReflectiveInterceptorCall.lambda$ofVoidMethod$0(ExecutableInvoker.java:115)
	at org.junit.jupiter.engine.execution.ExecutableInvoker.lambda$invoke$0(ExecutableInvoker.java:105)
	at org.junit.jupiter.engine.execution.InvocationInterceptorChain$InterceptedInvocation.proceed(InvocationInterceptorChain.java:106)
	at org.junit.jupiter.engine.execution.InvocationInterceptorChain.proceed(InvocationInterceptorChain.java:64)
	at org.junit.jupiter.engine.execution.InvocationInterceptorChain.chainAndInvoke(InvocationInterceptorChain.java:45)
	at org.junit.jupiter.engine.execution.InvocationInterceptorChain.invoke(InvocationInterceptorChain.java:37)
	at org.junit.jupiter.engine.execution.ExecutableInvoker.invoke(ExecutableInvoker.java:104)
	at org.junit.jupiter.engine.execution.ExecutableInvoker.invoke(ExecutableInvoker.java:98)
	at org.junit.jupiter.engine.descriptor.TestMethodTestDescriptor.lambda$invokeTestMethod$7(TestMethodTestDescriptor.java:214)
	at org.junit.platform.engine.support.hierarchical.ThrowableCollector.execute(ThrowableCollector.java:73)
	at org.junit.jupiter.engine.descriptor.TestMethodTestDescriptor.invokeTestMethod(TestMethodTestDescriptor.java:210)
	at org.junit.jupiter.engine.descriptor.TestMethodTestDescriptor.execute(TestMethodTestDescriptor.java:135)
	at org.junit.jupiter.engine.descriptor.TestMethodTestDescriptor.execute(TestMethodTestDescriptor.java:66)
	at org.junit.platform.engine.support.hierarchical.NodeTestTask.lambda$executeRecursively$6(NodeTestTask.java:151)
	at org.junit.platform.engine.support.hierarchical.ThrowableCollector.execute(ThrowableCollector.java:73)
	at org.junit.platform.engine.support.hierarchical.NodeTestTask.lambda$executeRecursively$8(NodeTestTask.java:141)
	at org.junit.platform.engine.support.hierarchical.Node.around(Node.java:137)
	at org.junit.platform.engine.support.hierarchical.NodeTestTask.lambda$executeRecursively$9(NodeTestTask.java:139)
	at org.junit.platform.engine.support.hierarchical.ThrowableCollector.execute(ThrowableCollector.java:73)
	at org.junit.platform.engine.support.hierarchical.NodeTestTask.executeRecursively(NodeTestTask.java:138)
	at org.junit.platform.engine.support.hierarchical.NodeTestTask.execute(NodeTestTask.java:95)
	at java.base/java.util.ArrayList.forEach(ArrayList.java:1596)
	at org.junit.platform.engine.support.hierarchical.SameThreadHierarchicalTestExecutorService.invokeAll(SameThreadHierarchicalTestExecutorService.java:41)
	at org.junit.platform.engine.support.hierarchical.NodeTestTask.lambda$executeRecursively$6(NodeTestTask.java:155)
	at org.junit.platform.engine.support.hierarchical.ThrowableCollector.execute(ThrowableCollector.java:73)
	at org.junit.platform.engine.support.hierarchical.NodeTestTask.lambda$executeRecursively$8(NodeTestTask.java:141)
	at org.junit.platform.engine.support.hierarchical.Node.around(Node.java:137)
	at org.junit.platform.engine.support.hierarchical.NodeTestTask.lambda$executeRecursively$9(NodeTestTask.java:139)
	at org.junit.platform.engine.support.hierarchical.ThrowableCollector.execute(ThrowableCollector.java:73)
	at org.junit.platform.engine.support.hierarchical.NodeTestTask.executeRecursively(NodeTestTask.java:138)
	at org.junit.platform.engine.support.hierarchical.NodeTestTask.execute(NodeTestTask.java:95)
	at java.base/java.util.ArrayList.forEach(ArrayList.java:1596)
	at org.junit.platform.engine.support.hierarchical.SameThreadHierarchicalTestExecutorService.invokeAll(SameThreadHierarchicalTestExecutorService.java:41)
	at org.junit.platform.engine.support.hierarchical.NodeTestTask.lambda$executeRecursively$6(NodeTestTask.java:155)
	at org.junit.platform.engine.support.hierarchical.ThrowableCollector.execute(ThrowableCollector.java:73)
	at org.junit.platform.engine.support.hierarchical.NodeTestTask.lambda$executeRecursively$8(NodeTestTask.java:141)
	at org.junit.platform.engine.support.hierarchical.Node.around(Node.java:137)
	at org.junit.platform.engine.support.hierarchical.NodeTestTask.lambda$executeRecursively$9(NodeTestTask.java:139)
	at org.junit.platform.engine.support.hierarchical.ThrowableCollector.execute(ThrowableCollector.java:73)
	at org.junit.platform.engine.support.hierarchical.NodeTestTask.executeRecursively(NodeTestTask.java:138)
	at org.junit.platform.engine.support.hierarchical.NodeTestTask.execute(NodeTestTask.java:95)
	at org.junit.platform.engine.support.hierarchical.SameThreadHierarchicalTestExecutorService.submit(SameThreadHierarchicalTestExecutorService.java:35)
	at org.junit.platform.engine.support.hierarchical.HierarchicalTestExecutor.execute(HierarchicalTestExecutor.java:57)
	at org.junit.platform.engine.support.hierarchical.HierarchicalTestEngine.execute(HierarchicalTestEngine.java:54)
	at org.junit.platform.launcher.core.EngineExecutionOrchestrator.execute(EngineExecutionOrchestrator.java:107)
	at org.junit.platform.launcher.core.EngineExecutionOrchestrator.execute(EngineExecutionOrchestrator.java:88)
	at org.junit.platform.launcher.core.EngineExecutionOrchestrator.lambda$execute$0(EngineExecutionOrchestrator.java:54)
	at org.junit.platform.launcher.core.EngineExecutionOrchestrator.withInterceptedStreams(EngineExecutionOrchestrator.java:67)
	at org.junit.platform.launcher.core.EngineExecutionOrchestrator.execute(EngineExecutionOrchestrator.java:52)
	at org.junit.platform.launcher.core.DefaultLauncher.execute(DefaultLauncher.java:114)
	at org.junit.platform.launcher.core.DefaultLauncher.execute(DefaultLauncher.java:86)
	at org.junit.platform.launcher.core.DefaultLauncherSession$DelegatingLauncher.execute(DefaultLauncherSession.java:86)
	at org.junit.platform.launcher.core.SessionPerRequestLauncher.execute(SessionPerRequestLauncher.java:53)
	at com.intellij.junit5.JUnit5IdeaTestRunner.startRunnerWithArgs(JUnit5IdeaTestRunner.java:66)
	at com.intellij.rt.junit.IdeaTestRunner$Repeater$1.execute(IdeaTestRunner.java:38)
	at com.intellij.rt.execution.junit.TestsRepeater.repeat(TestsRepeater.java:11)
	at com.intellij.rt.junit.IdeaTestRunner$Repeater.startRunnerWithArgs(IdeaTestRunner.java:35)
	at com.intellij.rt.junit.JUnitStarter.prepareStreamsAndStart(JUnitStarter.java:237)
	at com.intellij.rt.junit.JUnitStarter.main(JUnitStarter.java:58)
Caused by: javax.mail.MessagingException: Could not convert socket to TLS
	at com.sun.mail.smtp.SMTPTransport.startTLS(SMTPTransport.java:2140)
	at com.sun.mail.smtp.SMTPTransport.protocolConnect(SMTPTransport.java:734)
	at javax.mail.Service.connect(Service.java:342)
	at org.springframework.mail.javamail.JavaMailSenderImpl.connectTransport(JavaMailSenderImpl.java:518)
	at org.springframework.mail.javamail.JavaMailSenderImpl.doSend(JavaMailSenderImpl.java:437)
	... 71 common frames omitted
Caused by: javax.net.ssl.SSLHandshakeException: PKIX path building failed: sun.security.provider.certpath.SunCertPathBuilderException: unable to find valid certification path to requested target
	at java.base/sun.security.ssl.Alert.createSSLException(Alert.java:130)
	at java.base/sun.security.ssl.TransportContext.fatal(TransportContext.java:378)
	at java.base/sun.security.ssl.TransportContext.fatal(TransportContext.java:321)
	at java.base/sun.security.ssl.TransportContext.fatal(TransportContext.java:316)
	at java.base/sun.security.ssl.CertificateMessage$T13CertificateConsumer.checkServerCerts(CertificateMessage.java:1318)
	at java.base/sun.security.ssl.CertificateMessage$T13CertificateConsumer.onConsumeCertificate(CertificateMessage.java:1195)
	at java.base/sun.security.ssl.CertificateMessage$T13CertificateConsumer.consume(CertificateMessage.java:1138)
	at java.base/sun.security.ssl.SSLHandshake.consume(SSLHandshake.java:393)
	at java.base/sun.security.ssl.HandshakeContext.dispatch(HandshakeContext.java:476)
	at java.base/sun.security.ssl.HandshakeContext.dispatch(HandshakeContext.java:447)
	at java.base/sun.security.ssl.TransportContext.dispatch(TransportContext.java:201)
	at java.base/sun.security.ssl.SSLTransport.decode(SSLTransport.java:172)
	at java.base/sun.security.ssl.SSLSocketImpl.decode(SSLSocketImpl.java:1506)
	at java.base/sun.security.ssl.SSLSocketImpl.readHandshakeRecord(SSLSocketImpl.java:1421)
	at java.base/sun.security.ssl.SSLSocketImpl.startHandshake(SSLSocketImpl.java:455)
	at java.base/sun.security.ssl.SSLSocketImpl.startHandshake(SSLSocketImpl.java:426)
	at com.sun.mail.util.SocketFetcher.configureSSLSocket(SocketFetcher.java:602)
	at com.sun.mail.util.SocketFetcher.startTLS(SocketFetcher.java:529)
	at com.sun.mail.smtp.SMTPTransport.startTLS(SMTPTransport.java:2135)
	... 75 common frames omitted
Caused by: sun.security.validator.ValidatorException: PKIX path building failed: sun.security.provider.certpath.SunCertPathBuilderException: unable to find valid certification path to requested target
	at java.base/sun.security.validator.PKIXValidator.doBuild(PKIXValidator.java:388)
	at java.base/sun.security.validator.PKIXValidator.engineValidate(PKIXValidator.java:271)
	at java.base/sun.security.validator.Validator.validate(Validator.java:256)
	at java.base/sun.security.ssl.X509TrustManagerImpl.checkTrusted(X509TrustManagerImpl.java:230)
	at java.base/sun.security.ssl.X509TrustManagerImpl.checkServerTrusted(X509TrustManagerImpl.java:132)
	at java.base/sun.security.ssl.CertificateMessage$T13CertificateConsumer.checkServerCerts(CertificateMessage.java:1302)
	... 89 common frames omitted
Caused by: sun.security.provider.certpath.SunCertPathBuilderException: unable to find valid certification path to requested target
	at java.base/sun.security.provider.certpath.SunCertPathBuilder.build(SunCertPathBuilder.java:148)
	at java.base/sun.security.provider.certpath.SunCertPathBuilder.engineBuild(SunCertPathBuilder.java:129)
	at java.base/java.security.cert.CertPathBuilder.build(CertPathBuilder.java:297)
	at java.base/sun.security.validator.PKIXValidator.doBuild(PKIXValidator.java:383)
	... 94 common frames omitted
2026-08-20 22:18:10 INFO  o.s.b.t.c.SpringBootTestContextBootstrapper - Neither @ContextConfiguration nor @ContextHierarchy found for test class [com.journalApp.service.EmailServiceTests], using SpringBootContextLoader
2026-08-20 22:18:10 INFO  o.s.t.c.s.AbstractContextLoader - Could not detect default resource locations for test class [com.journalApp.service.EmailServiceTests]: no resource found for suffixes {-context.xml, Context.groovy}.
2026-08-20 22:18:10 INFO  o.s.t.c.s.AnnotationConfigContextLoaderUtils - Could not detect default configuration classes for test class [com.journalApp.service.EmailServiceTests]: EmailServiceTests does not declare any static, non-private, non-final, nested classes annotated with @Configuration.
2026-08-20 22:18:10 INFO  o.s.b.t.c.SpringBootTestContextBootstrapper - Found @SpringBootConfiguration com.journalApp.JournalAppApplication for test class com.journalApp.service.EmailServiceTests
2026-08-20 22:18:10 INFO  o.s.b.t.c.SpringBootTestContextBootstrapper - Loaded default TestExecutionListener class names from location [META-INF/spring.factories]: [org.springframework.boot.test.mock.mockito.MockitoTestExecutionListener, org.springframework.boot.test.mock.mockito.ResetMocksTestExecutionListener, org.springframework.boot.test.autoconfigure.restdocs.RestDocsTestExecutionListener, org.springframework.boot.test.autoconfigure.web.client.MockRestServiceServerResetTestExecutionListener, org.springframework.boot.test.autoconfigure.web.servlet.MockMvcPrintOnlyOnFailureTestExecutionListener, org.springframework.boot.test.autoconfigure.web.servlet.WebDriverTestExecutionListener, org.springframework.boot.test.autoconfigure.webservices.client.MockWebServiceServerTestExecutionListener, org.springframework.test.context.web.ServletTestExecutionListener, org.springframework.test.context.support.DirtiesContextBeforeModesTestExecutionListener, org.springframework.test.context.event.ApplicationEventsTestExecutionListener, org.springframework.test.context.support.DependencyInjectionTestExecutionListener, org.springframework.test.context.support.DirtiesContextTestExecutionListener, org.springframework.test.context.transaction.TransactionalTestExecutionListener, org.springframework.test.context.jdbc.SqlScriptsTestExecutionListener, org.springframework.test.context.event.EventPublishingTestExecutionListener]
2026-08-20 22:18:10 INFO  o.s.b.t.c.SpringBootTestContextBootstrapper - Using TestExecutionListeners: [org.springframework.test.context.web.ServletTestExecutionListener@3b956878, org.springframework.test.context.support.DirtiesContextBeforeModesTestExecutionListener@36546a22, org.springframework.test.context.event.ApplicationEventsTestExecutionListener@285c08c8, org.springframework.boot.test.mock.mockito.MockitoTestExecutionListener@295eaa7c, org.springframework.boot.test.autoconfigure.SpringBootDependencyInjectionTestExecutionListener@3918c187, org.springframework.test.context.support.DirtiesContextTestExecutionListener@2c88b9fc, org.springframework.test.context.transaction.TransactionalTestExecutionListener@64dafeed, org.springframework.test.context.jdbc.SqlScriptsTestExecutionListener@388ba540, org.springframework.test.context.event.EventPublishingTestExecutionListener@47605f2f, org.springframework.boot.test.mock.mockito.ResetMocksTestExecutionListener@2ece4966, org.springframework.boot.test.autoconfigure.restdocs.RestDocsTestExecutionListener@1dd0e7c4, org.springframework.boot.test.autoconfigure.web.client.MockRestServiceServerResetTestExecutionListener@7894f09b, org.springframework.boot.test.autoconfigure.web.servlet.MockMvcPrintOnlyOnFailureTestExecutionListener@3d484181, org.springframework.boot.test.autoconfigure.web.servlet.WebDriverTestExecutionListener@6111ba37, org.springframework.boot.test.autoconfigure.webservices.client.MockWebServiceServerTestExecutionListener@7be58f16]
2026-08-20 22:18:11 INFO  c.j.service.EmailServiceTests - Starting EmailServiceTests using Java 21.0.4 on SHAHID with PID 6132 (started by MD SHAHID ANSARI in C:\Users\MD SHAHID ANSARI\IdeaProjects\journalApp\journalApp)
2026-08-20 22:18:11 INFO  c.j.service.EmailServiceTests - The following 1 profile is active: "dev"
2026-08-20 22:18:13 INFO  o.s.d.r.c.RepositoryConfigurationDelegate - Multiple Spring Data modules found, entering strict repository configuration mode
2026-08-20 22:18:13 INFO  o.s.d.r.c.RepositoryConfigurationDelegate - Bootstrapping Spring Data MongoDB repositories in DEFAULT mode.
2026-08-20 22:18:13 INFO  o.s.d.r.c.RepositoryConfigurationDelegate - Finished Spring Data repository scanning in 323 ms. Found 3 MongoDB repository interfaces.
2026-08-20 22:18:13 INFO  o.s.d.r.c.RepositoryConfigurationDelegate - Multiple Spring Data modules found, entering strict repository configuration mode
2026-08-20 22:18:13 INFO  o.s.d.r.c.RepositoryConfigurationDelegate - Bootstrapping Spring Data Redis repositories in DEFAULT mode.
2026-08-20 22:18:13 INFO  o.s.d.r.c.RepositoryConfigurationExtensionSupport - Spring Data Redis - Could not safely identify store assignment for repository candidate interface com.journalApp.repository.ConfigJournalAppRepository; If you want this repository to be a Redis repository, consider annotating your entities with one of these annotations: org.springframework.data.redis.core.RedisHash (preferred), or consider extending one of the following types with your repository: org.springframework.data.keyvalue.repository.KeyValueRepository
2026-08-20 22:18:13 INFO  o.s.d.r.c.RepositoryConfigurationExtensionSupport - Spring Data Redis - Could not safely identify store assignment for repository candidate interface com.journalApp.repository.JournalEntryRepository; If you want this repository to be a Redis repository, consider annotating your entities with one of these annotations: org.springframework.data.redis.core.RedisHash (preferred), or consider extending one of the following types with your repository: org.springframework.data.keyvalue.repository.KeyValueRepository
2026-08-20 22:18:13 INFO  o.s.d.r.c.RepositoryConfigurationExtensionSupport - Spring Data Redis - Could not safely identify store assignment for repository candidate interface com.journalApp.repository.UserRepository; If you want this repository to be a Redis repository, consider annotating your entities with one of these annotations: org.springframework.data.redis.core.RedisHash (preferred), or consider extending one of the following types with your repository: org.springframework.data.keyvalue.repository.KeyValueRepository
2026-08-20 22:18:13 INFO  o.s.d.r.c.RepositoryConfigurationDelegate - Finished Spring Data repository scanning in 14 ms. Found 0 Redis repository interfaces.
2026-08-20 22:18:16 INFO  org.mongodb.driver.client - MongoClient with metadata {"driver": {"name": "mongo-java-driver|sync|spring-boot", "version": "4.6.1"}, "os": {"type": "Windows", "name": "Windows 11", "architecture": "amd64", "version": "10.0"}, "platform": "Java/Oracle Corporation/21.0.4+8-LTS-274", "application": {"name": "Cluster0"}} created with settings MongoClientSettings{readPreference=primary, writeConcern=WriteConcern{w=null, wTimeout=null ms, journal=null}, retryWrites=true, retryReads=true, readConcern=ReadConcern{level=null}, credential=MongoCredential{mechanism=null, userName='mdshahidans2005_db_user', source='admin', password=<hidden>, mechanismProperties=<hidden>}, streamFactoryFactory=null, commandListeners=[], codecRegistry=ProvidersCodecRegistry{codecProviders=[ValueCodecProvider{}, BsonValueCodecProvider{}, DBRefCodecProvider{}, DBObjectCodecProvider{}, DocumentCodecProvider{}, IterableCodecProvider{}, MapCodecProvider{}, GeoJsonCodecProvider{}, GridFSFileCodecProvider{}, Jsr310CodecProvider{}, JsonObjectCodecProvider{}, BsonCodecProvider{}, EnumCodecProvider{}, com.mongodb.Jep395RecordCodecProvider@1e98b788]}, clusterSettings={hosts=[127.0.0.1:27017], srvHost=cluster0.yvjbs2l.mongodb.net, srvServiceName=mongodb, mode=MULTIPLE, requiredClusterType=REPLICA_SET, requiredReplicaSetName='atlas-lpe6sk-shard-0', serverSelector='null', clusterListeners='[]', serverSelectionTimeout='30000 ms', localThreshold='30000 ms'}, socketSettings=SocketSettings{connectTimeoutMS=10000, readTimeoutMS=0, receiveBufferSize=0, sendBufferSize=0}, heartbeatSocketSettings=SocketSettings{connectTimeoutMS=10000, readTimeoutMS=10000, receiveBufferSize=0, sendBufferSize=0}, connectionPoolSettings=ConnectionPoolSettings{maxSize=100, minSize=0, maxWaitTimeMS=120000, maxConnectionLifeTimeMS=0, maxConnectionIdleTimeMS=0, maintenanceInitialDelayMS=0, maintenanceFrequencyMS=60000, connectionPoolListeners=[], maxConnecting=2}, serverSettings=ServerSettings{heartbeatFrequencyMS=10000, minHeartbeatFrequencyMS=500, serverListeners='[]', serverMonitorListeners='[]'}, sslSettings=SslSettings{enabled=true, invalidHostNameAllowed=false, context=null}, applicationName='Cluster0', compressorList=[], uuidRepresentation=JAVA_LEGACY, serverApi=null, autoEncryptionSettings=null, contextProvider=null}
2026-08-20 22:18:16 INFO  org.mongodb.driver.cluster - Adding discovered server ac-bd180s9-shard-00-00.yvjbs2l.mongodb.net:27017 to client view of cluster
2026-08-20 22:18:16 INFO  org.mongodb.driver.cluster - Adding discovered server ac-bd180s9-shard-00-01.yvjbs2l.mongodb.net:27017 to client view of cluster
2026-08-20 22:18:16 INFO  org.mongodb.driver.cluster - Adding discovered server ac-bd180s9-shard-00-02.yvjbs2l.mongodb.net:27017 to client view of cluster
2026-08-20 22:18:16 INFO  org.mongodb.driver.cluster - No server chosen by com.mongodb.client.internal.MongoClientDelegate$1@42cf6349 from cluster description ClusterDescription{type=REPLICA_SET, connectionMode=MULTIPLE, serverDescriptions=[ServerDescription{address=ac-bd180s9-shard-00-00.yvjbs2l.mongodb.net:27017, type=UNKNOWN, state=CONNECTING}, ServerDescription{address=ac-bd180s9-shard-00-02.yvjbs2l.mongodb.net:27017, type=UNKNOWN, state=CONNECTING}, ServerDescription{address=ac-bd180s9-shard-00-01.yvjbs2l.mongodb.net:27017, type=UNKNOWN, state=CONNECTING}]}. Waiting for 30000 ms before timing out
2026-08-20 22:18:17 INFO  org.mongodb.driver.connection - Opened connection [connectionId{localValue:2, serverValue:247889}] to ac-bd180s9-shard-00-01.yvjbs2l.mongodb.net:27017
2026-08-20 22:18:17 INFO  org.mongodb.driver.connection - Opened connection [connectionId{localValue:5, serverValue:255616}] to ac-bd180s9-shard-00-02.yvjbs2l.mongodb.net:27017
2026-08-20 22:18:17 INFO  org.mongodb.driver.connection - Opened connection [connectionId{localValue:1, serverValue:251162}] to ac-bd180s9-shard-00-00.yvjbs2l.mongodb.net:27017
2026-08-20 22:18:17 INFO  org.mongodb.driver.connection - Opened connection [connectionId{localValue:4, serverValue:247809}] to ac-bd180s9-shard-00-01.yvjbs2l.mongodb.net:27017
2026-08-20 22:18:17 INFO  org.mongodb.driver.connection - Opened connection [connectionId{localValue:3, serverValue:251162}] to ac-bd180s9-shard-00-00.yvjbs2l.mongodb.net:27017
2026-08-20 22:18:17 INFO  org.mongodb.driver.connection - Opened connection [connectionId{localValue:6, serverValue:255616}] to ac-bd180s9-shard-00-02.yvjbs2l.mongodb.net:27017
2026-08-20 22:18:17 INFO  org.mongodb.driver.cluster - Monitor thread successfully connected to server with description ServerDescription{address=ac-bd180s9-shard-00-02.yvjbs2l.mongodb.net:27017, type=REPLICA_SET_PRIMARY, state=CONNECTED, ok=true, minWireVersion=0, maxWireVersion=25, maxDocumentSize=16777216, logicalSessionTimeoutMinutes=30, roundTripTimeNanos=645995000, setName='atlas-lpe6sk-shard-0', canonicalAddress=ac-bd180s9-shard-00-02.yvjbs2l.mongodb.net:27017, hosts=[ac-bd180s9-shard-00-01.yvjbs2l.mongodb.net:27017, ac-bd180s9-shard-00-02.yvjbs2l.mongodb.net:27017, ac-bd180s9-shard-00-00.yvjbs2l.mongodb.net:27017], passives=[], arbiters=[], primary='ac-bd180s9-shard-00-02.yvjbs2l.mongodb.net:27017', tagSet=TagSet{[Tag{name='availabilityZone', value='aps1-az2'}, Tag{name='cacheState', value='READY'}, Tag{name='diskState', value='READY'}, Tag{name='nodeType', value='ELECTABLE'}, Tag{name='provider', value='AWS'}, Tag{name='region', value='AP_SOUTH_1'}, Tag{name='workloadType', value='OPERATIONAL'}]}, electionId=7fffffff000000000000012d, setVersion=297, topologyVersion=TopologyVersion{processId=6a7b3d358e68804eae9a242f, counter=10}, lastWriteDate=Thu Aug 20 22:18:17 IST 2026, lastUpdateTimeNanos=3440746592400}
2026-08-20 22:18:17 INFO  org.mongodb.driver.cluster - Monitor thread successfully connected to server with description ServerDescription{address=ac-bd180s9-shard-00-00.yvjbs2l.mongodb.net:27017, type=REPLICA_SET_SECONDARY, state=CONNECTED, ok=true, minWireVersion=0, maxWireVersion=25, maxDocumentSize=16777216, logicalSessionTimeoutMinutes=30, roundTripTimeNanos=648465700, setName='atlas-lpe6sk-shard-0', canonicalAddress=ac-bd180s9-shard-00-00.yvjbs2l.mongodb.net:27017, hosts=[ac-bd180s9-shard-00-01.yvjbs2l.mongodb.net:27017, ac-bd180s9-shard-00-02.yvjbs2l.mongodb.net:27017, ac-bd180s9-shard-00-00.yvjbs2l.mongodb.net:27017], passives=[], arbiters=[], primary='ac-bd180s9-shard-00-02.yvjbs2l.mongodb.net:27017', tagSet=TagSet{[Tag{name='availabilityZone', value='aps1-az1'}, Tag{name='cacheState', value='READY'}, Tag{name='diskState', value='READY'}, Tag{name='nodeType', value='ELECTABLE'}, Tag{name='provider', value='AWS'}, Tag{name='region', value='AP_SOUTH_1'}, Tag{name='workloadType', value='OPERATIONAL'}]}, electionId=null, setVersion=297, topologyVersion=TopologyVersion{processId=6a7b3ab66a60f4deb1771140, counter=10}, lastWriteDate=Thu Aug 20 22:18:17 IST 2026, lastUpdateTimeNanos=3440746591900}
2026-08-20 22:18:17 INFO  org.mongodb.driver.cluster - Monitor thread successfully connected to server with description ServerDescription{address=ac-bd180s9-shard-00-01.yvjbs2l.mongodb.net:27017, type=REPLICA_SET_SECONDARY, state=CONNECTED, ok=true, minWireVersion=0, maxWireVersion=25, maxDocumentSize=16777216, logicalSessionTimeoutMinutes=30, roundTripTimeNanos=650750800, setName='atlas-lpe6sk-shard-0', canonicalAddress=ac-bd180s9-shard-00-01.yvjbs2l.mongodb.net:27017, hosts=[ac-bd180s9-shard-00-01.yvjbs2l.mongodb.net:27017, ac-bd180s9-shard-00-02.yvjbs2l.mongodb.net:27017, ac-bd180s9-shard-00-00.yvjbs2l.mongodb.net:27017], passives=[], arbiters=[], primary='ac-bd180s9-shard-00-02.yvjbs2l.mongodb.net:27017', tagSet=TagSet{[Tag{name='availabilityZone', value='aps1-az3'}, Tag{name='cacheState', value='READY'}, Tag{name='diskState', value='READY'}, Tag{name='nodeType', value='ELECTABLE'}, Tag{name='provider', value='AWS'}, Tag{name='region', value='AP_SOUTH_1'}, Tag{name='workloadType', value='OPERATIONAL'}]}, electionId=null, setVersion=297, topologyVersion=TopologyVersion{processId=6a7b3fc5ee64108dce410aaf, counter=5}, lastWriteDate=Thu Aug 20 22:18:17 IST 2026, lastUpdateTimeNanos=3440746591900}
2026-08-20 22:18:17 INFO  org.mongodb.driver.cluster - Setting max election id to 7fffffff000000000000012d from replica set primary ac-bd180s9-shard-00-02.yvjbs2l.mongodb.net:27017
2026-08-20 22:18:17 INFO  org.mongodb.driver.cluster - Setting max set version to 297 from replica set primary ac-bd180s9-shard-00-02.yvjbs2l.mongodb.net:27017
2026-08-20 22:18:17 INFO  org.mongodb.driver.cluster - Discovered replica set primary ac-bd180s9-shard-00-02.yvjbs2l.mongodb.net:27017
2026-08-20 22:18:18 INFO  org.mongodb.driver.connection - Opened connection [connectionId{localValue:7, serverValue:255446}] to ac-bd180s9-shard-00-02.yvjbs2l.mongodb.net:27017
2026-08-20 22:18:19 INFO  o.s.s.web.DefaultSecurityFilterChain - Will secure any request with [org.springframework.security.web.session.DisableEncodeUrlFilter@6ffbf0ac, org.springframework.security.web.context.request.async.WebAsyncManagerIntegrationFilter@ad5cffa, org.springframework.security.web.context.SecurityContextPersistenceFilter@6c1f15df, org.springframework.security.web.header.HeaderWriterFilter@54556723, org.springframework.security.web.authentication.logout.LogoutFilter@25e95af1, org.springframework.security.web.authentication.www.BasicAuthenticationFilter@68c4a860, org.springframework.security.web.savedrequest.RequestCacheAwareFilter@73ddb7ef, org.springframework.security.web.servletapi.SecurityContextHolderAwareRequestFilter@47ffdbba, org.springframework.security.web.authentication.AnonymousAuthenticationFilter@237aa0c7, org.springframework.security.web.session.SessionManagementFilter@8d29719, org.springframework.security.web.access.ExceptionTranslationFilter@1c31de5d, org.springframework.security.web.access.intercept.FilterSecurityInterceptor@19924f15]
2026-08-20 22:18:21 INFO  c.j.service.EmailServiceTests - Started EmailServiceTests in 10.097 seconds (JVM running for 13.044)
2026-08-20 22:18:23 ERROR com.journalApp.service.EmailService - Exception while sendEmail
org.springframework.mail.MailSendException: Mail server connection failed; nested exception is javax.mail.MessagingException: Could not convert socket to TLS;
  nested exception is:
	javax.net.ssl.SSLHandshakeException: PKIX path building failed: sun.security.provider.certpath.SunCertPathBuilderException: unable to find valid certification path to requested target. Failed messages: javax.mail.MessagingException: Could not convert socket to TLS;
  nested exception is:
	javax.net.ssl.SSLHandshakeException: PKIX path building failed: sun.security.provider.certpath.SunCertPathBuilderException: unable to find valid certification path to requested target
	at org.springframework.mail.javamail.JavaMailSenderImpl.doSend(JavaMailSenderImpl.java:448)
	at org.springframework.mail.javamail.JavaMailSenderImpl.send(JavaMailSenderImpl.java:323)
	at org.springframework.mail.javamail.JavaMailSenderImpl.send(JavaMailSenderImpl.java:312)
	at com.journalApp.service.EmailService.sendEmail(EmailService.java:22)
	at com.journalApp.service.EmailServiceTests.testSendEmail(EmailServiceTests.java:14)
	at java.base/jdk.internal.reflect.DirectMethodHandleAccessor.invoke(DirectMethodHandleAccessor.java:103)
	at java.base/java.lang.reflect.Method.invoke(Method.java:580)
	at org.junit.platform.commons.util.ReflectionUtils.invokeMethod(ReflectionUtils.java:725)
	at org.junit.jupiter.engine.execution.MethodInvocation.proceed(MethodInvocation.java:60)
	at org.junit.jupiter.engine.execution.InvocationInterceptorChain$ValidatingInvocation.proceed(InvocationInterceptorChain.java:131)
	at org.junit.jupiter.engine.extension.TimeoutExtension.intercept(TimeoutExtension.java:149)
	at org.junit.jupiter.engine.extension.TimeoutExtension.interceptTestableMethod(TimeoutExtension.java:140)
	at org.junit.jupiter.engine.extension.TimeoutExtension.interceptTestMethod(TimeoutExtension.java:84)
	at org.junit.jupiter.engine.execution.ExecutableInvoker$ReflectiveInterceptorCall.lambda$ofVoidMethod$0(ExecutableInvoker.java:115)
	at org.junit.jupiter.engine.execution.ExecutableInvoker.lambda$invoke$0(ExecutableInvoker.java:105)
	at org.junit.jupiter.engine.execution.InvocationInterceptorChain$InterceptedInvocation.proceed(InvocationInterceptorChain.java:106)
	at org.junit.jupiter.engine.execution.InvocationInterceptorChain.proceed(InvocationInterceptorChain.java:64)
	at org.junit.jupiter.engine.execution.InvocationInterceptorChain.chainAndInvoke(InvocationInterceptorChain.java:45)
	at org.junit.jupiter.engine.execution.InvocationInterceptorChain.invoke(InvocationInterceptorChain.java:37)
	at org.junit.jupiter.engine.execution.ExecutableInvoker.invoke(ExecutableInvoker.java:104)
	at org.junit.jupiter.engine.execution.ExecutableInvoker.invoke(ExecutableInvoker.java:98)
	at org.junit.jupiter.engine.descriptor.TestMethodTestDescriptor.lambda$invokeTestMethod$7(TestMethodTestDescriptor.java:214)
	at org.junit.platform.engine.support.hierarchical.ThrowableCollector.execute(ThrowableCollector.java:73)
	at org.junit.jupiter.engine.descriptor.TestMethodTestDescriptor.invokeTestMethod(TestMethodTestDescriptor.java:210)
	at org.junit.jupiter.engine.descriptor.TestMethodTestDescriptor.execute(TestMethodTestDescriptor.java:135)
	at org.junit.jupiter.engine.descriptor.TestMethodTestDescriptor.execute(TestMethodTestDescriptor.java:66)
	at org.junit.platform.engine.support.hierarchical.NodeTestTask.lambda$executeRecursively$6(NodeTestTask.java:151)
	at org.junit.platform.engine.support.hierarchical.ThrowableCollector.execute(ThrowableCollector.java:73)
	at org.junit.platform.engine.support.hierarchical.NodeTestTask.lambda$executeRecursively$8(NodeTestTask.java:141)
	at org.junit.platform.engine.support.hierarchical.Node.around(Node.java:137)
	at org.junit.platform.engine.support.hierarchical.NodeTestTask.lambda$executeRecursively$9(NodeTestTask.java:139)
	at org.junit.platform.engine.support.hierarchical.ThrowableCollector.execute(ThrowableCollector.java:73)
	at org.junit.platform.engine.support.hierarchical.NodeTestTask.executeRecursively(NodeTestTask.java:138)
	at org.junit.platform.engine.support.hierarchical.NodeTestTask.execute(NodeTestTask.java:95)
	at java.base/java.util.ArrayList.forEach(ArrayList.java:1596)
	at org.junit.platform.engine.support.hierarchical.SameThreadHierarchicalTestExecutorService.invokeAll(SameThreadHierarchicalTestExecutorService.java:41)
	at org.junit.platform.engine.support.hierarchical.NodeTestTask.lambda$executeRecursively$6(NodeTestTask.java:155)
	at org.junit.platform.engine.support.hierarchical.ThrowableCollector.execute(ThrowableCollector.java:73)
	at org.junit.platform.engine.support.hierarchical.NodeTestTask.lambda$executeRecursively$8(NodeTestTask.java:141)
	at org.junit.platform.engine.support.hierarchical.Node.around(Node.java:137)
	at org.junit.platform.engine.support.hierarchical.NodeTestTask.lambda$executeRecursively$9(NodeTestTask.java:139)
	at org.junit.platform.engine.support.hierarchical.ThrowableCollector.execute(ThrowableCollector.java:73)
	at org.junit.platform.engine.support.hierarchical.NodeTestTask.executeRecursively(NodeTestTask.java:138)
	at org.junit.platform.engine.support.hierarchical.NodeTestTask.execute(NodeTestTask.java:95)
	at java.base/java.util.ArrayList.forEach(ArrayList.java:1596)
	at org.junit.platform.engine.support.hierarchical.SameThreadHierarchicalTestExecutorService.invokeAll(SameThreadHierarchicalTestExecutorService.java:41)
	at org.junit.platform.engine.support.hierarchical.NodeTestTask.lambda$executeRecursively$6(NodeTestTask.java:155)
	at org.junit.platform.engine.support.hierarchical.ThrowableCollector.execute(ThrowableCollector.java:73)
	at org.junit.platform.engine.support.hierarchical.NodeTestTask.lambda$executeRecursively$8(NodeTestTask.java:141)
	at org.junit.platform.engine.support.hierarchical.Node.around(Node.java:137)
	at org.junit.platform.engine.support.hierarchical.NodeTestTask.lambda$executeRecursively$9(NodeTestTask.java:139)
	at org.junit.platform.engine.support.hierarchical.ThrowableCollector.execute(ThrowableCollector.java:73)
	at org.junit.platform.engine.support.hierarchical.NodeTestTask.executeRecursively(NodeTestTask.java:138)
	at org.junit.platform.engine.support.hierarchical.NodeTestTask.execute(NodeTestTask.java:95)
	at org.junit.platform.engine.support.hierarchical.SameThreadHierarchicalTestExecutorService.submit(SameThreadHierarchicalTestExecutorService.java:35)
	at org.junit.platform.engine.support.hierarchical.HierarchicalTestExecutor.execute(HierarchicalTestExecutor.java:57)
	at org.junit.platform.engine.support.hierarchical.HierarchicalTestEngine.execute(HierarchicalTestEngine.java:54)
	at org.junit.platform.launcher.core.EngineExecutionOrchestrator.execute(EngineExecutionOrchestrator.java:107)
	at org.junit.platform.launcher.core.EngineExecutionOrchestrator.execute(EngineExecutionOrchestrator.java:88)
	at org.junit.platform.launcher.core.EngineExecutionOrchestrator.lambda$execute$0(EngineExecutionOrchestrator.java:54)
	at org.junit.platform.launcher.core.EngineExecutionOrchestrator.withInterceptedStreams(EngineExecutionOrchestrator.java:67)
	at org.junit.platform.launcher.core.EngineExecutionOrchestrator.execute(EngineExecutionOrchestrator.java:52)
	at org.junit.platform.launcher.core.DefaultLauncher.execute(DefaultLauncher.java:114)
	at org.junit.platform.launcher.core.DefaultLauncher.execute(DefaultLauncher.java:86)
	at org.junit.platform.launcher.core.DefaultLauncherSession$DelegatingLauncher.execute(DefaultLauncherSession.java:86)
	at org.junit.platform.launcher.core.SessionPerRequestLauncher.execute(SessionPerRequestLauncher.java:53)
	at com.intellij.junit5.JUnit5IdeaTestRunner.startRunnerWithArgs(JUnit5IdeaTestRunner.java:66)
	at com.intellij.rt.junit.IdeaTestRunner$Repeater$1.execute(IdeaTestRunner.java:38)
	at com.intellij.rt.execution.junit.TestsRepeater.repeat(TestsRepeater.java:11)
	at com.intellij.rt.junit.IdeaTestRunner$Repeater.startRunnerWithArgs(IdeaTestRunner.java:35)
	at com.intellij.rt.junit.JUnitStarter.prepareStreamsAndStart(JUnitStarter.java:237)
	at com.intellij.rt.junit.JUnitStarter.main(JUnitStarter.java:58)
Caused by: javax.mail.MessagingException: Could not convert socket to TLS
	at com.sun.mail.smtp.SMTPTransport.startTLS(SMTPTransport.java:2140)
	at com.sun.mail.smtp.SMTPTransport.protocolConnect(SMTPTransport.java:734)
	at javax.mail.Service.connect(Service.java:342)
	at org.springframework.mail.javamail.JavaMailSenderImpl.connectTransport(JavaMailSenderImpl.java:518)
	at org.springframework.mail.javamail.JavaMailSenderImpl.doSend(JavaMailSenderImpl.java:437)
	... 71 common frames omitted
Caused by: javax.net.ssl.SSLHandshakeException: PKIX path building failed: sun.security.provider.certpath.SunCertPathBuilderException: unable to find valid certification path to requested target
	at java.base/sun.security.ssl.Alert.createSSLException(Alert.java:130)
	at java.base/sun.security.ssl.TransportContext.fatal(TransportContext.java:378)
	at java.base/sun.security.ssl.TransportContext.fatal(TransportContext.java:321)
	at java.base/sun.security.ssl.TransportContext.fatal(TransportContext.java:316)
	at java.base/sun.security.ssl.CertificateMessage$T13CertificateConsumer.checkServerCerts(CertificateMessage.java:1318)
	at java.base/sun.security.ssl.CertificateMessage$T13CertificateConsumer.onConsumeCertificate(CertificateMessage.java:1195)
	at java.base/sun.security.ssl.CertificateMessage$T13CertificateConsumer.consume(CertificateMessage.java:1138)
	at java.base/sun.security.ssl.SSLHandshake.consume(SSLHandshake.java:393)
	at java.base/sun.security.ssl.HandshakeContext.dispatch(HandshakeContext.java:476)
	at java.base/sun.security.ssl.HandshakeContext.dispatch(HandshakeContext.java:447)
	at java.base/sun.security.ssl.TransportContext.dispatch(TransportContext.java:201)
	at java.base/sun.security.ssl.SSLTransport.decode(SSLTransport.java:172)
	at java.base/sun.security.ssl.SSLSocketImpl.decode(SSLSocketImpl.java:1506)
	at java.base/sun.security.ssl.SSLSocketImpl.readHandshakeRecord(SSLSocketImpl.java:1421)
	at java.base/sun.security.ssl.SSLSocketImpl.startHandshake(SSLSocketImpl.java:455)
	at java.base/sun.security.ssl.SSLSocketImpl.startHandshake(SSLSocketImpl.java:426)
	at com.sun.mail.util.SocketFetcher.configureSSLSocket(SocketFetcher.java:602)
	at com.sun.mail.util.SocketFetcher.startTLS(SocketFetcher.java:529)
	at com.sun.mail.smtp.SMTPTransport.startTLS(SMTPTransport.java:2135)
	... 75 common frames omitted
Caused by: sun.security.validator.ValidatorException: PKIX path building failed: sun.security.provider.certpath.SunCertPathBuilderException: unable to find valid certification path to requested target
	at java.base/sun.security.validator.PKIXValidator.doBuild(PKIXValidator.java:388)
	at java.base/sun.security.validator.PKIXValidator.engineValidate(PKIXValidator.java:271)
	at java.base/sun.security.validator.Validator.validate(Validator.java:256)
	at java.base/sun.security.ssl.X509TrustManagerImpl.checkTrusted(X509TrustManagerImpl.java:230)
	at java.base/sun.security.ssl.X509TrustManagerImpl.checkServerTrusted(X509TrustManagerImpl.java:132)
	at java.base/sun.security.ssl.CertificateMessage$T13CertificateConsumer.checkServerCerts(CertificateMessage.java:1302)
	... 89 common frames omitted
Caused by: sun.security.provider.certpath.SunCertPathBuilderException: unable to find valid certification path to requested target
	at java.base/sun.security.provider.certpath.SunCertPathBuilder.build(SunCertPathBuilder.java:148)
	at java.base/sun.security.provider.certpath.SunCertPathBuilder.engineBuild(SunCertPathBuilder.java:129)
	at java.base/java.security.cert.CertPathBuilder.build(CertPathBuilder.java:297)
	at java.base/sun.security.validator.PKIXValidator.doBuild(PKIXValidator.java:383)
	... 94 common frames omitted
2026-08-20 22:22:11 INFO  o.s.b.t.c.SpringBootTestContextBootstrapper - Neither @ContextConfiguration nor @ContextHierarchy found for test class [com.journalApp.service.EmailServiceTests], using SpringBootContextLoader
2026-08-20 22:22:11 INFO  o.s.t.c.s.AbstractContextLoader - Could not detect default resource locations for test class [com.journalApp.service.EmailServiceTests]: no resource found for suffixes {-context.xml, Context.groovy}.
2026-08-20 22:22:11 INFO  o.s.t.c.s.AnnotationConfigContextLoaderUtils - Could not detect default configuration classes for test class [com.journalApp.service.EmailServiceTests]: EmailServiceTests does not declare any static, non-private, non-final, nested classes annotated with @Configuration.
2026-08-20 22:22:11 INFO  o.s.b.t.c.SpringBootTestContextBootstrapper - Found @SpringBootConfiguration com.journalApp.JournalAppApplication for test class com.journalApp.service.EmailServiceTests
2026-08-20 22:22:11 INFO  o.s.b.t.c.SpringBootTestContextBootstrapper - Loaded default TestExecutionListener class names from location [META-INF/spring.factories]: [org.springframework.boot.test.mock.mockito.MockitoTestExecutionListener, org.springframework.boot.test.mock.mockito.ResetMocksTestExecutionListener, org.springframework.boot.test.autoconfigure.restdocs.RestDocsTestExecutionListener, org.springframework.boot.test.autoconfigure.web.client.MockRestServiceServerResetTestExecutionListener, org.springframework.boot.test.autoconfigure.web.servlet.MockMvcPrintOnlyOnFailureTestExecutionListener, org.springframework.boot.test.autoconfigure.web.servlet.WebDriverTestExecutionListener, org.springframework.boot.test.autoconfigure.webservices.client.MockWebServiceServerTestExecutionListener, org.springframework.test.context.web.ServletTestExecutionListener, org.springframework.test.context.support.DirtiesContextBeforeModesTestExecutionListener, org.springframework.test.context.event.ApplicationEventsTestExecutionListener, org.springframework.test.context.support.DependencyInjectionTestExecutionListener, org.springframework.test.context.support.DirtiesContextTestExecutionListener, org.springframework.test.context.transaction.TransactionalTestExecutionListener, org.springframework.test.context.jdbc.SqlScriptsTestExecutionListener, org.springframework.test.context.event.EventPublishingTestExecutionListener]
2026-08-20 22:22:11 INFO  o.s.b.t.c.SpringBootTestContextBootstrapper - Using TestExecutionListeners: [org.springframework.test.context.web.ServletTestExecutionListener@3b956878, org.springframework.test.context.support.DirtiesContextBeforeModesTestExecutionListener@36546a22, org.springframework.test.context.event.ApplicationEventsTestExecutionListener@285c08c8, org.springframework.boot.test.mock.mockito.MockitoTestExecutionListener@295eaa7c, org.springframework.boot.test.autoconfigure.SpringBootDependencyInjectionTestExecutionListener@3918c187, org.springframework.test.context.support.DirtiesContextTestExecutionListener@2c88b9fc, org.springframework.test.context.transaction.TransactionalTestExecutionListener@64dafeed, org.springframework.test.context.jdbc.SqlScriptsTestExecutionListener@388ba540, org.springframework.test.context.event.EventPublishingTestExecutionListener@47605f2f, org.springframework.boot.test.mock.mockito.ResetMocksTestExecutionListener@2ece4966, org.springframework.boot.test.autoconfigure.restdocs.RestDocsTestExecutionListener@1dd0e7c4, org.springframework.boot.test.autoconfigure.web.client.MockRestServiceServerResetTestExecutionListener@7894f09b, org.springframework.boot.test.autoconfigure.web.servlet.MockMvcPrintOnlyOnFailureTestExecutionListener@3d484181, org.springframework.boot.test.autoconfigure.web.servlet.WebDriverTestExecutionListener@6111ba37, org.springframework.boot.test.autoconfigure.webservices.client.MockWebServiceServerTestExecutionListener@7be58f16]
2026-08-20 22:22:12 INFO  c.j.service.EmailServiceTests - Starting EmailServiceTests using Java 21.0.4 on SHAHID with PID 14016 (started by MD SHAHID ANSARI in C:\Users\MD SHAHID ANSARI\IdeaProjects\journalApp\journalApp)
2026-08-20 22:22:12 INFO  c.j.service.EmailServiceTests - The following 1 profile is active: "dev"
2026-08-20 22:22:14 INFO  o.s.d.r.c.RepositoryConfigurationDelegate - Multiple Spring Data modules found, entering strict repository configuration mode
2026-08-20 22:22:14 INFO  o.s.d.r.c.RepositoryConfigurationDelegate - Bootstrapping Spring Data MongoDB repositories in DEFAULT mode.
2026-08-20 22:22:14 INFO  o.s.d.r.c.RepositoryConfigurationDelegate - Finished Spring Data repository scanning in 345 ms. Found 3 MongoDB repository interfaces.
2026-08-20 22:22:14 INFO  o.s.d.r.c.RepositoryConfigurationDelegate - Multiple Spring Data modules found, entering strict repository configuration mode
2026-08-20 22:22:14 INFO  o.s.d.r.c.RepositoryConfigurationDelegate - Bootstrapping Spring Data Redis repositories in DEFAULT mode.
2026-08-20 22:22:14 INFO  o.s.d.r.c.RepositoryConfigurationExtensionSupport - Spring Data Redis - Could not safely identify store assignment for repository candidate interface com.journalApp.repository.ConfigJournalAppRepository; If you want this repository to be a Redis repository, consider annotating your entities with one of these annotations: org.springframework.data.redis.core.RedisHash (preferred), or consider extending one of the following types with your repository: org.springframework.data.keyvalue.repository.KeyValueRepository
2026-08-20 22:22:14 INFO  o.s.d.r.c.RepositoryConfigurationExtensionSupport - Spring Data Redis - Could not safely identify store assignment for repository candidate interface com.journalApp.repository.JournalEntryRepository; If you want this repository to be a Redis repository, consider annotating your entities with one of these annotations: org.springframework.data.redis.core.RedisHash (preferred), or consider extending one of the following types with your repository: org.springframework.data.keyvalue.repository.KeyValueRepository
2026-08-20 22:22:14 INFO  o.s.d.r.c.RepositoryConfigurationExtensionSupport - Spring Data Redis - Could not safely identify store assignment for repository candidate interface com.journalApp.repository.UserRepository; If you want this repository to be a Redis repository, consider annotating your entities with one of these annotations: org.springframework.data.redis.core.RedisHash (preferred), or consider extending one of the following types with your repository: org.springframework.data.keyvalue.repository.KeyValueRepository
2026-08-20 22:22:14 INFO  o.s.d.r.c.RepositoryConfigurationDelegate - Finished Spring Data repository scanning in 32 ms. Found 0 Redis repository interfaces.
2026-08-20 22:22:16 INFO  org.mongodb.driver.client - MongoClient with metadata {"driver": {"name": "mongo-java-driver|sync|spring-boot", "version": "4.6.1"}, "os": {"type": "Windows", "name": "Windows 11", "architecture": "amd64", "version": "10.0"}, "platform": "Java/Oracle Corporation/21.0.4+8-LTS-274", "application": {"name": "Cluster0"}} created with settings MongoClientSettings{readPreference=primary, writeConcern=WriteConcern{w=null, wTimeout=null ms, journal=null}, retryWrites=true, retryReads=true, readConcern=ReadConcern{level=null}, credential=MongoCredential{mechanism=null, userName='mdshahidans2005_db_user', source='admin', password=<hidden>, mechanismProperties=<hidden>}, streamFactoryFactory=null, commandListeners=[], codecRegistry=ProvidersCodecRegistry{codecProviders=[ValueCodecProvider{}, BsonValueCodecProvider{}, DBRefCodecProvider{}, DBObjectCodecProvider{}, DocumentCodecProvider{}, IterableCodecProvider{}, MapCodecProvider{}, GeoJsonCodecProvider{}, GridFSFileCodecProvider{}, Jsr310CodecProvider{}, JsonObjectCodecProvider{}, BsonCodecProvider{}, EnumCodecProvider{}, com.mongodb.Jep395RecordCodecProvider@5b8572df]}, clusterSettings={hosts=[127.0.0.1:27017], srvHost=cluster0.yvjbs2l.mongodb.net, srvServiceName=mongodb, mode=MULTIPLE, requiredClusterType=REPLICA_SET, requiredReplicaSetName='atlas-lpe6sk-shard-0', serverSelector='null', clusterListeners='[]', serverSelectionTimeout='30000 ms', localThreshold='30000 ms'}, socketSettings=SocketSettings{connectTimeoutMS=10000, readTimeoutMS=0, receiveBufferSize=0, sendBufferSize=0}, heartbeatSocketSettings=SocketSettings{connectTimeoutMS=10000, readTimeoutMS=10000, receiveBufferSize=0, sendBufferSize=0}, connectionPoolSettings=ConnectionPoolSettings{maxSize=100, minSize=0, maxWaitTimeMS=120000, maxConnectionLifeTimeMS=0, maxConnectionIdleTimeMS=0, maintenanceInitialDelayMS=0, maintenanceFrequencyMS=60000, connectionPoolListeners=[], maxConnecting=2}, serverSettings=ServerSettings{heartbeatFrequencyMS=10000, minHeartbeatFrequencyMS=500, serverListeners='[]', serverMonitorListeners='[]'}, sslSettings=SslSettings{enabled=true, invalidHostNameAllowed=false, context=null}, applicationName='Cluster0', compressorList=[], uuidRepresentation=JAVA_LEGACY, serverApi=null, autoEncryptionSettings=null, contextProvider=null}
2026-08-20 22:22:16 INFO  org.mongodb.driver.cluster - Adding discovered server ac-bd180s9-shard-00-00.yvjbs2l.mongodb.net:27017 to client view of cluster
2026-08-20 22:22:16 INFO  org.mongodb.driver.cluster - Adding discovered server ac-bd180s9-shard-00-01.yvjbs2l.mongodb.net:27017 to client view of cluster
2026-08-20 22:22:16 INFO  org.mongodb.driver.cluster - Adding discovered server ac-bd180s9-shard-00-02.yvjbs2l.mongodb.net:27017 to client view of cluster
2026-08-20 22:22:16 INFO  org.mongodb.driver.cluster - No server chosen by com.mongodb.client.internal.MongoClientDelegate$1@9690008 from cluster description ClusterDescription{type=REPLICA_SET, connectionMode=MULTIPLE, serverDescriptions=[ServerDescription{address=ac-bd180s9-shard-00-00.yvjbs2l.mongodb.net:27017, type=UNKNOWN, state=CONNECTING}, ServerDescription{address=ac-bd180s9-shard-00-02.yvjbs2l.mongodb.net:27017, type=UNKNOWN, state=CONNECTING}, ServerDescription{address=ac-bd180s9-shard-00-01.yvjbs2l.mongodb.net:27017, type=UNKNOWN, state=CONNECTING}]}. Waiting for 30000 ms before timing out
2026-08-20 22:22:17 INFO  org.mongodb.driver.connection - Opened connection [connectionId{localValue:2, serverValue:248010}] to ac-bd180s9-shard-00-01.yvjbs2l.mongodb.net:27017
2026-08-20 22:22:17 INFO  org.mongodb.driver.connection - Opened connection [connectionId{localValue:4, serverValue:255738}] to ac-bd180s9-shard-00-02.yvjbs2l.mongodb.net:27017
2026-08-20 22:22:17 INFO  org.mongodb.driver.connection - Opened connection [connectionId{localValue:1, serverValue:251294}] to ac-bd180s9-shard-00-00.yvjbs2l.mongodb.net:27017
2026-08-20 22:22:17 INFO  org.mongodb.driver.connection - Opened connection [connectionId{localValue:3, serverValue:248009}] to ac-bd180s9-shard-00-01.yvjbs2l.mongodb.net:27017
2026-08-20 22:22:17 INFO  org.mongodb.driver.connection - Opened connection [connectionId{localValue:5, serverValue:251294}] to ac-bd180s9-shard-00-00.yvjbs2l.mongodb.net:27017
2026-08-20 22:22:17 INFO  org.mongodb.driver.connection - Opened connection [connectionId{localValue:6, serverValue:255732}] to ac-bd180s9-shard-00-02.yvjbs2l.mongodb.net:27017
2026-08-20 22:22:17 INFO  org.mongodb.driver.cluster - Monitor thread successfully connected to server with description ServerDescription{address=ac-bd180s9-shard-00-01.yvjbs2l.mongodb.net:27017, type=REPLICA_SET_SECONDARY, state=CONNECTED, ok=true, minWireVersion=0, maxWireVersion=25, maxDocumentSize=16777216, logicalSessionTimeoutMinutes=30, roundTripTimeNanos=777891000, setName='atlas-lpe6sk-shard-0', canonicalAddress=ac-bd180s9-shard-00-01.yvjbs2l.mongodb.net:27017, hosts=[ac-bd180s9-shard-00-01.yvjbs2l.mongodb.net:27017, ac-bd180s9-shard-00-02.yvjbs2l.mongodb.net:27017, ac-bd180s9-shard-00-00.yvjbs2l.mongodb.net:27017], passives=[], arbiters=[], primary='ac-bd180s9-shard-00-02.yvjbs2l.mongodb.net:27017', tagSet=TagSet{[Tag{name='availabilityZone', value='aps1-az3'}, Tag{name='cacheState', value='READY'}, Tag{name='diskState', value='READY'}, Tag{name='nodeType', value='ELECTABLE'}, Tag{name='provider', value='AWS'}, Tag{name='region', value='AP_SOUTH_1'}, Tag{name='workloadType', value='OPERATIONAL'}]}, electionId=null, setVersion=297, topologyVersion=TopologyVersion{processId=6a7b3fc5ee64108dce410aaf, counter=5}, lastWriteDate=Thu Aug 20 22:22:17 IST 2026, lastUpdateTimeNanos=3680683083200}
2026-08-20 22:22:17 INFO  org.mongodb.driver.cluster - Monitor thread successfully connected to server with description ServerDescription{address=ac-bd180s9-shard-00-00.yvjbs2l.mongodb.net:27017, type=REPLICA_SET_SECONDARY, state=CONNECTED, ok=true, minWireVersion=0, maxWireVersion=25, maxDocumentSize=16777216, logicalSessionTimeoutMinutes=30, roundTripTimeNanos=776847400, setName='atlas-lpe6sk-shard-0', canonicalAddress=ac-bd180s9-shard-00-00.yvjbs2l.mongodb.net:27017, hosts=[ac-bd180s9-shard-00-01.yvjbs2l.mongodb.net:27017, ac-bd180s9-shard-00-02.yvjbs2l.mongodb.net:27017, ac-bd180s9-shard-00-00.yvjbs2l.mongodb.net:27017], passives=[], arbiters=[], primary='ac-bd180s9-shard-00-02.yvjbs2l.mongodb.net:27017', tagSet=TagSet{[Tag{name='availabilityZone', value='aps1-az1'}, Tag{name='cacheState', value='READY'}, Tag{name='diskState', value='READY'}, Tag{name='nodeType', value='ELECTABLE'}, Tag{name='provider', value='AWS'}, Tag{name='region', value='AP_SOUTH_1'}, Tag{name='workloadType', value='OPERATIONAL'}]}, electionId=null, setVersion=297, topologyVersion=TopologyVersion{processId=6a7b3ab66a60f4deb1771140, counter=10}, lastWriteDate=Thu Aug 20 22:22:17 IST 2026, lastUpdateTimeNanos=3680683082700}
2026-08-20 22:22:17 INFO  org.mongodb.driver.cluster - Monitor thread successfully connected to server with description ServerDescription{address=ac-bd180s9-shard-00-02.yvjbs2l.mongodb.net:27017, type=REPLICA_SET_PRIMARY, state=CONNECTED, ok=true, minWireVersion=0, maxWireVersion=25, maxDocumentSize=16777216, logicalSessionTimeoutMinutes=30, roundTripTimeNanos=779105300, setName='atlas-lpe6sk-shard-0', canonicalAddress=ac-bd180s9-shard-00-02.yvjbs2l.mongodb.net:27017, hosts=[ac-bd180s9-shard-00-01.yvjbs2l.mongodb.net:27017, ac-bd180s9-shard-00-02.yvjbs2l.mongodb.net:27017, ac-bd180s9-shard-00-00.yvjbs2l.mongodb.net:27017], passives=[], arbiters=[], primary='ac-bd180s9-shard-00-02.yvjbs2l.mongodb.net:27017', tagSet=TagSet{[Tag{name='availabilityZone', value='aps1-az2'}, Tag{name='cacheState', value='READY'}, Tag{name='diskState', value='READY'}, Tag{name='nodeType', value='ELECTABLE'}, Tag{name='provider', value='AWS'}, Tag{name='region', value='AP_SOUTH_1'}, Tag{name='workloadType', value='OPERATIONAL'}]}, electionId=7fffffff000000000000012d, setVersion=297, topologyVersion=TopologyVersion{processId=6a7b3d358e68804eae9a242f, counter=10}, lastWriteDate=Thu Aug 20 22:22:17 IST 2026, lastUpdateTimeNanos=3680683083000}
2026-08-20 22:22:17 INFO  org.mongodb.driver.cluster - Setting max election id to 7fffffff000000000000012d from replica set primary ac-bd180s9-shard-00-02.yvjbs2l.mongodb.net:27017
2026-08-20 22:22:17 INFO  org.mongodb.driver.cluster - Setting max set version to 297 from replica set primary ac-bd180s9-shard-00-02.yvjbs2l.mongodb.net:27017
2026-08-20 22:22:17 INFO  org.mongodb.driver.cluster - Discovered replica set primary ac-bd180s9-shard-00-02.yvjbs2l.mongodb.net:27017
2026-08-20 22:22:19 INFO  org.mongodb.driver.connection - Opened connection [connectionId{localValue:7, serverValue:255691}] to ac-bd180s9-shard-00-02.yvjbs2l.mongodb.net:27017
2026-08-20 22:22:21 INFO  o.s.s.web.DefaultSecurityFilterChain - Will secure any request with [org.springframework.security.web.session.DisableEncodeUrlFilter@1fe05fff, org.springframework.security.web.context.request.async.WebAsyncManagerIntegrationFilter@6e017950, org.springframework.security.web.context.SecurityContextPersistenceFilter@65259c53, org.springframework.security.web.header.HeaderWriterFilter@d2cb2d0, org.springframework.security.web.authentication.logout.LogoutFilter@4a58e0e9, org.springframework.security.web.authentication.www.BasicAuthenticationFilter@2f166d61, org.springframework.security.web.savedrequest.RequestCacheAwareFilter@2591d23a, org.springframework.security.web.servletapi.SecurityContextHolderAwareRequestFilter@67f8f5a6, org.springframework.security.web.authentication.AnonymousAuthenticationFilter@1d06801f, org.springframework.security.web.session.SessionManagementFilter@26a33cf, org.springframework.security.web.access.ExceptionTranslationFilter@4e756867, org.springframework.security.web.access.intercept.FilterSecurityInterceptor@39a865c1]
2026-08-20 22:22:23 INFO  c.j.service.EmailServiceTests - Started EmailServiceTests in 11.165 seconds (JVM running for 14.072)
2026-08-20 22:22:24 ERROR com.journalApp.service.EmailService - Exception while sendEmail
org.springframework.mail.MailSendException: Mail server connection failed; nested exception is javax.mail.MessagingException: Could not convert socket to TLS;
  nested exception is:
	javax.net.ssl.SSLHandshakeException: PKIX path building failed: sun.security.provider.certpath.SunCertPathBuilderException: unable to find valid certification path to requested target. Failed messages: javax.mail.MessagingException: Could not convert socket to TLS;
  nested exception is:
	javax.net.ssl.SSLHandshakeException: PKIX path building failed: sun.security.provider.certpath.SunCertPathBuilderException: unable to find valid certification path to requested target
	at org.springframework.mail.javamail.JavaMailSenderImpl.doSend(JavaMailSenderImpl.java:448)
	at org.springframework.mail.javamail.JavaMailSenderImpl.send(JavaMailSenderImpl.java:323)
	at org.springframework.mail.javamail.JavaMailSenderImpl.send(JavaMailSenderImpl.java:312)
	at com.journalApp.service.EmailService.sendEmail(EmailService.java:22)
	at com.journalApp.service.EmailServiceTests.testSendEmail(EmailServiceTests.java:14)
	at java.base/jdk.internal.reflect.DirectMethodHandleAccessor.invoke(DirectMethodHandleAccessor.java:103)
	at java.base/java.lang.reflect.Method.invoke(Method.java:580)
	at org.junit.platform.commons.util.ReflectionUtils.invokeMethod(ReflectionUtils.java:725)
	at org.junit.jupiter.engine.execution.MethodInvocation.proceed(MethodInvocation.java:60)
	at org.junit.jupiter.engine.execution.InvocationInterceptorChain$ValidatingInvocation.proceed(InvocationInterceptorChain.java:131)
	at org.junit.jupiter.engine.extension.TimeoutExtension.intercept(TimeoutExtension.java:149)
	at org.junit.jupiter.engine.extension.TimeoutExtension.interceptTestableMethod(TimeoutExtension.java:140)
	at org.junit.jupiter.engine.extension.TimeoutExtension.interceptTestMethod(TimeoutExtension.java:84)
	at org.junit.jupiter.engine.execution.ExecutableInvoker$ReflectiveInterceptorCall.lambda$ofVoidMethod$0(ExecutableInvoker.java:115)
	at org.junit.jupiter.engine.execution.ExecutableInvoker.lambda$invoke$0(ExecutableInvoker.java:105)
	at org.junit.jupiter.engine.execution.InvocationInterceptorChain$InterceptedInvocation.proceed(InvocationInterceptorChain.java:106)
	at org.junit.jupiter.engine.execution.InvocationInterceptorChain.proceed(InvocationInterceptorChain.java:64)
	at org.junit.jupiter.engine.execution.InvocationInterceptorChain.chainAndInvoke(InvocationInterceptorChain.java:45)
	at org.junit.jupiter.engine.execution.InvocationInterceptorChain.invoke(InvocationInterceptorChain.java:37)
	at org.junit.jupiter.engine.execution.ExecutableInvoker.invoke(ExecutableInvoker.java:104)
	at org.junit.jupiter.engine.execution.ExecutableInvoker.invoke(ExecutableInvoker.java:98)
	at org.junit.jupiter.engine.descriptor.TestMethodTestDescriptor.lambda$invokeTestMethod$7(TestMethodTestDescriptor.java:214)
	at org.junit.platform.engine.support.hierarchical.ThrowableCollector.execute(ThrowableCollector.java:73)
	at org.junit.jupiter.engine.descriptor.TestMethodTestDescriptor.invokeTestMethod(TestMethodTestDescriptor.java:210)
	at org.junit.jupiter.engine.descriptor.TestMethodTestDescriptor.execute(TestMethodTestDescriptor.java:135)
	at org.junit.jupiter.engine.descriptor.TestMethodTestDescriptor.execute(TestMethodTestDescriptor.java:66)
	at org.junit.platform.engine.support.hierarchical.NodeTestTask.lambda$executeRecursively$6(NodeTestTask.java:151)
	at org.junit.platform.engine.support.hierarchical.ThrowableCollector.execute(ThrowableCollector.java:73)
	at org.junit.platform.engine.support.hierarchical.NodeTestTask.lambda$executeRecursively$8(NodeTestTask.java:141)
	at org.junit.platform.engine.support.hierarchical.Node.around(Node.java:137)
	at org.junit.platform.engine.support.hierarchical.NodeTestTask.lambda$executeRecursively$9(NodeTestTask.java:139)
	at org.junit.platform.engine.support.hierarchical.ThrowableCollector.execute(ThrowableCollector.java:73)
	at org.junit.platform.engine.support.hierarchical.NodeTestTask.executeRecursively(NodeTestTask.java:138)
	at org.junit.platform.engine.support.hierarchical.NodeTestTask.execute(NodeTestTask.java:95)
	at java.base/java.util.ArrayList.forEach(ArrayList.java:1596)
	at org.junit.platform.engine.support.hierarchical.SameThreadHierarchicalTestExecutorService.invokeAll(SameThreadHierarchicalTestExecutorService.java:41)
	at org.junit.platform.engine.support.hierarchical.NodeTestTask.lambda$executeRecursively$6(NodeTestTask.java:155)
	at org.junit.platform.engine.support.hierarchical.ThrowableCollector.execute(ThrowableCollector.java:73)
	at org.junit.platform.engine.support.hierarchical.NodeTestTask.lambda$executeRecursively$8(NodeTestTask.java:141)
	at org.junit.platform.engine.support.hierarchical.Node.around(Node.java:137)
	at org.junit.platform.engine.support.hierarchical.NodeTestTask.lambda$executeRecursively$9(NodeTestTask.java:139)
	at org.junit.platform.engine.support.hierarchical.ThrowableCollector.execute(ThrowableCollector.java:73)
	at org.junit.platform.engine.support.hierarchical.NodeTestTask.executeRecursively(NodeTestTask.java:138)
	at org.junit.platform.engine.support.hierarchical.NodeTestTask.execute(NodeTestTask.java:95)
	at java.base/java.util.ArrayList.forEach(ArrayList.java:1596)
	at org.junit.platform.engine.support.hierarchical.SameThreadHierarchicalTestExecutorService.invokeAll(SameThreadHierarchicalTestExecutorService.java:41)
	at org.junit.platform.engine.support.hierarchical.NodeTestTask.lambda$executeRecursively$6(NodeTestTask.java:155)
	at org.junit.platform.engine.support.hierarchical.ThrowableCollector.execute(ThrowableCollector.java:73)
	at org.junit.platform.engine.support.hierarchical.NodeTestTask.lambda$executeRecursively$8(NodeTestTask.java:141)
	at org.junit.platform.engine.support.hierarchical.Node.around(Node.java:137)
	at org.junit.platform.engine.support.hierarchical.NodeTestTask.lambda$executeRecursively$9(NodeTestTask.java:139)
	at org.junit.platform.engine.support.hierarchical.ThrowableCollector.execute(ThrowableCollector.java:73)
	at org.junit.platform.engine.support.hierarchical.NodeTestTask.executeRecursively(NodeTestTask.java:138)
	at org.junit.platform.engine.support.hierarchical.NodeTestTask.execute(NodeTestTask.java:95)
	at org.junit.platform.engine.support.hierarchical.SameThreadHierarchicalTestExecutorService.submit(SameThreadHierarchicalTestExecutorService.java:35)
	at org.junit.platform.engine.support.hierarchical.HierarchicalTestExecutor.execute(HierarchicalTestExecutor.java:57)
	at org.junit.platform.engine.support.hierarchical.HierarchicalTestEngine.execute(HierarchicalTestEngine.java:54)
	at org.junit.platform.launcher.core.EngineExecutionOrchestrator.execute(EngineExecutionOrchestrator.java:107)
	at org.junit.platform.launcher.core.EngineExecutionOrchestrator.execute(EngineExecutionOrchestrator.java:88)
	at org.junit.platform.launcher.core.EngineExecutionOrchestrator.lambda$execute$0(EngineExecutionOrchestrator.java:54)
	at org.junit.platform.launcher.core.EngineExecutionOrchestrator.withInterceptedStreams(EngineExecutionOrchestrator.java:67)
	at org.junit.platform.launcher.core.EngineExecutionOrchestrator.execute(EngineExecutionOrchestrator.java:52)
	at org.junit.platform.launcher.core.DefaultLauncher.execute(DefaultLauncher.java:114)
	at org.junit.platform.launcher.core.DefaultLauncher.execute(DefaultLauncher.java:86)
	at org.junit.platform.launcher.core.DefaultLauncherSession$DelegatingLauncher.execute(DefaultLauncherSession.java:86)
	at org.junit.platform.launcher.core.SessionPerRequestLauncher.execute(SessionPerRequestLauncher.java:53)
	at com.intellij.junit5.JUnit5IdeaTestRunner.startRunnerWithArgs(JUnit5IdeaTestRunner.java:66)
	at com.intellij.rt.junit.IdeaTestRunner$Repeater$1.execute(IdeaTestRunner.java:38)
	at com.intellij.rt.execution.junit.TestsRepeater.repeat(TestsRepeater.java:11)
	at com.intellij.rt.junit.IdeaTestRunner$Repeater.startRunnerWithArgs(IdeaTestRunner.java:35)
	at com.intellij.rt.junit.JUnitStarter.prepareStreamsAndStart(JUnitStarter.java:237)
	at com.intellij.rt.junit.JUnitStarter.main(JUnitStarter.java:58)
Caused by: javax.mail.MessagingException: Could not convert socket to TLS
	at com.sun.mail.smtp.SMTPTransport.startTLS(SMTPTransport.java:2140)
	at com.sun.mail.smtp.SMTPTransport.protocolConnect(SMTPTransport.java:734)
	at javax.mail.Service.connect(Service.java:342)
	at org.springframework.mail.javamail.JavaMailSenderImpl.connectTransport(JavaMailSenderImpl.java:518)
	at org.springframework.mail.javamail.JavaMailSenderImpl.doSend(JavaMailSenderImpl.java:437)
	... 71 common frames omitted
Caused by: javax.net.ssl.SSLHandshakeException: PKIX path building failed: sun.security.provider.certpath.SunCertPathBuilderException: unable to find valid certification path to requested target
	at java.base/sun.security.ssl.Alert.createSSLException(Alert.java:130)
	at java.base/sun.security.ssl.TransportContext.fatal(TransportContext.java:378)
	at java.base/sun.security.ssl.TransportContext.fatal(TransportContext.java:321)
	at java.base/sun.security.ssl.TransportContext.fatal(TransportContext.java:316)
	at java.base/sun.security.ssl.CertificateMessage$T13CertificateConsumer.checkServerCerts(CertificateMessage.java:1318)
	at java.base/sun.security.ssl.CertificateMessage$T13CertificateConsumer.onConsumeCertificate(CertificateMessage.java:1195)
	at java.base/sun.security.ssl.CertificateMessage$T13CertificateConsumer.consume(CertificateMessage.java:1138)
	at java.base/sun.security.ssl.SSLHandshake.consume(SSLHandshake.java:393)
	at java.base/sun.security.ssl.HandshakeContext.dispatch(HandshakeContext.java:476)
	at java.base/sun.security.ssl.HandshakeContext.dispatch(HandshakeContext.java:447)
	at java.base/sun.security.ssl.TransportContext.dispatch(TransportContext.java:201)
	at java.base/sun.security.ssl.SSLTransport.decode(SSLTransport.java:172)
	at java.base/sun.security.ssl.SSLSocketImpl.decode(SSLSocketImpl.java:1506)
	at java.base/sun.security.ssl.SSLSocketImpl.readHandshakeRecord(SSLSocketImpl.java:1421)
	at java.base/sun.security.ssl.SSLSocketImpl.startHandshake(SSLSocketImpl.java:455)
	at java.base/sun.security.ssl.SSLSocketImpl.startHandshake(SSLSocketImpl.java:426)
	at com.sun.mail.util.SocketFetcher.configureSSLSocket(SocketFetcher.java:602)
	at com.sun.mail.util.SocketFetcher.startTLS(SocketFetcher.java:529)
	at com.sun.mail.smtp.SMTPTransport.startTLS(SMTPTransport.java:2135)
	... 75 common frames omitted
Caused by: sun.security.validator.ValidatorException: PKIX path building failed: sun.security.provider.certpath.SunCertPathBuilderException: unable to find valid certification path to requested target
	at java.base/sun.security.validator.PKIXValidator.doBuild(PKIXValidator.java:388)
	at java.base/sun.security.validator.PKIXValidator.engineValidate(PKIXValidator.java:271)
	at java.base/sun.security.validator.Validator.validate(Validator.java:256)
	at java.base/sun.security.ssl.X509TrustManagerImpl.checkTrusted(X509TrustManagerImpl.java:230)
	at java.base/sun.security.ssl.X509TrustManagerImpl.checkServerTrusted(X509TrustManagerImpl.java:132)
	at java.base/sun.security.ssl.CertificateMessage$T13CertificateConsumer.checkServerCerts(CertificateMessage.java:1302)
	... 89 common frames omitted
Caused by: sun.security.provider.certpath.SunCertPathBuilderException: unable to find valid certification path to requested target
	at java.base/sun.security.provider.certpath.SunCertPathBuilder.build(SunCertPathBuilder.java:148)
	at java.base/sun.security.provider.certpath.SunCertPathBuilder.engineBuild(SunCertPathBuilder.java:129)
	at java.base/java.security.cert.CertPathBuilder.build(CertPathBuilder.java:297)
	at java.base/sun.security.validator.PKIXValidator.doBuild(PKIXValidator.java:383)
	... 94 common frames omitted
2026-08-20 22:23:46 INFO  o.s.b.t.c.SpringBootTestContextBootstrapper - Neither @ContextConfiguration nor @ContextHierarchy found for test class [com.journalApp.service.RedisTests], using SpringBootContextLoader
2026-08-20 22:23:46 INFO  o.s.t.c.s.AbstractContextLoader - Could not detect default resource locations for test class [com.journalApp.service.RedisTests]: no resource found for suffixes {-context.xml, Context.groovy}.
2026-08-20 22:23:46 INFO  o.s.t.c.s.AnnotationConfigContextLoaderUtils - Could not detect default configuration classes for test class [com.journalApp.service.RedisTests]: RedisTests does not declare any static, non-private, non-final, nested classes annotated with @Configuration.
2026-08-20 22:23:46 INFO  o.s.b.t.c.SpringBootTestContextBootstrapper - Found @SpringBootConfiguration com.journalApp.JournalAppApplication for test class com.journalApp.service.RedisTests
2026-08-20 22:23:47 INFO  o.s.b.t.c.SpringBootTestContextBootstrapper - Loaded default TestExecutionListener class names from location [META-INF/spring.factories]: [org.springframework.boot.test.mock.mockito.MockitoTestExecutionListener, org.springframework.boot.test.mock.mockito.ResetMocksTestExecutionListener, org.springframework.boot.test.autoconfigure.restdocs.RestDocsTestExecutionListener, org.springframework.boot.test.autoconfigure.web.client.MockRestServiceServerResetTestExecutionListener, org.springframework.boot.test.autoconfigure.web.servlet.MockMvcPrintOnlyOnFailureTestExecutionListener, org.springframework.boot.test.autoconfigure.web.servlet.WebDriverTestExecutionListener, org.springframework.boot.test.autoconfigure.webservices.client.MockWebServiceServerTestExecutionListener, org.springframework.test.context.web.ServletTestExecutionListener, org.springframework.test.context.support.DirtiesContextBeforeModesTestExecutionListener, org.springframework.test.context.event.ApplicationEventsTestExecutionListener, org.springframework.test.context.support.DependencyInjectionTestExecutionListener, org.springframework.test.context.support.DirtiesContextTestExecutionListener, org.springframework.test.context.transaction.TransactionalTestExecutionListener, org.springframework.test.context.jdbc.SqlScriptsTestExecutionListener, org.springframework.test.context.event.EventPublishingTestExecutionListener]
2026-08-20 22:23:47 INFO  o.s.b.t.c.SpringBootTestContextBootstrapper - Using TestExecutionListeners: [org.springframework.test.context.web.ServletTestExecutionListener@1dd0e7c4, org.springframework.test.context.support.DirtiesContextBeforeModesTestExecutionListener@7894f09b, org.springframework.test.context.event.ApplicationEventsTestExecutionListener@3d484181, org.springframework.boot.test.mock.mockito.MockitoTestExecutionListener@6111ba37, org.springframework.boot.test.autoconfigure.SpringBootDependencyInjectionTestExecutionListener@7be58f16, org.springframework.test.context.support.DirtiesContextTestExecutionListener@242aa8d9, org.springframework.test.context.transaction.TransactionalTestExecutionListener@5b11a194, org.springframework.test.context.jdbc.SqlScriptsTestExecutionListener@37bd68c3, org.springframework.test.context.event.EventPublishingTestExecutionListener@60f7cc1d, org.springframework.boot.test.mock.mockito.ResetMocksTestExecutionListener@11eadcba, org.springframework.boot.test.autoconfigure.restdocs.RestDocsTestExecutionListener@4721d212, org.springframework.boot.test.autoconfigure.web.client.MockRestServiceServerResetTestExecutionListener@1b065145, org.springframework.boot.test.autoconfigure.web.servlet.MockMvcPrintOnlyOnFailureTestExecutionListener@45cff11c, org.springframework.boot.test.autoconfigure.web.servlet.WebDriverTestExecutionListener@207ea13, org.springframework.boot.test.autoconfigure.webservices.client.MockWebServiceServerTestExecutionListener@4bff1903]
2026-08-20 22:23:47 INFO  com.journalApp.service.RedisTests - Starting RedisTests using Java 21.0.4 on SHAHID with PID 20856 (started by MD SHAHID ANSARI in C:\Users\MD SHAHID ANSARI\IdeaProjects\journalApp\journalApp)
2026-08-20 22:23:47 INFO  com.journalApp.service.RedisTests - The following 1 profile is active: "dev"
2026-08-20 22:23:49 INFO  o.s.d.r.c.RepositoryConfigurationDelegate - Multiple Spring Data modules found, entering strict repository configuration mode
2026-08-20 22:23:49 INFO  o.s.d.r.c.RepositoryConfigurationDelegate - Bootstrapping Spring Data MongoDB repositories in DEFAULT mode.
2026-08-20 22:23:49 INFO  o.s.d.r.c.RepositoryConfigurationDelegate - Finished Spring Data repository scanning in 451 ms. Found 3 MongoDB repository interfaces.
2026-08-20 22:23:50 INFO  o.s.d.r.c.RepositoryConfigurationDelegate - Multiple Spring Data modules found, entering strict repository configuration mode
2026-08-20 22:23:50 INFO  o.s.d.r.c.RepositoryConfigurationDelegate - Bootstrapping Spring Data Redis repositories in DEFAULT mode.
2026-08-20 22:23:50 INFO  o.s.d.r.c.RepositoryConfigurationExtensionSupport - Spring Data Redis - Could not safely identify store assignment for repository candidate interface com.journalApp.repository.ConfigJournalAppRepository; If you want this repository to be a Redis repository, consider annotating your entities with one of these annotations: org.springframework.data.redis.core.RedisHash (preferred), or consider extending one of the following types with your repository: org.springframework.data.keyvalue.repository.KeyValueRepository
2026-08-20 22:23:50 INFO  o.s.d.r.c.RepositoryConfigurationExtensionSupport - Spring Data Redis - Could not safely identify store assignment for repository candidate interface com.journalApp.repository.JournalEntryRepository; If you want this repository to be a Redis repository, consider annotating your entities with one of these annotations: org.springframework.data.redis.core.RedisHash (preferred), or consider extending one of the following types with your repository: org.springframework.data.keyvalue.repository.KeyValueRepository
2026-08-20 22:23:50 INFO  o.s.d.r.c.RepositoryConfigurationExtensionSupport - Spring Data Redis - Could not safely identify store assignment for repository candidate interface com.journalApp.repository.UserRepository; If you want this repository to be a Redis repository, consider annotating your entities with one of these annotations: org.springframework.data.redis.core.RedisHash (preferred), or consider extending one of the following types with your repository: org.springframework.data.keyvalue.repository.KeyValueRepository
2026-08-20 22:23:50 INFO  o.s.d.r.c.RepositoryConfigurationDelegate - Finished Spring Data repository scanning in 31 ms. Found 0 Redis repository interfaces.
2026-08-20 22:23:51 INFO  org.mongodb.driver.client - MongoClient with metadata {"driver": {"name": "mongo-java-driver|sync|spring-boot", "version": "4.6.1"}, "os": {"type": "Windows", "name": "Windows 11", "architecture": "amd64", "version": "10.0"}, "platform": "Java/Oracle Corporation/21.0.4+8-LTS-274", "application": {"name": "Cluster0"}} created with settings MongoClientSettings{readPreference=primary, writeConcern=WriteConcern{w=null, wTimeout=null ms, journal=null}, retryWrites=true, retryReads=true, readConcern=ReadConcern{level=null}, credential=MongoCredential{mechanism=null, userName='mdshahidans2005_db_user', source='admin', password=<hidden>, mechanismProperties=<hidden>}, streamFactoryFactory=null, commandListeners=[], codecRegistry=ProvidersCodecRegistry{codecProviders=[ValueCodecProvider{}, BsonValueCodecProvider{}, DBRefCodecProvider{}, DBObjectCodecProvider{}, DocumentCodecProvider{}, IterableCodecProvider{}, MapCodecProvider{}, GeoJsonCodecProvider{}, GridFSFileCodecProvider{}, Jsr310CodecProvider{}, JsonObjectCodecProvider{}, BsonCodecProvider{}, EnumCodecProvider{}, com.mongodb.Jep395RecordCodecProvider@5927f904]}, clusterSettings={hosts=[127.0.0.1:27017], srvHost=cluster0.yvjbs2l.mongodb.net, srvServiceName=mongodb, mode=MULTIPLE, requiredClusterType=REPLICA_SET, requiredReplicaSetName='atlas-lpe6sk-shard-0', serverSelector='null', clusterListeners='[]', serverSelectionTimeout='30000 ms', localThreshold='30000 ms'}, socketSettings=SocketSettings{connectTimeoutMS=10000, readTimeoutMS=0, receiveBufferSize=0, sendBufferSize=0}, heartbeatSocketSettings=SocketSettings{connectTimeoutMS=10000, readTimeoutMS=10000, receiveBufferSize=0, sendBufferSize=0}, connectionPoolSettings=ConnectionPoolSettings{maxSize=100, minSize=0, maxWaitTimeMS=120000, maxConnectionLifeTimeMS=0, maxConnectionIdleTimeMS=0, maintenanceInitialDelayMS=0, maintenanceFrequencyMS=60000, connectionPoolListeners=[], maxConnecting=2}, serverSettings=ServerSettings{heartbeatFrequencyMS=10000, minHeartbeatFrequencyMS=500, serverListeners='[]', serverMonitorListeners='[]'}, sslSettings=SslSettings{enabled=true, invalidHostNameAllowed=false, context=null}, applicationName='Cluster0', compressorList=[], uuidRepresentation=JAVA_LEGACY, serverApi=null, autoEncryptionSettings=null, contextProvider=null}
2026-08-20 22:23:52 INFO  org.mongodb.driver.cluster - Adding discovered server ac-bd180s9-shard-00-00.yvjbs2l.mongodb.net:27017 to client view of cluster
2026-08-20 22:23:52 INFO  org.mongodb.driver.cluster - Adding discovered server ac-bd180s9-shard-00-01.yvjbs2l.mongodb.net:27017 to client view of cluster
2026-08-20 22:23:52 INFO  org.mongodb.driver.cluster - Adding discovered server ac-bd180s9-shard-00-02.yvjbs2l.mongodb.net:27017 to client view of cluster
2026-08-20 22:23:53 INFO  org.mongodb.driver.cluster - No server chosen by com.mongodb.client.internal.MongoClientDelegate$1@25ce435 from cluster description ClusterDescription{type=REPLICA_SET, connectionMode=MULTIPLE, serverDescriptions=[ServerDescription{address=ac-bd180s9-shard-00-00.yvjbs2l.mongodb.net:27017, type=UNKNOWN, state=CONNECTING}, ServerDescription{address=ac-bd180s9-shard-00-02.yvjbs2l.mongodb.net:27017, type=UNKNOWN, state=CONNECTING}, ServerDescription{address=ac-bd180s9-shard-00-01.yvjbs2l.mongodb.net:27017, type=UNKNOWN, state=CONNECTING}]}. Waiting for 30000 ms before timing out
2026-08-20 22:23:53 INFO  org.mongodb.driver.connection - Opened connection [connectionId{localValue:6, serverValue:251370}] to ac-bd180s9-shard-00-00.yvjbs2l.mongodb.net:27017
2026-08-20 22:23:53 INFO  org.mongodb.driver.connection - Opened connection [connectionId{localValue:3, serverValue:248089}] to ac-bd180s9-shard-00-01.yvjbs2l.mongodb.net:27017
2026-08-20 22:23:53 INFO  org.mongodb.driver.connection - Opened connection [connectionId{localValue:5, serverValue:255790}] to ac-bd180s9-shard-00-02.yvjbs2l.mongodb.net:27017
2026-08-20 22:23:53 INFO  org.mongodb.driver.connection - Opened connection [connectionId{localValue:1, serverValue:248088}] to ac-bd180s9-shard-00-01.yvjbs2l.mongodb.net:27017
2026-08-20 22:23:53 INFO  org.mongodb.driver.connection - Opened connection [connectionId{localValue:2, serverValue:251374}] to ac-bd180s9-shard-00-00.yvjbs2l.mongodb.net:27017
2026-08-20 22:23:53 INFO  org.mongodb.driver.connection - Opened connection [connectionId{localValue:4, serverValue:255790}] to ac-bd180s9-shard-00-02.yvjbs2l.mongodb.net:27017
2026-08-20 22:23:53 INFO  org.mongodb.driver.cluster - Monitor thread successfully connected to server with description ServerDescription{address=ac-bd180s9-shard-00-02.yvjbs2l.mongodb.net:27017, type=REPLICA_SET_PRIMARY, state=CONNECTED, ok=true, minWireVersion=0, maxWireVersion=25, maxDocumentSize=16777216, logicalSessionTimeoutMinutes=30, roundTripTimeNanos=626265800, setName='atlas-lpe6sk-shard-0', canonicalAddress=ac-bd180s9-shard-00-02.yvjbs2l.mongodb.net:27017, hosts=[ac-bd180s9-shard-00-01.yvjbs2l.mongodb.net:27017, ac-bd180s9-shard-00-02.yvjbs2l.mongodb.net:27017, ac-bd180s9-shard-00-00.yvjbs2l.mongodb.net:27017], passives=[], arbiters=[], primary='ac-bd180s9-shard-00-02.yvjbs2l.mongodb.net:27017', tagSet=TagSet{[Tag{name='availabilityZone', value='aps1-az2'}, Tag{name='cacheState', value='READY'}, Tag{name='diskState', value='READY'}, Tag{name='nodeType', value='ELECTABLE'}, Tag{name='provider', value='AWS'}, Tag{name='region', value='AP_SOUTH_1'}, Tag{name='workloadType', value='OPERATIONAL'}]}, electionId=7fffffff000000000000012d, setVersion=297, topologyVersion=TopologyVersion{processId=6a7b3d358e68804eae9a242f, counter=10}, lastWriteDate=Thu Aug 20 22:23:53 IST 2026, lastUpdateTimeNanos=3776934885500}
2026-08-20 22:23:53 INFO  org.mongodb.driver.cluster - Monitor thread successfully connected to server with description ServerDescription{address=ac-bd180s9-shard-00-00.yvjbs2l.mongodb.net:27017, type=REPLICA_SET_SECONDARY, state=CONNECTED, ok=true, minWireVersion=0, maxWireVersion=25, maxDocumentSize=16777216, logicalSessionTimeoutMinutes=30, roundTripTimeNanos=631661300, setName='atlas-lpe6sk-shard-0', canonicalAddress=ac-bd180s9-shard-00-00.yvjbs2l.mongodb.net:27017, hosts=[ac-bd180s9-shard-00-01.yvjbs2l.mongodb.net:27017, ac-bd180s9-shard-00-02.yvjbs2l.mongodb.net:27017, ac-bd180s9-shard-00-00.yvjbs2l.mongodb.net:27017], passives=[], arbiters=[], primary='ac-bd180s9-shard-00-02.yvjbs2l.mongodb.net:27017', tagSet=TagSet{[Tag{name='availabilityZone', value='aps1-az1'}, Tag{name='cacheState', value='READY'}, Tag{name='diskState', value='READY'}, Tag{name='nodeType', value='ELECTABLE'}, Tag{name='provider', value='AWS'}, Tag{name='region', value='AP_SOUTH_1'}, Tag{name='workloadType', value='OPERATIONAL'}]}, electionId=null, setVersion=297, topologyVersion=TopologyVersion{processId=6a7b3ab66a60f4deb1771140, counter=10}, lastWriteDate=Thu Aug 20 22:23:53 IST 2026, lastUpdateTimeNanos=3776934584800}
2026-08-20 22:23:53 INFO  org.mongodb.driver.cluster - Monitor thread successfully connected to server with description ServerDescription{address=ac-bd180s9-shard-00-01.yvjbs2l.mongodb.net:27017, type=REPLICA_SET_SECONDARY, state=CONNECTED, ok=true, minWireVersion=0, maxWireVersion=25, maxDocumentSize=16777216, logicalSessionTimeoutMinutes=30, roundTripTimeNanos=633012600, setName='atlas-lpe6sk-shard-0', canonicalAddress=ac-bd180s9-shard-00-01.yvjbs2l.mongodb.net:27017, hosts=[ac-bd180s9-shard-00-01.yvjbs2l.mongodb.net:27017, ac-bd180s9-shard-00-02.yvjbs2l.mongodb.net:27017, ac-bd180s9-shard-00-00.yvjbs2l.mongodb.net:27017], passives=[], arbiters=[], primary='ac-bd180s9-shard-00-02.yvjbs2l.mongodb.net:27017', tagSet=TagSet{[Tag{name='availabilityZone', value='aps1-az3'}, Tag{name='cacheState', value='READY'}, Tag{name='diskState', value='READY'}, Tag{name='nodeType', value='ELECTABLE'}, Tag{name='provider', value='AWS'}, Tag{name='region', value='AP_SOUTH_1'}, Tag{name='workloadType', value='OPERATIONAL'}]}, electionId=null, setVersion=297, topologyVersion=TopologyVersion{processId=6a7b3fc5ee64108dce410aaf, counter=5}, lastWriteDate=Thu Aug 20 22:23:53 IST 2026, lastUpdateTimeNanos=3776934584900}
2026-08-20 22:23:53 INFO  org.mongodb.driver.cluster - Setting max election id to 7fffffff000000000000012d from replica set primary ac-bd180s9-shard-00-02.yvjbs2l.mongodb.net:27017
2026-08-20 22:23:53 INFO  org.mongodb.driver.cluster - Setting max set version to 297 from replica set primary ac-bd180s9-shard-00-02.yvjbs2l.mongodb.net:27017
2026-08-20 22:23:53 INFO  org.mongodb.driver.cluster - Discovered replica set primary ac-bd180s9-shard-00-02.yvjbs2l.mongodb.net:27017
2026-08-20 22:23:54 INFO  org.mongodb.driver.connection - Opened connection [connectionId{localValue:7, serverValue:255795}] to ac-bd180s9-shard-00-02.yvjbs2l.mongodb.net:27017
2026-08-20 22:23:56 INFO  o.s.s.web.DefaultSecurityFilterChain - Will secure any request with [org.springframework.security.web.session.DisableEncodeUrlFilter@7fb82f73, org.springframework.security.web.context.request.async.WebAsyncManagerIntegrationFilter@2f166d61, org.springframework.security.web.context.SecurityContextPersistenceFilter@445b85d7, org.springframework.security.web.header.HeaderWriterFilter@772cf46b, org.springframework.security.web.authentication.logout.LogoutFilter@1f4d38f9, org.springframework.security.web.authentication.www.BasicAuthenticationFilter@73da303e, org.springframework.security.web.savedrequest.RequestCacheAwareFilter@3534651a, org.springframework.security.web.servletapi.SecurityContextHolderAwareRequestFilter@5bf523e3, org.springframework.security.web.authentication.AnonymousAuthenticationFilter@5896b9f5, org.springframework.security.web.session.SessionManagementFilter@3c87e851, org.springframework.security.web.access.ExceptionTranslationFilter@14b5325f, org.springframework.security.web.access.intercept.FilterSecurityInterceptor@2c5708e7]
2026-08-20 22:23:58 INFO  com.journalApp.service.RedisTests - Started RedisTests in 11.453 seconds (JVM running for 14.499)
2026-08-20 22:25:16 INFO  o.s.b.t.c.SpringBootTestContextBootstrapper - Neither @ContextConfiguration nor @ContextHierarchy found for test class [com.journalApp.service.RedisTests], using SpringBootContextLoader
2026-08-20 22:25:16 INFO  o.s.t.c.s.AbstractContextLoader - Could not detect default resource locations for test class [com.journalApp.service.RedisTests]: no resource found for suffixes {-context.xml, Context.groovy}.
2026-08-20 22:25:16 INFO  o.s.t.c.s.AnnotationConfigContextLoaderUtils - Could not detect default configuration classes for test class [com.journalApp.service.RedisTests]: RedisTests does not declare any static, non-private, non-final, nested classes annotated with @Configuration.
2026-08-20 22:25:16 INFO  o.s.b.t.c.SpringBootTestContextBootstrapper - Found @SpringBootConfiguration com.journalApp.JournalAppApplication for test class com.journalApp.service.RedisTests
2026-08-20 22:25:16 INFO  o.s.b.t.c.SpringBootTestContextBootstrapper - Loaded default TestExecutionListener class names from location [META-INF/spring.factories]: [org.springframework.boot.test.mock.mockito.MockitoTestExecutionListener, org.springframework.boot.test.mock.mockito.ResetMocksTestExecutionListener, org.springframework.boot.test.autoconfigure.restdocs.RestDocsTestExecutionListener, org.springframework.boot.test.autoconfigure.web.client.MockRestServiceServerResetTestExecutionListener, org.springframework.boot.test.autoconfigure.web.servlet.MockMvcPrintOnlyOnFailureTestExecutionListener, org.springframework.boot.test.autoconfigure.web.servlet.WebDriverTestExecutionListener, org.springframework.boot.test.autoconfigure.webservices.client.MockWebServiceServerTestExecutionListener, org.springframework.test.context.web.ServletTestExecutionListener, org.springframework.test.context.support.DirtiesContextBeforeModesTestExecutionListener, org.springframework.test.context.event.ApplicationEventsTestExecutionListener, org.springframework.test.context.support.DependencyInjectionTestExecutionListener, org.springframework.test.context.support.DirtiesContextTestExecutionListener, org.springframework.test.context.transaction.TransactionalTestExecutionListener, org.springframework.test.context.jdbc.SqlScriptsTestExecutionListener, org.springframework.test.context.event.EventPublishingTestExecutionListener]
2026-08-20 22:25:16 INFO  o.s.b.t.c.SpringBootTestContextBootstrapper - Using TestExecutionListeners: [org.springframework.test.context.web.ServletTestExecutionListener@1dd0e7c4, org.springframework.test.context.support.DirtiesContextBeforeModesTestExecutionListener@7894f09b, org.springframework.test.context.event.ApplicationEventsTestExecutionListener@3d484181, org.springframework.boot.test.mock.mockito.MockitoTestExecutionListener@6111ba37, org.springframework.boot.test.autoconfigure.SpringBootDependencyInjectionTestExecutionListener@7be58f16, org.springframework.test.context.support.DirtiesContextTestExecutionListener@242aa8d9, org.springframework.test.context.transaction.TransactionalTestExecutionListener@5b11a194, org.springframework.test.context.jdbc.SqlScriptsTestExecutionListener@37bd68c3, org.springframework.test.context.event.EventPublishingTestExecutionListener@60f7cc1d, org.springframework.boot.test.mock.mockito.ResetMocksTestExecutionListener@11eadcba, org.springframework.boot.test.autoconfigure.restdocs.RestDocsTestExecutionListener@4721d212, org.springframework.boot.test.autoconfigure.web.client.MockRestServiceServerResetTestExecutionListener@1b065145, org.springframework.boot.test.autoconfigure.web.servlet.MockMvcPrintOnlyOnFailureTestExecutionListener@45cff11c, org.springframework.boot.test.autoconfigure.web.servlet.WebDriverTestExecutionListener@207ea13, org.springframework.boot.test.autoconfigure.webservices.client.MockWebServiceServerTestExecutionListener@4bff1903]
2026-08-20 22:25:17 INFO  com.journalApp.service.RedisTests - Starting RedisTests using Java 21.0.4 on SHAHID with PID 7900 (started by MD SHAHID ANSARI in C:\Users\MD SHAHID ANSARI\IdeaProjects\journalApp\journalApp)
2026-08-20 22:25:17 INFO  com.journalApp.service.RedisTests - The following 1 profile is active: "dev"
2026-08-20 22:25:19 INFO  o.s.d.r.c.RepositoryConfigurationDelegate - Multiple Spring Data modules found, entering strict repository configuration mode
2026-08-20 22:25:19 INFO  o.s.d.r.c.RepositoryConfigurationDelegate - Bootstrapping Spring Data MongoDB repositories in DEFAULT mode.
2026-08-20 22:25:19 INFO  o.s.d.r.c.RepositoryConfigurationDelegate - Finished Spring Data repository scanning in 399 ms. Found 3 MongoDB repository interfaces.
2026-08-20 22:25:19 INFO  o.s.d.r.c.RepositoryConfigurationDelegate - Multiple Spring Data modules found, entering strict repository configuration mode
2026-08-20 22:25:19 INFO  o.s.d.r.c.RepositoryConfigurationDelegate - Bootstrapping Spring Data Redis repositories in DEFAULT mode.
2026-08-20 22:25:19 INFO  o.s.d.r.c.RepositoryConfigurationExtensionSupport - Spring Data Redis - Could not safely identify store assignment for repository candidate interface com.journalApp.repository.ConfigJournalAppRepository; If you want this repository to be a Redis repository, consider annotating your entities with one of these annotations: org.springframework.data.redis.core.RedisHash (preferred), or consider extending one of the following types with your repository: org.springframework.data.keyvalue.repository.KeyValueRepository
2026-08-20 22:25:19 INFO  o.s.d.r.c.RepositoryConfigurationExtensionSupport - Spring Data Redis - Could not safely identify store assignment for repository candidate interface com.journalApp.repository.JournalEntryRepository; If you want this repository to be a Redis repository, consider annotating your entities with one of these annotations: org.springframework.data.redis.core.RedisHash (preferred), or consider extending one of the following types with your repository: org.springframework.data.keyvalue.repository.KeyValueRepository
2026-08-20 22:25:19 INFO  o.s.d.r.c.RepositoryConfigurationExtensionSupport - Spring Data Redis - Could not safely identify store assignment for repository candidate interface com.journalApp.repository.UserRepository; If you want this repository to be a Redis repository, consider annotating your entities with one of these annotations: org.springframework.data.redis.core.RedisHash (preferred), or consider extending one of the following types with your repository: org.springframework.data.keyvalue.repository.KeyValueRepository
2026-08-20 22:25:19 INFO  o.s.d.r.c.RepositoryConfigurationDelegate - Finished Spring Data repository scanning in 17 ms. Found 0 Redis repository interfaces.
2026-08-20 22:25:21 INFO  org.mongodb.driver.client - MongoClient with metadata {"driver": {"name": "mongo-java-driver|sync|spring-boot", "version": "4.6.1"}, "os": {"type": "Windows", "name": "Windows 11", "architecture": "amd64", "version": "10.0"}, "platform": "Java/Oracle Corporation/21.0.4+8-LTS-274", "application": {"name": "Cluster0"}} created with settings MongoClientSettings{readPreference=primary, writeConcern=WriteConcern{w=null, wTimeout=null ms, journal=null}, retryWrites=true, retryReads=true, readConcern=ReadConcern{level=null}, credential=MongoCredential{mechanism=null, userName='mdshahidans2005_db_user', source='admin', password=<hidden>, mechanismProperties=<hidden>}, streamFactoryFactory=null, commandListeners=[], codecRegistry=ProvidersCodecRegistry{codecProviders=[ValueCodecProvider{}, BsonValueCodecProvider{}, DBRefCodecProvider{}, DBObjectCodecProvider{}, DocumentCodecProvider{}, IterableCodecProvider{}, MapCodecProvider{}, GeoJsonCodecProvider{}, GridFSFileCodecProvider{}, Jsr310CodecProvider{}, JsonObjectCodecProvider{}, BsonCodecProvider{}, EnumCodecProvider{}, com.mongodb.Jep395RecordCodecProvider@1e98b788]}, clusterSettings={hosts=[127.0.0.1:27017], srvHost=cluster0.yvjbs2l.mongodb.net, srvServiceName=mongodb, mode=MULTIPLE, requiredClusterType=REPLICA_SET, requiredReplicaSetName='atlas-lpe6sk-shard-0', serverSelector='null', clusterListeners='[]', serverSelectionTimeout='30000 ms', localThreshold='30000 ms'}, socketSettings=SocketSettings{connectTimeoutMS=10000, readTimeoutMS=0, receiveBufferSize=0, sendBufferSize=0}, heartbeatSocketSettings=SocketSettings{connectTimeoutMS=10000, readTimeoutMS=10000, receiveBufferSize=0, sendBufferSize=0}, connectionPoolSettings=ConnectionPoolSettings{maxSize=100, minSize=0, maxWaitTimeMS=120000, maxConnectionLifeTimeMS=0, maxConnectionIdleTimeMS=0, maintenanceInitialDelayMS=0, maintenanceFrequencyMS=60000, connectionPoolListeners=[], maxConnecting=2}, serverSettings=ServerSettings{heartbeatFrequencyMS=10000, minHeartbeatFrequencyMS=500, serverListeners='[]', serverMonitorListeners='[]'}, sslSettings=SslSettings{enabled=true, invalidHostNameAllowed=false, context=null}, applicationName='Cluster0', compressorList=[], uuidRepresentation=JAVA_LEGACY, serverApi=null, autoEncryptionSettings=null, contextProvider=null}
2026-08-20 22:25:21 INFO  org.mongodb.driver.cluster - Adding discovered server ac-bd180s9-shard-00-00.yvjbs2l.mongodb.net:27017 to client view of cluster
2026-08-20 22:25:21 INFO  org.mongodb.driver.cluster - Adding discovered server ac-bd180s9-shard-00-01.yvjbs2l.mongodb.net:27017 to client view of cluster
2026-08-20 22:25:21 INFO  org.mongodb.driver.cluster - Adding discovered server ac-bd180s9-shard-00-02.yvjbs2l.mongodb.net:27017 to client view of cluster
2026-08-20 22:25:21 INFO  org.mongodb.driver.cluster - No server chosen by com.mongodb.client.internal.MongoClientDelegate$1@7ec3a8bd from cluster description ClusterDescription{type=REPLICA_SET, connectionMode=MULTIPLE, serverDescriptions=[ServerDescription{address=ac-bd180s9-shard-00-00.yvjbs2l.mongodb.net:27017, type=UNKNOWN, state=CONNECTING}, ServerDescription{address=ac-bd180s9-shard-00-02.yvjbs2l.mongodb.net:27017, type=UNKNOWN, state=CONNECTING}, ServerDescription{address=ac-bd180s9-shard-00-01.yvjbs2l.mongodb.net:27017, type=UNKNOWN, state=CONNECTING}]}. Waiting for 30000 ms before timing out
2026-08-20 22:25:22 INFO  org.mongodb.driver.connection - Opened connection [connectionId{localValue:2, serverValue:255791}] to ac-bd180s9-shard-00-02.yvjbs2l.mongodb.net:27017
2026-08-20 22:25:22 INFO  org.mongodb.driver.connection - Opened connection [connectionId{localValue:1, serverValue:251398}] to ac-bd180s9-shard-00-00.yvjbs2l.mongodb.net:27017
2026-08-20 22:25:22 INFO  org.mongodb.driver.connection - Opened connection [connectionId{localValue:4, serverValue:255791}] to ac-bd180s9-shard-00-02.yvjbs2l.mongodb.net:27017
2026-08-20 22:25:22 INFO  org.mongodb.driver.connection - Opened connection [connectionId{localValue:3, serverValue:248120}] to ac-bd180s9-shard-00-01.yvjbs2l.mongodb.net:27017
2026-08-20 22:25:22 INFO  org.mongodb.driver.connection - Opened connection [connectionId{localValue:6, serverValue:251398}] to ac-bd180s9-shard-00-00.yvjbs2l.mongodb.net:27017
2026-08-20 22:25:22 INFO  org.mongodb.driver.connection - Opened connection [connectionId{localValue:5, serverValue:248120}] to ac-bd180s9-shard-00-01.yvjbs2l.mongodb.net:27017
2026-08-20 22:25:22 INFO  org.mongodb.driver.cluster - Monitor thread successfully connected to server with description ServerDescription{address=ac-bd180s9-shard-00-01.yvjbs2l.mongodb.net:27017, type=REPLICA_SET_SECONDARY, state=CONNECTED, ok=true, minWireVersion=0, maxWireVersion=25, maxDocumentSize=16777216, logicalSessionTimeoutMinutes=30, roundTripTimeNanos=649493400, setName='atlas-lpe6sk-shard-0', canonicalAddress=ac-bd180s9-shard-00-01.yvjbs2l.mongodb.net:27017, hosts=[ac-bd180s9-shard-00-01.yvjbs2l.mongodb.net:27017, ac-bd180s9-shard-00-02.yvjbs2l.mongodb.net:27017, ac-bd180s9-shard-00-00.yvjbs2l.mongodb.net:27017], passives=[], arbiters=[], primary='ac-bd180s9-shard-00-02.yvjbs2l.mongodb.net:27017', tagSet=TagSet{[Tag{name='availabilityZone', value='aps1-az3'}, Tag{name='cacheState', value='READY'}, Tag{name='diskState', value='READY'}, Tag{name='nodeType', value='ELECTABLE'}, Tag{name='provider', value='AWS'}, Tag{name='region', value='AP_SOUTH_1'}, Tag{name='workloadType', value='OPERATIONAL'}]}, electionId=null, setVersion=297, topologyVersion=TopologyVersion{processId=6a7b3fc5ee64108dce410aaf, counter=5}, lastWriteDate=Thu Aug 20 22:25:22 IST 2026, lastUpdateTimeNanos=3865508707000}
2026-08-20 22:25:22 INFO  org.mongodb.driver.cluster - Monitor thread successfully connected to server with description ServerDescription{address=ac-bd180s9-shard-00-02.yvjbs2l.mongodb.net:27017, type=REPLICA_SET_PRIMARY, state=CONNECTED, ok=true, minWireVersion=0, maxWireVersion=25, maxDocumentSize=16777216, logicalSessionTimeoutMinutes=30, roundTripTimeNanos=649493600, setName='atlas-lpe6sk-shard-0', canonicalAddress=ac-bd180s9-shard-00-02.yvjbs2l.mongodb.net:27017, hosts=[ac-bd180s9-shard-00-01.yvjbs2l.mongodb.net:27017, ac-bd180s9-shard-00-02.yvjbs2l.mongodb.net:27017, ac-bd180s9-shard-00-00.yvjbs2l.mongodb.net:27017], passives=[], arbiters=[], primary='ac-bd180s9-shard-00-02.yvjbs2l.mongodb.net:27017', tagSet=TagSet{[Tag{name='availabilityZone', value='aps1-az2'}, Tag{name='cacheState', value='READY'}, Tag{name='diskState', value='READY'}, Tag{name='nodeType', value='ELECTABLE'}, Tag{name='provider', value='AWS'}, Tag{name='region', value='AP_SOUTH_1'}, Tag{name='workloadType', value='OPERATIONAL'}]}, electionId=7fffffff000000000000012d, setVersion=297, topologyVersion=TopologyVersion{processId=6a7b3d358e68804eae9a242f, counter=10}, lastWriteDate=Thu Aug 20 22:25:22 IST 2026, lastUpdateTimeNanos=3865508707100}
2026-08-20 22:25:22 INFO  org.mongodb.driver.cluster - Monitor thread successfully connected to server with description ServerDescription{address=ac-bd180s9-shard-00-00.yvjbs2l.mongodb.net:27017, type=REPLICA_SET_SECONDARY, state=CONNECTED, ok=true, minWireVersion=0, maxWireVersion=25, maxDocumentSize=16777216, logicalSessionTimeoutMinutes=30, roundTripTimeNanos=649338900, setName='atlas-lpe6sk-shard-0', canonicalAddress=ac-bd180s9-shard-00-00.yvjbs2l.mongodb.net:27017, hosts=[ac-bd180s9-shard-00-01.yvjbs2l.mongodb.net:27017, ac-bd180s9-shard-00-02.yvjbs2l.mongodb.net:27017, ac-bd180s9-shard-00-00.yvjbs2l.mongodb.net:27017], passives=[], arbiters=[], primary='ac-bd180s9-shard-00-02.yvjbs2l.mongodb.net:27017', tagSet=TagSet{[Tag{name='availabilityZone', value='aps1-az1'}, Tag{name='cacheState', value='READY'}, Tag{name='diskState', value='READY'}, Tag{name='nodeType', value='ELECTABLE'}, Tag{name='provider', value='AWS'}, Tag{name='region', value='AP_SOUTH_1'}, Tag{name='workloadType', value='OPERATIONAL'}]}, electionId=null, setVersion=297, topologyVersion=TopologyVersion{processId=6a7b3ab66a60f4deb1771140, counter=10}, lastWriteDate=Thu Aug 20 22:25:22 IST 2026, lastUpdateTimeNanos=3865508707400}
2026-08-20 22:25:22 INFO  org.mongodb.driver.cluster - Setting max election id to 7fffffff000000000000012d from replica set primary ac-bd180s9-shard-00-02.yvjbs2l.mongodb.net:27017
2026-08-20 22:25:22 INFO  org.mongodb.driver.cluster - Setting max set version to 297 from replica set primary ac-bd180s9-shard-00-02.yvjbs2l.mongodb.net:27017
2026-08-20 22:25:22 INFO  org.mongodb.driver.cluster - Discovered replica set primary ac-bd180s9-shard-00-02.yvjbs2l.mongodb.net:27017
2026-08-20 22:25:22 INFO  org.mongodb.driver.connection - Opened connection [connectionId{localValue:7, serverValue:255744}] to ac-bd180s9-shard-00-02.yvjbs2l.mongodb.net:27017
2026-08-20 22:25:24 INFO  o.s.s.web.DefaultSecurityFilterChain - Will secure any request with [org.springframework.security.web.session.DisableEncodeUrlFilter@1dfe5dd1, org.springframework.security.web.context.request.async.WebAsyncManagerIntegrationFilter@1fe05fff, org.springframework.security.web.context.SecurityContextPersistenceFilter@8d29719, org.springframework.security.web.header.HeaderWriterFilter@47b961e2, org.springframework.security.web.authentication.logout.LogoutFilter@151659dd, org.springframework.security.web.authentication.www.BasicAuthenticationFilter@7fb82f73, org.springframework.security.web.savedrequest.RequestCacheAwareFilter@39e7e040, org.springframework.security.web.servletapi.SecurityContextHolderAwareRequestFilter@73ddb7ef, org.springframework.security.web.authentication.AnonymousAuthenticationFilter@6e017950, org.springframework.security.web.session.SessionManagementFilter@2d593b56, org.springframework.security.web.access.ExceptionTranslationFilter@1450ffa3, org.springframework.security.web.access.intercept.FilterSecurityInterceptor@397a10df]
2026-08-20 22:25:26 INFO  com.journalApp.service.RedisTests - Started RedisTests in 9.504 seconds (JVM running for 12.185)
2026-08-20 22:27:00 INFO  o.s.b.t.c.SpringBootTestContextBootstrapper - Neither @ContextConfiguration nor @ContextHierarchy found for test class [com.journalApp.service.RedisTests], using SpringBootContextLoader
2026-08-20 22:27:00 INFO  o.s.t.c.s.AbstractContextLoader - Could not detect default resource locations for test class [com.journalApp.service.RedisTests]: no resource found for suffixes {-context.xml, Context.groovy}.
2026-08-20 22:27:00 INFO  o.s.t.c.s.AnnotationConfigContextLoaderUtils - Could not detect default configuration classes for test class [com.journalApp.service.RedisTests]: RedisTests does not declare any static, non-private, non-final, nested classes annotated with @Configuration.
2026-08-20 22:27:00 INFO  o.s.b.t.c.SpringBootTestContextBootstrapper - Found @SpringBootConfiguration com.journalApp.JournalAppApplication for test class com.journalApp.service.RedisTests
2026-08-20 22:27:01 INFO  o.s.b.t.c.SpringBootTestContextBootstrapper - Loaded default TestExecutionListener class names from location [META-INF/spring.factories]: [org.springframework.boot.test.mock.mockito.MockitoTestExecutionListener, org.springframework.boot.test.mock.mockito.ResetMocksTestExecutionListener, org.springframework.boot.test.autoconfigure.restdocs.RestDocsTestExecutionListener, org.springframework.boot.test.autoconfigure.web.client.MockRestServiceServerResetTestExecutionListener, org.springframework.boot.test.autoconfigure.web.servlet.MockMvcPrintOnlyOnFailureTestExecutionListener, org.springframework.boot.test.autoconfigure.web.servlet.WebDriverTestExecutionListener, org.springframework.boot.test.autoconfigure.webservices.client.MockWebServiceServerTestExecutionListener, org.springframework.test.context.web.ServletTestExecutionListener, org.springframework.test.context.support.DirtiesContextBeforeModesTestExecutionListener, org.springframework.test.context.event.ApplicationEventsTestExecutionListener, org.springframework.test.context.support.DependencyInjectionTestExecutionListener, org.springframework.test.context.support.DirtiesContextTestExecutionListener, org.springframework.test.context.transaction.TransactionalTestExecutionListener, org.springframework.test.context.jdbc.SqlScriptsTestExecutionListener, org.springframework.test.context.event.EventPublishingTestExecutionListener]
2026-08-20 22:27:01 INFO  o.s.b.t.c.SpringBootTestContextBootstrapper - Using TestExecutionListeners: [org.springframework.test.context.web.ServletTestExecutionListener@f19c9d2, org.springframework.test.context.support.DirtiesContextBeforeModesTestExecutionListener@7807ac2c, org.springframework.test.context.event.ApplicationEventsTestExecutionListener@b91d8c4, org.springframework.boot.test.mock.mockito.MockitoTestExecutionListener@4b6166aa, org.springframework.boot.test.autoconfigure.SpringBootDependencyInjectionTestExecutionListener@a77614d, org.springframework.test.context.support.DirtiesContextTestExecutionListener@4fd4cae3, org.springframework.test.context.transaction.TransactionalTestExecutionListener@4a067c25, org.springframework.test.context.jdbc.SqlScriptsTestExecutionListener@a1217f9, org.springframework.test.context.event.EventPublishingTestExecutionListener@3bde62ff, org.springframework.boot.test.mock.mockito.ResetMocksTestExecutionListener@523424b5, org.springframework.boot.test.autoconfigure.restdocs.RestDocsTestExecutionListener@2baa8d82, org.springframework.boot.test.autoconfigure.web.client.MockRestServiceServerResetTestExecutionListener@319dead1, org.springframework.boot.test.autoconfigure.web.servlet.MockMvcPrintOnlyOnFailureTestExecutionListener@791cbf87, org.springframework.boot.test.autoconfigure.web.servlet.WebDriverTestExecutionListener@a7e2d9d, org.springframework.boot.test.autoconfigure.webservices.client.MockWebServiceServerTestExecutionListener@754777cd]
2026-08-20 22:27:02 INFO  com.journalApp.service.RedisTests - Starting RedisTests using Java 21.0.4 on SHAHID with PID 20572 (started by MD SHAHID ANSARI in C:\Users\MD SHAHID ANSARI\IdeaProjects\journalApp\journalApp)
2026-08-20 22:27:02 INFO  com.journalApp.service.RedisTests - The following 1 profile is active: "dev"
2026-08-20 22:27:04 INFO  o.s.d.r.c.RepositoryConfigurationDelegate - Multiple Spring Data modules found, entering strict repository configuration mode
2026-08-20 22:27:04 INFO  o.s.d.r.c.RepositoryConfigurationDelegate - Bootstrapping Spring Data MongoDB repositories in DEFAULT mode.
2026-08-20 22:27:05 INFO  o.s.d.r.c.RepositoryConfigurationDelegate - Finished Spring Data repository scanning in 336 ms. Found 3 MongoDB repository interfaces.
2026-08-20 22:27:05 INFO  o.s.d.r.c.RepositoryConfigurationDelegate - Multiple Spring Data modules found, entering strict repository configuration mode
2026-08-20 22:27:05 INFO  o.s.d.r.c.RepositoryConfigurationDelegate - Bootstrapping Spring Data Redis repositories in DEFAULT mode.
2026-08-20 22:27:05 INFO  o.s.d.r.c.RepositoryConfigurationExtensionSupport - Spring Data Redis - Could not safely identify store assignment for repository candidate interface com.journalApp.repository.ConfigJournalAppRepository; If you want this repository to be a Redis repository, consider annotating your entities with one of these annotations: org.springframework.data.redis.core.RedisHash (preferred), or consider extending one of the following types with your repository: org.springframework.data.keyvalue.repository.KeyValueRepository
2026-08-20 22:27:05 INFO  o.s.d.r.c.RepositoryConfigurationExtensionSupport - Spring Data Redis - Could not safely identify store assignment for repository candidate interface com.journalApp.repository.JournalEntryRepository; If you want this repository to be a Redis repository, consider annotating your entities with one of these annotations: org.springframework.data.redis.core.RedisHash (preferred), or consider extending one of the following types with your repository: org.springframework.data.keyvalue.repository.KeyValueRepository
2026-08-20 22:27:05 INFO  o.s.d.r.c.RepositoryConfigurationExtensionSupport - Spring Data Redis - Could not safely identify store assignment for repository candidate interface com.journalApp.repository.UserRepository; If you want this repository to be a Redis repository, consider annotating your entities with one of these annotations: org.springframework.data.redis.core.RedisHash (preferred), or consider extending one of the following types with your repository: org.springframework.data.keyvalue.repository.KeyValueRepository
2026-08-20 22:27:05 INFO  o.s.d.r.c.RepositoryConfigurationDelegate - Finished Spring Data repository scanning in 19 ms. Found 0 Redis repository interfaces.
2026-08-20 22:27:06 INFO  org.mongodb.driver.client - MongoClient with metadata {"driver": {"name": "mongo-java-driver|sync|spring-boot", "version": "4.6.1"}, "os": {"type": "Windows", "name": "Windows 11", "architecture": "amd64", "version": "10.0"}, "platform": "Java/Oracle Corporation/21.0.4+8-LTS-274", "application": {"name": "Cluster0"}} created with settings MongoClientSettings{readPreference=primary, writeConcern=WriteConcern{w=null, wTimeout=null ms, journal=null}, retryWrites=true, retryReads=true, readConcern=ReadConcern{level=null}, credential=MongoCredential{mechanism=null, userName='mdshahidans2005_db_user', source='admin', password=<hidden>, mechanismProperties=<hidden>}, streamFactoryFactory=null, commandListeners=[], codecRegistry=ProvidersCodecRegistry{codecProviders=[ValueCodecProvider{}, BsonValueCodecProvider{}, DBRefCodecProvider{}, DBObjectCodecProvider{}, DocumentCodecProvider{}, IterableCodecProvider{}, MapCodecProvider{}, GeoJsonCodecProvider{}, GridFSFileCodecProvider{}, Jsr310CodecProvider{}, JsonObjectCodecProvider{}, BsonCodecProvider{}, EnumCodecProvider{}, com.mongodb.Jep395RecordCodecProvider@6df4af5]}, clusterSettings={hosts=[127.0.0.1:27017], srvHost=cluster0.yvjbs2l.mongodb.net, srvServiceName=mongodb, mode=MULTIPLE, requiredClusterType=REPLICA_SET, requiredReplicaSetName='atlas-lpe6sk-shard-0', serverSelector='null', clusterListeners='[]', serverSelectionTimeout='30000 ms', localThreshold='30000 ms'}, socketSettings=SocketSettings{connectTimeoutMS=10000, readTimeoutMS=0, receiveBufferSize=0, sendBufferSize=0}, heartbeatSocketSettings=SocketSettings{connectTimeoutMS=10000, readTimeoutMS=10000, receiveBufferSize=0, sendBufferSize=0}, connectionPoolSettings=ConnectionPoolSettings{maxSize=100, minSize=0, maxWaitTimeMS=120000, maxConnectionLifeTimeMS=0, maxConnectionIdleTimeMS=0, maintenanceInitialDelayMS=0, maintenanceFrequencyMS=60000, connectionPoolListeners=[], maxConnecting=2}, serverSettings=ServerSettings{heartbeatFrequencyMS=10000, minHeartbeatFrequencyMS=500, serverListeners='[]', serverMonitorListeners='[]'}, sslSettings=SslSettings{enabled=true, invalidHostNameAllowed=false, context=null}, applicationName='Cluster0', compressorList=[], uuidRepresentation=JAVA_LEGACY, serverApi=null, autoEncryptionSettings=null, contextProvider=null}
2026-08-20 22:27:06 INFO  org.mongodb.driver.cluster - Adding discovered server ac-bd180s9-shard-00-00.yvjbs2l.mongodb.net:27017 to client view of cluster
2026-08-20 22:27:06 INFO  org.mongodb.driver.cluster - Adding discovered server ac-bd180s9-shard-00-01.yvjbs2l.mongodb.net:27017 to client view of cluster
2026-08-20 22:27:06 INFO  org.mongodb.driver.cluster - Adding discovered server ac-bd180s9-shard-00-02.yvjbs2l.mongodb.net:27017 to client view of cluster
2026-08-20 22:27:07 INFO  org.mongodb.driver.cluster - No server chosen by com.mongodb.client.internal.MongoClientDelegate$1@c5e69a5 from cluster description ClusterDescription{type=REPLICA_SET, connectionMode=MULTIPLE, serverDescriptions=[ServerDescription{address=ac-bd180s9-shard-00-00.yvjbs2l.mongodb.net:27017, type=UNKNOWN, state=CONNECTING}, ServerDescription{address=ac-bd180s9-shard-00-02.yvjbs2l.mongodb.net:27017, type=UNKNOWN, state=CONNECTING}, ServerDescription{address=ac-bd180s9-shard-00-01.yvjbs2l.mongodb.net:27017, type=UNKNOWN, state=CONNECTING}]}. Waiting for 30000 ms before timing out
2026-08-20 22:27:08 INFO  org.mongodb.driver.connection - Opened connection [connectionId{localValue:4, serverValue:248137}] to ac-bd180s9-shard-00-01.yvjbs2l.mongodb.net:27017
2026-08-20 22:27:08 INFO  org.mongodb.driver.connection - Opened connection [connectionId{localValue:1, serverValue:248137}] to ac-bd180s9-shard-00-01.yvjbs2l.mongodb.net:27017
2026-08-20 22:27:08 INFO  org.mongodb.driver.connection - Opened connection [connectionId{localValue:2, serverValue:255790}] to ac-bd180s9-shard-00-02.yvjbs2l.mongodb.net:27017
2026-08-20 22:27:08 INFO  org.mongodb.driver.connection - Opened connection [connectionId{localValue:5, serverValue:251439}] to ac-bd180s9-shard-00-00.yvjbs2l.mongodb.net:27017
2026-08-20 22:27:08 INFO  org.mongodb.driver.connection - Opened connection [connectionId{localValue:6, serverValue:251437}] to ac-bd180s9-shard-00-00.yvjbs2l.mongodb.net:27017
2026-08-20 22:27:08 INFO  org.mongodb.driver.connection - Opened connection [connectionId{localValue:3, serverValue:255790}] to ac-bd180s9-shard-00-02.yvjbs2l.mongodb.net:27017
2026-08-20 22:27:08 INFO  org.mongodb.driver.cluster - Monitor thread successfully connected to server with description ServerDescription{address=ac-bd180s9-shard-00-01.yvjbs2l.mongodb.net:27017, type=REPLICA_SET_SECONDARY, state=CONNECTED, ok=true, minWireVersion=0, maxWireVersion=25, maxDocumentSize=16777216, logicalSessionTimeoutMinutes=30, roundTripTimeNanos=710330400, setName='atlas-lpe6sk-shard-0', canonicalAddress=ac-bd180s9-shard-00-01.yvjbs2l.mongodb.net:27017, hosts=[ac-bd180s9-shard-00-01.yvjbs2l.mongodb.net:27017, ac-bd180s9-shard-00-02.yvjbs2l.mongodb.net:27017, ac-bd180s9-shard-00-00.yvjbs2l.mongodb.net:27017], passives=[], arbiters=[], primary='ac-bd180s9-shard-00-02.yvjbs2l.mongodb.net:27017', tagSet=TagSet{[Tag{name='availabilityZone', value='aps1-az3'}, Tag{name='cacheState', value='READY'}, Tag{name='diskState', value='READY'}, Tag{name='nodeType', value='ELECTABLE'}, Tag{name='provider', value='AWS'}, Tag{name='region', value='AP_SOUTH_1'}, Tag{name='workloadType', value='OPERATIONAL'}]}, electionId=null, setVersion=297, topologyVersion=TopologyVersion{processId=6a7b3fc5ee64108dce410aaf, counter=5}, lastWriteDate=Thu Aug 20 22:27:07 IST 2026, lastUpdateTimeNanos=3971247968200}
2026-08-20 22:27:08 INFO  org.mongodb.driver.cluster - Monitor thread successfully connected to server with description ServerDescription{address=ac-bd180s9-shard-00-00.yvjbs2l.mongodb.net:27017, type=REPLICA_SET_SECONDARY, state=CONNECTED, ok=true, minWireVersion=0, maxWireVersion=25, maxDocumentSize=16777216, logicalSessionTimeoutMinutes=30, roundTripTimeNanos=710329800, setName='atlas-lpe6sk-shard-0', canonicalAddress=ac-bd180s9-shard-00-00.yvjbs2l.mongodb.net:27017, hosts=[ac-bd180s9-shard-00-01.yvjbs2l.mongodb.net:27017, ac-bd180s9-shard-00-02.yvjbs2l.mongodb.net:27017, ac-bd180s9-shard-00-00.yvjbs2l.mongodb.net:27017], passives=[], arbiters=[], primary='ac-bd180s9-shard-00-02.yvjbs2l.mongodb.net:27017', tagSet=TagSet{[Tag{name='availabilityZone', value='aps1-az1'}, Tag{name='cacheState', value='READY'}, Tag{name='diskState', value='READY'}, Tag{name='nodeType', value='ELECTABLE'}, Tag{name='provider', value='AWS'}, Tag{name='region', value='AP_SOUTH_1'}, Tag{name='workloadType', value='OPERATIONAL'}]}, electionId=null, setVersion=297, topologyVersion=TopologyVersion{processId=6a7b3ab66a60f4deb1771140, counter=10}, lastWriteDate=Thu Aug 20 22:27:07 IST 2026, lastUpdateTimeNanos=3971247967700}
2026-08-20 22:27:08 INFO  org.mongodb.driver.cluster - Monitor thread successfully connected to server with description ServerDescription{address=ac-bd180s9-shard-00-02.yvjbs2l.mongodb.net:27017, type=REPLICA_SET_PRIMARY, state=CONNECTED, ok=true, minWireVersion=0, maxWireVersion=25, maxDocumentSize=16777216, logicalSessionTimeoutMinutes=30, roundTripTimeNanos=710330300, setName='atlas-lpe6sk-shard-0', canonicalAddress=ac-bd180s9-shard-00-02.yvjbs2l.mongodb.net:27017, hosts=[ac-bd180s9-shard-00-01.yvjbs2l.mongodb.net:27017, ac-bd180s9-shard-00-02.yvjbs2l.mongodb.net:27017, ac-bd180s9-shard-00-00.yvjbs2l.mongodb.net:27017], passives=[], arbiters=[], primary='ac-bd180s9-shard-00-02.yvjbs2l.mongodb.net:27017', tagSet=TagSet{[Tag{name='availabilityZone', value='aps1-az2'}, Tag{name='cacheState', value='READY'}, Tag{name='diskState', value='READY'}, Tag{name='nodeType', value='ELECTABLE'}, Tag{name='provider', value='AWS'}, Tag{name='region', value='AP_SOUTH_1'}, Tag{name='workloadType', value='OPERATIONAL'}]}, electionId=7fffffff000000000000012d, setVersion=297, topologyVersion=TopologyVersion{processId=6a7b3d358e68804eae9a242f, counter=10}, lastWriteDate=Thu Aug 20 22:27:07 IST 2026, lastUpdateTimeNanos=3971247968100}
2026-08-20 22:27:08 INFO  org.mongodb.driver.cluster - Setting max election id to 7fffffff000000000000012d from replica set primary ac-bd180s9-shard-00-02.yvjbs2l.mongodb.net:27017
2026-08-20 22:27:08 INFO  org.mongodb.driver.cluster - Setting max set version to 297 from replica set primary ac-bd180s9-shard-00-02.yvjbs2l.mongodb.net:27017
2026-08-20 22:27:08 INFO  org.mongodb.driver.cluster - Discovered replica set primary ac-bd180s9-shard-00-02.yvjbs2l.mongodb.net:27017
2026-08-20 22:27:08 INFO  org.mongodb.driver.connection - Opened connection [connectionId{localValue:7, serverValue:255790}] to ac-bd180s9-shard-00-02.yvjbs2l.mongodb.net:27017
2026-08-20 22:27:10 INFO  o.s.s.web.DefaultSecurityFilterChain - Will secure any request with [org.springframework.security.web.session.DisableEncodeUrlFilter@5f9a8ddc, org.springframework.security.web.context.request.async.WebAsyncManagerIntegrationFilter@1280bae3, org.springframework.security.web.context.SecurityContextPersistenceFilter@4bbc02ef, org.springframework.security.web.header.HeaderWriterFilter@1dbc607d, org.springframework.security.web.authentication.logout.LogoutFilter@799971ac, org.springframework.security.web.authentication.www.BasicAuthenticationFilter@497921d0, org.springframework.security.web.savedrequest.RequestCacheAwareFilter@361f26b4, org.springframework.security.web.servletapi.SecurityContextHolderAwareRequestFilter@4990b335, org.springframework.security.web.authentication.AnonymousAuthenticationFilter@256a5df0, org.springframework.security.web.session.SessionManagementFilter@6a552721, org.springframework.security.web.access.ExceptionTranslationFilter@41026e5c, org.springframework.security.web.access.intercept.FilterSecurityInterceptor@79144d0e]
2026-08-20 22:27:12 INFO  com.journalApp.service.RedisTests - Started RedisTests in 11.291 seconds (JVM running for 15.657)
2026-08-20 22:30:28 INFO  o.s.b.t.c.SpringBootTestContextBootstrapper - Neither @ContextConfiguration nor @ContextHierarchy found for test class [com.journalApp.service.RedisTests], using SpringBootContextLoader
2026-08-20 22:30:28 INFO  o.s.t.c.s.AbstractContextLoader - Could not detect default resource locations for test class [com.journalApp.service.RedisTests]: no resource found for suffixes {-context.xml, Context.groovy}.
2026-08-20 22:30:28 INFO  o.s.t.c.s.AnnotationConfigContextLoaderUtils - Could not detect default configuration classes for test class [com.journalApp.service.RedisTests]: RedisTests does not declare any static, non-private, non-final, nested classes annotated with @Configuration.
2026-08-20 22:30:28 INFO  o.s.b.t.c.SpringBootTestContextBootstrapper - Found @SpringBootConfiguration com.journalApp.JournalAppApplication for test class com.journalApp.service.RedisTests
2026-08-20 22:30:28 INFO  o.s.b.t.c.SpringBootTestContextBootstrapper - Loaded default TestExecutionListener class names from location [META-INF/spring.factories]: [org.springframework.boot.test.mock.mockito.MockitoTestExecutionListener, org.springframework.boot.test.mock.mockito.ResetMocksTestExecutionListener, org.springframework.boot.test.autoconfigure.restdocs.RestDocsTestExecutionListener, org.springframework.boot.test.autoconfigure.web.client.MockRestServiceServerResetTestExecutionListener, org.springframework.boot.test.autoconfigure.web.servlet.MockMvcPrintOnlyOnFailureTestExecutionListener, org.springframework.boot.test.autoconfigure.web.servlet.WebDriverTestExecutionListener, org.springframework.boot.test.autoconfigure.webservices.client.MockWebServiceServerTestExecutionListener, org.springframework.test.context.web.ServletTestExecutionListener, org.springframework.test.context.support.DirtiesContextBeforeModesTestExecutionListener, org.springframework.test.context.event.ApplicationEventsTestExecutionListener, org.springframework.test.context.support.DependencyInjectionTestExecutionListener, org.springframework.test.context.support.DirtiesContextTestExecutionListener, org.springframework.test.context.transaction.TransactionalTestExecutionListener, org.springframework.test.context.jdbc.SqlScriptsTestExecutionListener, org.springframework.test.context.event.EventPublishingTestExecutionListener]
2026-08-20 22:30:28 INFO  o.s.b.t.c.SpringBootTestContextBootstrapper - Using TestExecutionListeners: [org.springframework.test.context.web.ServletTestExecutionListener@1d8062d2, org.springframework.test.context.support.DirtiesContextBeforeModesTestExecutionListener@1e63ec0b, org.springframework.test.context.event.ApplicationEventsTestExecutionListener@3b956878, org.springframework.boot.test.mock.mockito.MockitoTestExecutionListener@36546a22, org.springframework.boot.test.autoconfigure.SpringBootDependencyInjectionTestExecutionListener@285c08c8, org.springframework.test.context.support.DirtiesContextTestExecutionListener@295eaa7c, org.springframework.test.context.transaction.TransactionalTestExecutionListener@3918c187, org.springframework.test.context.jdbc.SqlScriptsTestExecutionListener@2c88b9fc, org.springframework.test.context.event.EventPublishingTestExecutionListener@64dafeed, org.springframework.boot.test.mock.mockito.ResetMocksTestExecutionListener@388ba540, org.springframework.boot.test.autoconfigure.restdocs.RestDocsTestExecutionListener@47605f2f, org.springframework.boot.test.autoconfigure.web.client.MockRestServiceServerResetTestExecutionListener@2ece4966, org.springframework.boot.test.autoconfigure.web.servlet.MockMvcPrintOnlyOnFailureTestExecutionListener@1dd0e7c4, org.springframework.boot.test.autoconfigure.web.servlet.WebDriverTestExecutionListener@7894f09b, org.springframework.boot.test.autoconfigure.webservices.client.MockWebServiceServerTestExecutionListener@3d484181]
2026-08-20 22:30:29 INFO  com.journalApp.service.RedisTests - Starting RedisTests using Java 21.0.4 on SHAHID with PID 22892 (started by MD SHAHID ANSARI in C:\Users\MD SHAHID ANSARI\IdeaProjects\journalApp\journalApp)
2026-08-20 22:30:29 INFO  com.journalApp.service.RedisTests - The following 1 profile is active: "dev"
2026-08-20 22:30:31 INFO  o.s.d.r.c.RepositoryConfigurationDelegate - Multiple Spring Data modules found, entering strict repository configuration mode
2026-08-20 22:30:31 INFO  o.s.d.r.c.RepositoryConfigurationDelegate - Bootstrapping Spring Data MongoDB repositories in DEFAULT mode.
2026-08-20 22:30:31 INFO  o.s.d.r.c.RepositoryConfigurationDelegate - Finished Spring Data repository scanning in 281 ms. Found 3 MongoDB repository interfaces.
2026-08-20 22:30:31 INFO  o.s.d.r.c.RepositoryConfigurationDelegate - Multiple Spring Data modules found, entering strict repository configuration mode
2026-08-20 22:30:31 INFO  o.s.d.r.c.RepositoryConfigurationDelegate - Bootstrapping Spring Data Redis repositories in DEFAULT mode.
2026-08-20 22:30:31 INFO  o.s.d.r.c.RepositoryConfigurationExtensionSupport - Spring Data Redis - Could not safely identify store assignment for repository candidate interface com.journalApp.repository.ConfigJournalAppRepository; If you want this repository to be a Redis repository, consider annotating your entities with one of these annotations: org.springframework.data.redis.core.RedisHash (preferred), or consider extending one of the following types with your repository: org.springframework.data.keyvalue.repository.KeyValueRepository
2026-08-20 22:30:31 INFO  o.s.d.r.c.RepositoryConfigurationExtensionSupport - Spring Data Redis - Could not safely identify store assignment for repository candidate interface com.journalApp.repository.JournalEntryRepository; If you want this repository to be a Redis repository, consider annotating your entities with one of these annotations: org.springframework.data.redis.core.RedisHash (preferred), or consider extending one of the following types with your repository: org.springframework.data.keyvalue.repository.KeyValueRepository
2026-08-20 22:30:31 INFO  o.s.d.r.c.RepositoryConfigurationExtensionSupport - Spring Data Redis - Could not safely identify store assignment for repository candidate interface com.journalApp.repository.UserRepository; If you want this repository to be a Redis repository, consider annotating your entities with one of these annotations: org.springframework.data.redis.core.RedisHash (preferred), or consider extending one of the following types with your repository: org.springframework.data.keyvalue.repository.KeyValueRepository
2026-08-20 22:30:31 INFO  o.s.d.r.c.RepositoryConfigurationDelegate - Finished Spring Data repository scanning in 14 ms. Found 0 Redis repository interfaces.
2026-08-20 22:30:33 INFO  org.mongodb.driver.client - MongoClient with metadata {"driver": {"name": "mongo-java-driver|sync|spring-boot", "version": "4.6.1"}, "os": {"type": "Windows", "name": "Windows 11", "architecture": "amd64", "version": "10.0"}, "platform": "Java/Oracle Corporation/21.0.4+8-LTS-274", "application": {"name": "Cluster0"}} created with settings MongoClientSettings{readPreference=primary, writeConcern=WriteConcern{w=null, wTimeout=null ms, journal=null}, retryWrites=true, retryReads=true, readConcern=ReadConcern{level=null}, credential=MongoCredential{mechanism=null, userName='mdshahidans2005_db_user', source='admin', password=<hidden>, mechanismProperties=<hidden>}, streamFactoryFactory=null, commandListeners=[], codecRegistry=ProvidersCodecRegistry{codecProviders=[ValueCodecProvider{}, BsonValueCodecProvider{}, DBRefCodecProvider{}, DBObjectCodecProvider{}, DocumentCodecProvider{}, IterableCodecProvider{}, MapCodecProvider{}, GeoJsonCodecProvider{}, GridFSFileCodecProvider{}, Jsr310CodecProvider{}, JsonObjectCodecProvider{}, BsonCodecProvider{}, EnumCodecProvider{}, com.mongodb.Jep395RecordCodecProvider@15c6027d]}, clusterSettings={hosts=[127.0.0.1:27017], srvHost=cluster0.yvjbs2l.mongodb.net, srvServiceName=mongodb, mode=MULTIPLE, requiredClusterType=REPLICA_SET, requiredReplicaSetName='atlas-lpe6sk-shard-0', serverSelector='null', clusterListeners='[]', serverSelectionTimeout='30000 ms', localThreshold='30000 ms'}, socketSettings=SocketSettings{connectTimeoutMS=10000, readTimeoutMS=0, receiveBufferSize=0, sendBufferSize=0}, heartbeatSocketSettings=SocketSettings{connectTimeoutMS=10000, readTimeoutMS=10000, receiveBufferSize=0, sendBufferSize=0}, connectionPoolSettings=ConnectionPoolSettings{maxSize=100, minSize=0, maxWaitTimeMS=120000, maxConnectionLifeTimeMS=0, maxConnectionIdleTimeMS=0, maintenanceInitialDelayMS=0, maintenanceFrequencyMS=60000, connectionPoolListeners=[], maxConnecting=2}, serverSettings=ServerSettings{heartbeatFrequencyMS=10000, minHeartbeatFrequencyMS=500, serverListeners='[]', serverMonitorListeners='[]'}, sslSettings=SslSettings{enabled=true, invalidHostNameAllowed=false, context=null}, applicationName='Cluster0', compressorList=[], uuidRepresentation=JAVA_LEGACY, serverApi=null, autoEncryptionSettings=null, contextProvider=null}
2026-08-20 22:30:33 INFO  org.mongodb.driver.cluster - Adding discovered server ac-bd180s9-shard-00-00.yvjbs2l.mongodb.net:27017 to client view of cluster
2026-08-20 22:30:34 INFO  org.mongodb.driver.cluster - Adding discovered server ac-bd180s9-shard-00-01.yvjbs2l.mongodb.net:27017 to client view of cluster
2026-08-20 22:30:34 INFO  org.mongodb.driver.cluster - Adding discovered server ac-bd180s9-shard-00-02.yvjbs2l.mongodb.net:27017 to client view of cluster
2026-08-20 22:30:34 INFO  org.mongodb.driver.cluster - No server chosen by com.mongodb.client.internal.MongoClientDelegate$1@19cdc217 from cluster description ClusterDescription{type=REPLICA_SET, connectionMode=MULTIPLE, serverDescriptions=[ServerDescription{address=ac-bd180s9-shard-00-00.yvjbs2l.mongodb.net:27017, type=UNKNOWN, state=CONNECTING}, ServerDescription{address=ac-bd180s9-shard-00-02.yvjbs2l.mongodb.net:27017, type=UNKNOWN, state=CONNECTING}, ServerDescription{address=ac-bd180s9-shard-00-01.yvjbs2l.mongodb.net:27017, type=UNKNOWN, state=CONNECTING}]}. Waiting for 30000 ms before timing out
2026-08-20 22:30:35 INFO  org.mongodb.driver.connection - Opened connection [connectionId{localValue:6, serverValue:251533}] to ac-bd180s9-shard-00-00.yvjbs2l.mongodb.net:27017
2026-08-20 22:30:35 INFO  org.mongodb.driver.connection - Opened connection [connectionId{localValue:3, serverValue:255940}] to ac-bd180s9-shard-00-02.yvjbs2l.mongodb.net:27017
2026-08-20 22:30:35 INFO  org.mongodb.driver.connection - Opened connection [connectionId{localValue:4, serverValue:248223}] to ac-bd180s9-shard-00-01.yvjbs2l.mongodb.net:27017
2026-08-20 22:30:35 INFO  org.mongodb.driver.connection - Opened connection [connectionId{localValue:2, serverValue:248220}] to ac-bd180s9-shard-00-01.yvjbs2l.mongodb.net:27017
2026-08-20 22:30:35 INFO  org.mongodb.driver.connection - Opened connection [connectionId{localValue:5, serverValue:255940}] to ac-bd180s9-shard-00-02.yvjbs2l.mongodb.net:27017
2026-08-20 22:30:35 INFO  org.mongodb.driver.connection - Opened connection [connectionId{localValue:1, serverValue:251533}] to ac-bd180s9-shard-00-00.yvjbs2l.mongodb.net:27017
2026-08-20 22:30:35 INFO  org.mongodb.driver.cluster - Monitor thread successfully connected to server with description ServerDescription{address=ac-bd180s9-shard-00-00.yvjbs2l.mongodb.net:27017, type=REPLICA_SET_SECONDARY, state=CONNECTED, ok=true, minWireVersion=0, maxWireVersion=25, maxDocumentSize=16777216, logicalSessionTimeoutMinutes=30, roundTripTimeNanos=1116291500, setName='atlas-lpe6sk-shard-0', canonicalAddress=ac-bd180s9-shard-00-00.yvjbs2l.mongodb.net:27017, hosts=[ac-bd180s9-shard-00-01.yvjbs2l.mongodb.net:27017, ac-bd180s9-shard-00-02.yvjbs2l.mongodb.net:27017, ac-bd180s9-shard-00-00.yvjbs2l.mongodb.net:27017], passives=[], arbiters=[], primary='ac-bd180s9-shard-00-02.yvjbs2l.mongodb.net:27017', tagSet=TagSet{[Tag{name='availabilityZone', value='aps1-az1'}, Tag{name='cacheState', value='READY'}, Tag{name='diskState', value='READY'}, Tag{name='nodeType', value='ELECTABLE'}, Tag{name='provider', value='AWS'}, Tag{name='region', value='AP_SOUTH_1'}, Tag{name='workloadType', value='OPERATIONAL'}]}, electionId=null, setVersion=297, topologyVersion=TopologyVersion{processId=6a7b3ab66a60f4deb1771140, counter=10}, lastWriteDate=Thu Aug 20 22:30:34 IST 2026, lastUpdateTimeNanos=4179052320200}
2026-08-20 22:30:35 INFO  org.mongodb.driver.cluster - Monitor thread successfully connected to server with description ServerDescription{address=ac-bd180s9-shard-00-01.yvjbs2l.mongodb.net:27017, type=REPLICA_SET_SECONDARY, state=CONNECTED, ok=true, minWireVersion=0, maxWireVersion=25, maxDocumentSize=16777216, logicalSessionTimeoutMinutes=30, roundTripTimeNanos=1116631300, setName='atlas-lpe6sk-shard-0', canonicalAddress=ac-bd180s9-shard-00-01.yvjbs2l.mongodb.net:27017, hosts=[ac-bd180s9-shard-00-01.yvjbs2l.mongodb.net:27017, ac-bd180s9-shard-00-02.yvjbs2l.mongodb.net:27017, ac-bd180s9-shard-00-00.yvjbs2l.mongodb.net:27017], passives=[], arbiters=[], primary='ac-bd180s9-shard-00-02.yvjbs2l.mongodb.net:27017', tagSet=TagSet{[Tag{name='availabilityZone', value='aps1-az3'}, Tag{name='cacheState', value='READY'}, Tag{name='diskState', value='READY'}, Tag{name='nodeType', value='ELECTABLE'}, Tag{name='provider', value='AWS'}, Tag{name='region', value='AP_SOUTH_1'}, Tag{name='workloadType', value='OPERATIONAL'}]}, electionId=null, setVersion=297, topologyVersion=TopologyVersion{processId=6a7b3fc5ee64108dce410aaf, counter=5}, lastWriteDate=Thu Aug 20 22:30:34 IST 2026, lastUpdateTimeNanos=4179052655100}
2026-08-20 22:30:35 INFO  org.mongodb.driver.cluster - Monitor thread successfully connected to server with description ServerDescription{address=ac-bd180s9-shard-00-02.yvjbs2l.mongodb.net:27017, type=REPLICA_SET_PRIMARY, state=CONNECTED, ok=true, minWireVersion=0, maxWireVersion=25, maxDocumentSize=16777216, logicalSessionTimeoutMinutes=30, roundTripTimeNanos=1116103399, setName='atlas-lpe6sk-shard-0', canonicalAddress=ac-bd180s9-shard-00-02.yvjbs2l.mongodb.net:27017, hosts=[ac-bd180s9-shard-00-01.yvjbs2l.mongodb.net:27017, ac-bd180s9-shard-00-02.yvjbs2l.mongodb.net:27017, ac-bd180s9-shard-00-00.yvjbs2l.mongodb.net:27017], passives=[], arbiters=[], primary='ac-bd180s9-shard-00-02.yvjbs2l.mongodb.net:27017', tagSet=TagSet{[Tag{name='availabilityZone', value='aps1-az2'}, Tag{name='cacheState', value='READY'}, Tag{name='diskState', value='READY'}, Tag{name='nodeType', value='ELECTABLE'}, Tag{name='provider', value='AWS'}, Tag{name='region', value='AP_SOUTH_1'}, Tag{name='workloadType', value='OPERATIONAL'}]}, electionId=7fffffff000000000000012d, setVersion=297, topologyVersion=TopologyVersion{processId=6a7b3d358e68804eae9a242f, counter=10}, lastWriteDate=Thu Aug 20 22:30:34 IST 2026, lastUpdateTimeNanos=4179052320000}
2026-08-20 22:30:35 INFO  org.mongodb.driver.cluster - Setting max election id to 7fffffff000000000000012d from replica set primary ac-bd180s9-shard-00-02.yvjbs2l.mongodb.net:27017
2026-08-20 22:30:35 INFO  org.mongodb.driver.cluster - Setting max set version to 297 from replica set primary ac-bd180s9-shard-00-02.yvjbs2l.mongodb.net:27017
2026-08-20 22:30:35 INFO  org.mongodb.driver.cluster - Discovered replica set primary ac-bd180s9-shard-00-02.yvjbs2l.mongodb.net:27017
2026-08-20 22:30:36 INFO  org.mongodb.driver.connection - Opened connection [connectionId{localValue:7, serverValue:255956}] to ac-bd180s9-shard-00-02.yvjbs2l.mongodb.net:27017
2026-08-20 22:30:39 INFO  o.s.s.web.DefaultSecurityFilterChain - Will secure any request with [org.springframework.security.web.session.DisableEncodeUrlFilter@68c4a860, org.springframework.security.web.context.request.async.WebAsyncManagerIntegrationFilter@570ed9c, org.springframework.security.web.context.SecurityContextPersistenceFilter@26a33cf, org.springframework.security.web.header.HeaderWriterFilter@45ad3cd8, org.springframework.security.web.authentication.logout.LogoutFilter@4f525e13, org.springframework.security.web.authentication.www.BasicAuthenticationFilter@6f655dbd, org.springframework.security.web.savedrequest.RequestCacheAwareFilter@5bf523e3, org.springframework.security.web.servletapi.SecurityContextHolderAwareRequestFilter@2591d23a, org.springframework.security.web.authentication.AnonymousAuthenticationFilter@93f15f6, org.springframework.security.web.session.SessionManagementFilter@445b85d7, org.springframework.security.web.access.ExceptionTranslationFilter@2cdb5974, org.springframework.security.web.access.intercept.FilterSecurityInterceptor@49fe0bcd]
2026-08-20 22:30:40 INFO  com.journalApp.service.RedisTests - Started RedisTests in 12.027 seconds (JVM running for 15.512)
2026-08-20 22:31:47 INFO  o.s.b.t.c.SpringBootTestContextBootstrapper - Neither @ContextConfiguration nor @ContextHierarchy found for test class [com.journalApp.service.RedisTests], using SpringBootContextLoader
2026-08-20 22:31:47 INFO  o.s.t.c.s.AbstractContextLoader - Could not detect default resource locations for test class [com.journalApp.service.RedisTests]: no resource found for suffixes {-context.xml, Context.groovy}.
2026-08-20 22:31:47 INFO  o.s.t.c.s.AnnotationConfigContextLoaderUtils - Could not detect default configuration classes for test class [com.journalApp.service.RedisTests]: RedisTests does not declare any static, non-private, non-final, nested classes annotated with @Configuration.
2026-08-20 22:31:47 INFO  o.s.b.t.c.SpringBootTestContextBootstrapper - Found @SpringBootConfiguration com.journalApp.JournalAppApplication for test class com.journalApp.service.RedisTests
2026-08-20 22:31:48 INFO  o.s.b.t.c.SpringBootTestContextBootstrapper - Loaded default TestExecutionListener class names from location [META-INF/spring.factories]: [org.springframework.boot.test.mock.mockito.MockitoTestExecutionListener, org.springframework.boot.test.mock.mockito.ResetMocksTestExecutionListener, org.springframework.boot.test.autoconfigure.restdocs.RestDocsTestExecutionListener, org.springframework.boot.test.autoconfigure.web.client.MockRestServiceServerResetTestExecutionListener, org.springframework.boot.test.autoconfigure.web.servlet.MockMvcPrintOnlyOnFailureTestExecutionListener, org.springframework.boot.test.autoconfigure.web.servlet.WebDriverTestExecutionListener, org.springframework.boot.test.autoconfigure.webservices.client.MockWebServiceServerTestExecutionListener, org.springframework.test.context.web.ServletTestExecutionListener, org.springframework.test.context.support.DirtiesContextBeforeModesTestExecutionListener, org.springframework.test.context.event.ApplicationEventsTestExecutionListener, org.springframework.test.context.support.DependencyInjectionTestExecutionListener, org.springframework.test.context.support.DirtiesContextTestExecutionListener, org.springframework.test.context.transaction.TransactionalTestExecutionListener, org.springframework.test.context.jdbc.SqlScriptsTestExecutionListener, org.springframework.test.context.event.EventPublishingTestExecutionListener]
2026-08-20 22:31:48 INFO  o.s.b.t.c.SpringBootTestContextBootstrapper - Using TestExecutionListeners: [org.springframework.test.context.web.ServletTestExecutionListener@1d8062d2, org.springframework.test.context.support.DirtiesContextBeforeModesTestExecutionListener@1e63ec0b, org.springframework.test.context.event.ApplicationEventsTestExecutionListener@3b956878, org.springframework.boot.test.mock.mockito.MockitoTestExecutionListener@36546a22, org.springframework.boot.test.autoconfigure.SpringBootDependencyInjectionTestExecutionListener@285c08c8, org.springframework.test.context.support.DirtiesContextTestExecutionListener@295eaa7c, org.springframework.test.context.transaction.TransactionalTestExecutionListener@3918c187, org.springframework.test.context.jdbc.SqlScriptsTestExecutionListener@2c88b9fc, org.springframework.test.context.event.EventPublishingTestExecutionListener@64dafeed, org.springframework.boot.test.mock.mockito.ResetMocksTestExecutionListener@388ba540, org.springframework.boot.test.autoconfigure.restdocs.RestDocsTestExecutionListener@47605f2f, org.springframework.boot.test.autoconfigure.web.client.MockRestServiceServerResetTestExecutionListener@2ece4966, org.springframework.boot.test.autoconfigure.web.servlet.MockMvcPrintOnlyOnFailureTestExecutionListener@1dd0e7c4, org.springframework.boot.test.autoconfigure.web.servlet.WebDriverTestExecutionListener@7894f09b, org.springframework.boot.test.autoconfigure.webservices.client.MockWebServiceServerTestExecutionListener@3d484181]
2026-08-20 22:31:49 INFO  com.journalApp.service.RedisTests - Starting RedisTests using Java 21.0.4 on SHAHID with PID 8708 (started by MD SHAHID ANSARI in C:\Users\MD SHAHID ANSARI\IdeaProjects\journalApp\journalApp)
2026-08-20 22:31:49 INFO  com.journalApp.service.RedisTests - The following 1 profile is active: "dev"
2026-08-20 22:31:51 INFO  o.s.d.r.c.RepositoryConfigurationDelegate - Multiple Spring Data modules found, entering strict repository configuration mode
2026-08-20 22:31:51 INFO  o.s.d.r.c.RepositoryConfigurationDelegate - Bootstrapping Spring Data MongoDB repositories in DEFAULT mode.
2026-08-20 22:31:51 INFO  o.s.d.r.c.RepositoryConfigurationDelegate - Finished Spring Data repository scanning in 419 ms. Found 3 MongoDB repository interfaces.
2026-08-20 22:31:51 INFO  o.s.d.r.c.RepositoryConfigurationDelegate - Multiple Spring Data modules found, entering strict repository configuration mode
2026-08-20 22:31:51 INFO  o.s.d.r.c.RepositoryConfigurationDelegate - Bootstrapping Spring Data Redis repositories in DEFAULT mode.
2026-08-20 22:31:51 INFO  o.s.d.r.c.RepositoryConfigurationExtensionSupport - Spring Data Redis - Could not safely identify store assignment for repository candidate interface com.journalApp.repository.ConfigJournalAppRepository; If you want this repository to be a Redis repository, consider annotating your entities with one of these annotations: org.springframework.data.redis.core.RedisHash (preferred), or consider extending one of the following types with your repository: org.springframework.data.keyvalue.repository.KeyValueRepository
2026-08-20 22:31:51 INFO  o.s.d.r.c.RepositoryConfigurationExtensionSupport - Spring Data Redis - Could not safely identify store assignment for repository candidate interface com.journalApp.repository.JournalEntryRepository; If you want this repository to be a Redis repository, consider annotating your entities with one of these annotations: org.springframework.data.redis.core.RedisHash (preferred), or consider extending one of the following types with your repository: org.springframework.data.keyvalue.repository.KeyValueRepository
2026-08-20 22:31:51 INFO  o.s.d.r.c.RepositoryConfigurationExtensionSupport - Spring Data Redis - Could not safely identify store assignment for repository candidate interface com.journalApp.repository.UserRepository; If you want this repository to be a Redis repository, consider annotating your entities with one of these annotations: org.springframework.data.redis.core.RedisHash (preferred), or consider extending one of the following types with your repository: org.springframework.data.keyvalue.repository.KeyValueRepository
2026-08-20 22:31:51 INFO  o.s.d.r.c.RepositoryConfigurationDelegate - Finished Spring Data repository scanning in 21 ms. Found 0 Redis repository interfaces.
2026-08-20 22:31:53 INFO  org.mongodb.driver.client - MongoClient with metadata {"driver": {"name": "mongo-java-driver|sync|spring-boot", "version": "4.6.1"}, "os": {"type": "Windows", "name": "Windows 11", "architecture": "amd64", "version": "10.0"}, "platform": "Java/Oracle Corporation/21.0.4+8-LTS-274", "application": {"name": "Cluster0"}} created with settings MongoClientSettings{readPreference=primary, writeConcern=WriteConcern{w=null, wTimeout=null ms, journal=null}, retryWrites=true, retryReads=true, readConcern=ReadConcern{level=null}, credential=MongoCredential{mechanism=null, userName='mdshahidans2005_db_user', source='admin', password=<hidden>, mechanismProperties=<hidden>}, streamFactoryFactory=null, commandListeners=[], codecRegistry=ProvidersCodecRegistry{codecProviders=[ValueCodecProvider{}, BsonValueCodecProvider{}, DBRefCodecProvider{}, DBObjectCodecProvider{}, DocumentCodecProvider{}, IterableCodecProvider{}, MapCodecProvider{}, GeoJsonCodecProvider{}, GridFSFileCodecProvider{}, Jsr310CodecProvider{}, JsonObjectCodecProvider{}, BsonCodecProvider{}, EnumCodecProvider{}, com.mongodb.Jep395RecordCodecProvider@3b7c58e7]}, clusterSettings={hosts=[127.0.0.1:27017], srvHost=cluster0.yvjbs2l.mongodb.net, srvServiceName=mongodb, mode=MULTIPLE, requiredClusterType=REPLICA_SET, requiredReplicaSetName='atlas-lpe6sk-shard-0', serverSelector='null', clusterListeners='[]', serverSelectionTimeout='30000 ms', localThreshold='30000 ms'}, socketSettings=SocketSettings{connectTimeoutMS=10000, readTimeoutMS=0, receiveBufferSize=0, sendBufferSize=0}, heartbeatSocketSettings=SocketSettings{connectTimeoutMS=10000, readTimeoutMS=10000, receiveBufferSize=0, sendBufferSize=0}, connectionPoolSettings=ConnectionPoolSettings{maxSize=100, minSize=0, maxWaitTimeMS=120000, maxConnectionLifeTimeMS=0, maxConnectionIdleTimeMS=0, maintenanceInitialDelayMS=0, maintenanceFrequencyMS=60000, connectionPoolListeners=[], maxConnecting=2}, serverSettings=ServerSettings{heartbeatFrequencyMS=10000, minHeartbeatFrequencyMS=500, serverListeners='[]', serverMonitorListeners='[]'}, sslSettings=SslSettings{enabled=true, invalidHostNameAllowed=false, context=null}, applicationName='Cluster0', compressorList=[], uuidRepresentation=JAVA_LEGACY, serverApi=null, autoEncryptionSettings=null, contextProvider=null}
2026-08-20 22:31:53 INFO  org.mongodb.driver.cluster - Adding discovered server ac-bd180s9-shard-00-00.yvjbs2l.mongodb.net:27017 to client view of cluster
2026-08-20 22:31:53 INFO  org.mongodb.driver.cluster - Adding discovered server ac-bd180s9-shard-00-01.yvjbs2l.mongodb.net:27017 to client view of cluster
2026-08-20 22:31:53 INFO  org.mongodb.driver.cluster - Adding discovered server ac-bd180s9-shard-00-02.yvjbs2l.mongodb.net:27017 to client view of cluster
2026-08-20 22:31:54 INFO  org.mongodb.driver.cluster - No server chosen by com.mongodb.client.internal.MongoClientDelegate$1@6d874695 from cluster description ClusterDescription{type=REPLICA_SET, connectionMode=MULTIPLE, serverDescriptions=[ServerDescription{address=ac-bd180s9-shard-00-00.yvjbs2l.mongodb.net:27017, type=UNKNOWN, state=CONNECTING}, ServerDescription{address=ac-bd180s9-shard-00-02.yvjbs2l.mongodb.net:27017, type=UNKNOWN, state=CONNECTING}, ServerDescription{address=ac-bd180s9-shard-00-01.yvjbs2l.mongodb.net:27017, type=UNKNOWN, state=CONNECTING}]}. Waiting for 30000 ms before timing out
2026-08-20 22:31:54 INFO  org.mongodb.driver.connection - Opened connection [connectionId{localValue:4, serverValue:251560}] to ac-bd180s9-shard-00-00.yvjbs2l.mongodb.net:27017
2026-08-20 22:31:54 INFO  org.mongodb.driver.connection - Opened connection [connectionId{localValue:5, serverValue:251559}] to ac-bd180s9-shard-00-00.yvjbs2l.mongodb.net:27017
2026-08-20 22:31:54 INFO  org.mongodb.driver.connection - Opened connection [connectionId{localValue:2, serverValue:248257}] to ac-bd180s9-shard-00-01.yvjbs2l.mongodb.net:27017
2026-08-20 22:31:54 INFO  org.mongodb.driver.connection - Opened connection [connectionId{localValue:6, serverValue:255873}] to ac-bd180s9-shard-00-02.yvjbs2l.mongodb.net:27017
2026-08-20 22:31:54 INFO  org.mongodb.driver.cluster - Monitor thread successfully connected to server with description ServerDescription{address=ac-bd180s9-shard-00-00.yvjbs2l.mongodb.net:27017, type=REPLICA_SET_SECONDARY, state=CONNECTED, ok=true, minWireVersion=0, maxWireVersion=25, maxDocumentSize=16777216, logicalSessionTimeoutMinutes=30, roundTripTimeNanos=669763600, setName='atlas-lpe6sk-shard-0', canonicalAddress=ac-bd180s9-shard-00-00.yvjbs2l.mongodb.net:27017, hosts=[ac-bd180s9-shard-00-01.yvjbs2l.mongodb.net:27017, ac-bd180s9-shard-00-02.yvjbs2l.mongodb.net:27017, ac-bd180s9-shard-00-00.yvjbs2l.mongodb.net:27017], passives=[], arbiters=[], primary='ac-bd180s9-shard-00-02.yvjbs2l.mongodb.net:27017', tagSet=TagSet{[Tag{name='availabilityZone', value='aps1-az1'}, Tag{name='cacheState', value='READY'}, Tag{name='diskState', value='READY'}, Tag{name='nodeType', value='ELECTABLE'}, Tag{name='provider', value='AWS'}, Tag{name='region', value='AP_SOUTH_1'}, Tag{name='workloadType', value='OPERATIONAL'}]}, electionId=null, setVersion=297, topologyVersion=TopologyVersion{processId=6a7b3ab66a60f4deb1771140, counter=10}, lastWriteDate=Thu Aug 20 22:31:54 IST 2026, lastUpdateTimeNanos=4257925529100}
2026-08-20 22:31:54 INFO  org.mongodb.driver.connection - Opened connection [connectionId{localValue:1, serverValue:248257}] to ac-bd180s9-shard-00-01.yvjbs2l.mongodb.net:27017
2026-08-20 22:31:54 INFO  org.mongodb.driver.connection - Opened connection [connectionId{localValue:3, serverValue:255956}] to ac-bd180s9-shard-00-02.yvjbs2l.mongodb.net:27017
2026-08-20 22:31:54 INFO  org.mongodb.driver.cluster - Monitor thread successfully connected to server with description ServerDescription{address=ac-bd180s9-shard-00-02.yvjbs2l.mongodb.net:27017, type=REPLICA_SET_PRIMARY, state=CONNECTED, ok=true, minWireVersion=0, maxWireVersion=25, maxDocumentSize=16777216, logicalSessionTimeoutMinutes=30, roundTripTimeNanos=668355801, setName='atlas-lpe6sk-shard-0', canonicalAddress=ac-bd180s9-shard-00-02.yvjbs2l.mongodb.net:27017, hosts=[ac-bd180s9-shard-00-01.yvjbs2l.mongodb.net:27017, ac-bd180s9-shard-00-02.yvjbs2l.mongodb.net:27017, ac-bd180s9-shard-00-00.yvjbs2l.mongodb.net:27017], passives=[], arbiters=[], primary='ac-bd180s9-shard-00-02.yvjbs2l.mongodb.net:27017', tagSet=TagSet{[Tag{name='availabilityZone', value='aps1-az2'}, Tag{name='cacheState', value='READY'}, Tag{name='diskState', value='READY'}, Tag{name='nodeType', value='ELECTABLE'}, Tag{name='provider', value='AWS'}, Tag{name='region', value='AP_SOUTH_1'}, Tag{name='workloadType', value='OPERATIONAL'}]}, electionId=7fffffff000000000000012d, setVersion=297, topologyVersion=TopologyVersion{processId=6a7b3d358e68804eae9a242f, counter=10}, lastWriteDate=Thu Aug 20 22:31:54 IST 2026, lastUpdateTimeNanos=4257925531099}
2026-08-20 22:31:54 INFO  org.mongodb.driver.cluster - Monitor thread successfully connected to server with description ServerDescription{address=ac-bd180s9-shard-00-01.yvjbs2l.mongodb.net:27017, type=REPLICA_SET_SECONDARY, state=CONNECTED, ok=true, minWireVersion=0, maxWireVersion=25, maxDocumentSize=16777216, logicalSessionTimeoutMinutes=30, roundTripTimeNanos=670119200, setName='atlas-lpe6sk-shard-0', canonicalAddress=ac-bd180s9-shard-00-01.yvjbs2l.mongodb.net:27017, hosts=[ac-bd180s9-shard-00-01.yvjbs2l.mongodb.net:27017, ac-bd180s9-shard-00-02.yvjbs2l.mongodb.net:27017, ac-bd180s9-shard-00-00.yvjbs2l.mongodb.net:27017], passives=[], arbiters=[], primary='ac-bd180s9-shard-00-02.yvjbs2l.mongodb.net:27017', tagSet=TagSet{[Tag{name='availabilityZone', value='aps1-az3'}, Tag{name='cacheState', value='READY'}, Tag{name='diskState', value='READY'}, Tag{name='nodeType', value='ELECTABLE'}, Tag{name='provider', value='AWS'}, Tag{name='region', value='AP_SOUTH_1'}, Tag{name='workloadType', value='OPERATIONAL'}]}, electionId=null, setVersion=297, topologyVersion=TopologyVersion{processId=6a7b3fc5ee64108dce410aaf, counter=5}, lastWriteDate=Thu Aug 20 22:31:54 IST 2026, lastUpdateTimeNanos=4257925878600}
2026-08-20 22:31:54 INFO  org.mongodb.driver.cluster - Setting max election id to 7fffffff000000000000012d from replica set primary ac-bd180s9-shard-00-02.yvjbs2l.mongodb.net:27017
2026-08-20 22:31:54 INFO  org.mongodb.driver.cluster - Setting max set version to 297 from replica set primary ac-bd180s9-shard-00-02.yvjbs2l.mongodb.net:27017
2026-08-20 22:31:54 INFO  org.mongodb.driver.cluster - Discovered replica set primary ac-bd180s9-shard-00-02.yvjbs2l.mongodb.net:27017
2026-08-20 22:31:55 INFO  org.mongodb.driver.connection - Opened connection [connectionId{localValue:7, serverValue:255992}] to ac-bd180s9-shard-00-02.yvjbs2l.mongodb.net:27017
2026-08-20 22:31:56 INFO  o.s.s.web.DefaultSecurityFilterChain - Will secure any request with [org.springframework.security.web.session.DisableEncodeUrlFilter@79445efb, org.springframework.security.web.context.request.async.WebAsyncManagerIntegrationFilter@1592e540, org.springframework.security.web.context.SecurityContextPersistenceFilter@7976e536, org.springframework.security.web.header.HeaderWriterFilter@4a0c3aa8, org.springframework.security.web.authentication.logout.LogoutFilter@319b1c77, org.springframework.security.web.authentication.www.BasicAuthenticationFilter@6e017950, org.springframework.security.web.savedrequest.RequestCacheAwareFilter@ba0018e, org.springframework.security.web.servletapi.SecurityContextHolderAwareRequestFilter@f237ae7, org.springframework.security.web.authentication.AnonymousAuthenticationFilter@3e2772a9, org.springframework.security.web.session.SessionManagementFilter@5e95b0ab, org.springframework.security.web.access.ExceptionTranslationFilter@1fc5c0b2, org.springframework.security.web.access.intercept.FilterSecurityInterceptor@71285693]
2026-08-20 22:31:58 INFO  com.journalApp.service.RedisTests - Started RedisTests in 10.251 seconds (JVM running for 12.832)
2026-08-20 22:32:38 INFO  o.s.b.t.c.SpringBootTestContextBootstrapper - Neither @ContextConfiguration nor @ContextHierarchy found for test class [com.journalApp.service.RedisTests], using SpringBootContextLoader
2026-08-20 22:32:38 INFO  o.s.t.c.s.AbstractContextLoader - Could not detect default resource locations for test class [com.journalApp.service.RedisTests]: no resource found for suffixes {-context.xml, Context.groovy}.
2026-08-20 22:32:38 INFO  o.s.t.c.s.AnnotationConfigContextLoaderUtils - Could not detect default configuration classes for test class [com.journalApp.service.RedisTests]: RedisTests does not declare any static, non-private, non-final, nested classes annotated with @Configuration.
2026-08-20 22:32:39 INFO  o.s.b.t.c.SpringBootTestContextBootstrapper - Found @SpringBootConfiguration com.journalApp.JournalAppApplication for test class com.journalApp.service.RedisTests
2026-08-20 22:32:39 INFO  o.s.b.t.c.SpringBootTestContextBootstrapper - Loaded default TestExecutionListener class names from location [META-INF/spring.factories]: [org.springframework.boot.test.mock.mockito.MockitoTestExecutionListener, org.springframework.boot.test.mock.mockito.ResetMocksTestExecutionListener, org.springframework.boot.test.autoconfigure.restdocs.RestDocsTestExecutionListener, org.springframework.boot.test.autoconfigure.web.client.MockRestServiceServerResetTestExecutionListener, org.springframework.boot.test.autoconfigure.web.servlet.MockMvcPrintOnlyOnFailureTestExecutionListener, org.springframework.boot.test.autoconfigure.web.servlet.WebDriverTestExecutionListener, org.springframework.boot.test.autoconfigure.webservices.client.MockWebServiceServerTestExecutionListener, org.springframework.test.context.web.ServletTestExecutionListener, org.springframework.test.context.support.DirtiesContextBeforeModesTestExecutionListener, org.springframework.test.context.event.ApplicationEventsTestExecutionListener, org.springframework.test.context.support.DependencyInjectionTestExecutionListener, org.springframework.test.context.support.DirtiesContextTestExecutionListener, org.springframework.test.context.transaction.TransactionalTestExecutionListener, org.springframework.test.context.jdbc.SqlScriptsTestExecutionListener, org.springframework.test.context.event.EventPublishingTestExecutionListener]
2026-08-20 22:32:39 INFO  o.s.b.t.c.SpringBootTestContextBootstrapper - Using TestExecutionListeners: [org.springframework.test.context.web.ServletTestExecutionListener@1d8062d2, org.springframework.test.context.support.DirtiesContextBeforeModesTestExecutionListener@1e63ec0b, org.springframework.test.context.event.ApplicationEventsTestExecutionListener@3b956878, org.springframework.boot.test.mock.mockito.MockitoTestExecutionListener@36546a22, org.springframework.boot.test.autoconfigure.SpringBootDependencyInjectionTestExecutionListener@285c08c8, org.springframework.test.context.support.DirtiesContextTestExecutionListener@295eaa7c, org.springframework.test.context.transaction.TransactionalTestExecutionListener@3918c187, org.springframework.test.context.jdbc.SqlScriptsTestExecutionListener@2c88b9fc, org.springframework.test.context.event.EventPublishingTestExecutionListener@64dafeed, org.springframework.boot.test.mock.mockito.ResetMocksTestExecutionListener@388ba540, org.springframework.boot.test.autoconfigure.restdocs.RestDocsTestExecutionListener@47605f2f, org.springframework.boot.test.autoconfigure.web.client.MockRestServiceServerResetTestExecutionListener@2ece4966, org.springframework.boot.test.autoconfigure.web.servlet.MockMvcPrintOnlyOnFailureTestExecutionListener@1dd0e7c4, org.springframework.boot.test.autoconfigure.web.servlet.WebDriverTestExecutionListener@7894f09b, org.springframework.boot.test.autoconfigure.webservices.client.MockWebServiceServerTestExecutionListener@3d484181]
2026-08-20 22:32:39 INFO  com.journalApp.service.RedisTests - Starting RedisTests using Java 21.0.4 on SHAHID with PID 18224 (started by MD SHAHID ANSARI in C:\Users\MD SHAHID ANSARI\IdeaProjects\journalApp\journalApp)
2026-08-20 22:32:39 INFO  com.journalApp.service.RedisTests - The following 1 profile is active: "dev"
2026-08-20 22:32:41 INFO  o.s.d.r.c.RepositoryConfigurationDelegate - Multiple Spring Data modules found, entering strict repository configuration mode
2026-08-20 22:32:41 INFO  o.s.d.r.c.RepositoryConfigurationDelegate - Bootstrapping Spring Data MongoDB repositories in DEFAULT mode.
2026-08-20 22:32:41 INFO  o.s.d.r.c.RepositoryConfigurationDelegate - Finished Spring Data repository scanning in 299 ms. Found 3 MongoDB repository interfaces.
2026-08-20 22:32:41 INFO  o.s.d.r.c.RepositoryConfigurationDelegate - Multiple Spring Data modules found, entering strict repository configuration mode
2026-08-20 22:32:41 INFO  o.s.d.r.c.RepositoryConfigurationDelegate - Bootstrapping Spring Data Redis repositories in DEFAULT mode.
2026-08-20 22:32:41 INFO  o.s.d.r.c.RepositoryConfigurationExtensionSupport - Spring Data Redis - Could not safely identify store assignment for repository candidate interface com.journalApp.repository.ConfigJournalAppRepository; If you want this repository to be a Redis repository, consider annotating your entities with one of these annotations: org.springframework.data.redis.core.RedisHash (preferred), or consider extending one of the following types with your repository: org.springframework.data.keyvalue.repository.KeyValueRepository
2026-08-20 22:32:41 INFO  o.s.d.r.c.RepositoryConfigurationExtensionSupport - Spring Data Redis - Could not safely identify store assignment for repository candidate interface com.journalApp.repository.JournalEntryRepository; If you want this repository to be a Redis repository, consider annotating your entities with one of these annotations: org.springframework.data.redis.core.RedisHash (preferred), or consider extending one of the following types with your repository: org.springframework.data.keyvalue.repository.KeyValueRepository
2026-08-20 22:32:41 INFO  o.s.d.r.c.RepositoryConfigurationExtensionSupport - Spring Data Redis - Could not safely identify store assignment for repository candidate interface com.journalApp.repository.UserRepository; If you want this repository to be a Redis repository, consider annotating your entities with one of these annotations: org.springframework.data.redis.core.RedisHash (preferred), or consider extending one of the following types with your repository: org.springframework.data.keyvalue.repository.KeyValueRepository
2026-08-20 22:32:41 INFO  o.s.d.r.c.RepositoryConfigurationDelegate - Finished Spring Data repository scanning in 15 ms. Found 0 Redis repository interfaces.
2026-08-20 22:32:43 INFO  org.mongodb.driver.client - MongoClient with metadata {"driver": {"name": "mongo-java-driver|sync|spring-boot", "version": "4.6.1"}, "os": {"type": "Windows", "name": "Windows 11", "architecture": "amd64", "version": "10.0"}, "platform": "Java/Oracle Corporation/21.0.4+8-LTS-274", "application": {"name": "Cluster0"}} created with settings MongoClientSettings{readPreference=primary, writeConcern=WriteConcern{w=null, wTimeout=null ms, journal=null}, retryWrites=true, retryReads=true, readConcern=ReadConcern{level=null}, credential=MongoCredential{mechanism=null, userName='mdshahidans2005_db_user', source='admin', password=<hidden>, mechanismProperties=<hidden>}, streamFactoryFactory=null, commandListeners=[], codecRegistry=ProvidersCodecRegistry{codecProviders=[ValueCodecProvider{}, BsonValueCodecProvider{}, DBRefCodecProvider{}, DBObjectCodecProvider{}, DocumentCodecProvider{}, IterableCodecProvider{}, MapCodecProvider{}, GeoJsonCodecProvider{}, GridFSFileCodecProvider{}, Jsr310CodecProvider{}, JsonObjectCodecProvider{}, BsonCodecProvider{}, EnumCodecProvider{}, com.mongodb.Jep395RecordCodecProvider@5927f904]}, clusterSettings={hosts=[127.0.0.1:27017], srvHost=cluster0.yvjbs2l.mongodb.net, srvServiceName=mongodb, mode=MULTIPLE, requiredClusterType=REPLICA_SET, requiredReplicaSetName='atlas-lpe6sk-shard-0', serverSelector='null', clusterListeners='[]', serverSelectionTimeout='30000 ms', localThreshold='30000 ms'}, socketSettings=SocketSettings{connectTimeoutMS=10000, readTimeoutMS=0, receiveBufferSize=0, sendBufferSize=0}, heartbeatSocketSettings=SocketSettings{connectTimeoutMS=10000, readTimeoutMS=10000, receiveBufferSize=0, sendBufferSize=0}, connectionPoolSettings=ConnectionPoolSettings{maxSize=100, minSize=0, maxWaitTimeMS=120000, maxConnectionLifeTimeMS=0, maxConnectionIdleTimeMS=0, maintenanceInitialDelayMS=0, maintenanceFrequencyMS=60000, connectionPoolListeners=[], maxConnecting=2}, serverSettings=ServerSettings{heartbeatFrequencyMS=10000, minHeartbeatFrequencyMS=500, serverListeners='[]', serverMonitorListeners='[]'}, sslSettings=SslSettings{enabled=true, invalidHostNameAllowed=false, context=null}, applicationName='Cluster0', compressorList=[], uuidRepresentation=JAVA_LEGACY, serverApi=null, autoEncryptionSettings=null, contextProvider=null}
2026-08-20 22:32:43 INFO  org.mongodb.driver.cluster - Adding discovered server ac-bd180s9-shard-00-00.yvjbs2l.mongodb.net:27017 to client view of cluster
2026-08-20 22:32:43 INFO  org.mongodb.driver.cluster - Adding discovered server ac-bd180s9-shard-00-01.yvjbs2l.mongodb.net:27017 to client view of cluster
2026-08-20 22:32:43 INFO  org.mongodb.driver.cluster - Adding discovered server ac-bd180s9-shard-00-02.yvjbs2l.mongodb.net:27017 to client view of cluster
2026-08-20 22:32:44 INFO  org.mongodb.driver.cluster - No server chosen by com.mongodb.client.internal.MongoClientDelegate$1@73e1ecd0 from cluster description ClusterDescription{type=REPLICA_SET, connectionMode=MULTIPLE, serverDescriptions=[ServerDescription{address=ac-bd180s9-shard-00-00.yvjbs2l.mongodb.net:27017, type=UNKNOWN, state=CONNECTING}, ServerDescription{address=ac-bd180s9-shard-00-02.yvjbs2l.mongodb.net:27017, type=UNKNOWN, state=CONNECTING}, ServerDescription{address=ac-bd180s9-shard-00-01.yvjbs2l.mongodb.net:27017, type=UNKNOWN, state=CONNECTING}]}. Waiting for 30000 ms before timing out
2026-08-20 22:32:46 INFO  org.mongodb.driver.connection - Opened connection [connectionId{localValue:2, serverValue:251584}] to ac-bd180s9-shard-00-00.yvjbs2l.mongodb.net:27017
2026-08-20 22:32:46 INFO  org.mongodb.driver.connection - Opened connection [connectionId{localValue:6, serverValue:255993}] to ac-bd180s9-shard-00-02.yvjbs2l.mongodb.net:27017
2026-08-20 22:32:46 INFO  org.mongodb.driver.connection - Opened connection [connectionId{localValue:3, serverValue:248285}] to ac-bd180s9-shard-00-01.yvjbs2l.mongodb.net:27017
2026-08-20 22:32:46 INFO  org.mongodb.driver.connection - Opened connection [connectionId{localValue:5, serverValue:255993}] to ac-bd180s9-shard-00-02.yvjbs2l.mongodb.net:27017
2026-08-20 22:32:46 INFO  org.mongodb.driver.cluster - Monitor thread successfully connected to server with description ServerDescription{address=ac-bd180s9-shard-00-02.yvjbs2l.mongodb.net:27017, type=REPLICA_SET_PRIMARY, state=CONNECTED, ok=true, minWireVersion=0, maxWireVersion=25, maxDocumentSize=16777216, logicalSessionTimeoutMinutes=30, roundTripTimeNanos=827658900, setName='atlas-lpe6sk-shard-0', canonicalAddress=ac-bd180s9-shard-00-02.yvjbs2l.mongodb.net:27017, hosts=[ac-bd180s9-shard-00-01.yvjbs2l.mongodb.net:27017, ac-bd180s9-shard-00-02.yvjbs2l.mongodb.net:27017, ac-bd180s9-shard-00-00.yvjbs2l.mongodb.net:27017], passives=[], arbiters=[], primary='ac-bd180s9-shard-00-02.yvjbs2l.mongodb.net:27017', tagSet=TagSet{[Tag{name='availabilityZone', value='aps1-az2'}, Tag{name='cacheState', value='READY'}, Tag{name='diskState', value='READY'}, Tag{name='nodeType', value='ELECTABLE'}, Tag{name='provider', value='AWS'}, Tag{name='region', value='AP_SOUTH_1'}, Tag{name='workloadType', value='OPERATIONAL'}]}, electionId=7fffffff000000000000012d, setVersion=297, topologyVersion=TopologyVersion{processId=6a7b3d358e68804eae9a242f, counter=10}, lastWriteDate=Thu Aug 20 22:32:45 IST 2026, lastUpdateTimeNanos=4309132302300}
2026-08-20 22:32:46 INFO  org.mongodb.driver.connection - Opened connection [connectionId{localValue:1, serverValue:248269}] to ac-bd180s9-shard-00-01.yvjbs2l.mongodb.net:27017
2026-08-20 22:32:46 INFO  org.mongodb.driver.cluster - Monitor thread successfully connected to server with description ServerDescription{address=ac-bd180s9-shard-00-01.yvjbs2l.mongodb.net:27017, type=REPLICA_SET_SECONDARY, state=CONNECTED, ok=true, minWireVersion=0, maxWireVersion=25, maxDocumentSize=16777216, logicalSessionTimeoutMinutes=30, roundTripTimeNanos=827613599, setName='atlas-lpe6sk-shard-0', canonicalAddress=ac-bd180s9-shard-00-01.yvjbs2l.mongodb.net:27017, hosts=[ac-bd180s9-shard-00-01.yvjbs2l.mongodb.net:27017, ac-bd180s9-shard-00-02.yvjbs2l.mongodb.net:27017, ac-bd180s9-shard-00-00.yvjbs2l.mongodb.net:27017], passives=[], arbiters=[], primary='ac-bd180s9-shard-00-02.yvjbs2l.mongodb.net:27017', tagSet=TagSet{[Tag{name='availabilityZone', value='aps1-az3'}, Tag{name='cacheState', value='READY'}, Tag{name='diskState', value='READY'}, Tag{name='nodeType', value='ELECTABLE'}, Tag{name='provider', value='AWS'}, Tag{name='region', value='AP_SOUTH_1'}, Tag{name='workloadType', value='OPERATIONAL'}]}, electionId=null, setVersion=297, topologyVersion=TopologyVersion{processId=6a7b3fc5ee64108dce410aaf, counter=5}, lastWriteDate=Thu Aug 20 22:32:45 IST 2026, lastUpdateTimeNanos=4309132302500}
2026-08-20 22:32:46 INFO  org.mongodb.driver.cluster - Setting max election id to 7fffffff000000000000012d from replica set primary ac-bd180s9-shard-00-02.yvjbs2l.mongodb.net:27017
2026-08-20 22:32:46 INFO  org.mongodb.driver.cluster - Setting max set version to 297 from replica set primary ac-bd180s9-shard-00-02.yvjbs2l.mongodb.net:27017
2026-08-20 22:32:46 INFO  org.mongodb.driver.cluster - Discovered replica set primary ac-bd180s9-shard-00-02.yvjbs2l.mongodb.net:27017
2026-08-20 22:32:46 INFO  org.mongodb.driver.connection - Opened connection [connectionId{localValue:4, serverValue:251584}] to ac-bd180s9-shard-00-00.yvjbs2l.mongodb.net:27017
2026-08-20 22:32:46 INFO  org.mongodb.driver.cluster - Monitor thread successfully connected to server with description ServerDescription{address=ac-bd180s9-shard-00-00.yvjbs2l.mongodb.net:27017, type=REPLICA_SET_SECONDARY, state=CONNECTED, ok=true, minWireVersion=0, maxWireVersion=25, maxDocumentSize=16777216, logicalSessionTimeoutMinutes=30, roundTripTimeNanos=997228499, setName='atlas-lpe6sk-shard-0', canonicalAddress=ac-bd180s9-shard-00-00.yvjbs2l.mongodb.net:27017, hosts=[ac-bd180s9-shard-00-01.yvjbs2l.mongodb.net:27017, ac-bd180s9-shard-00-02.yvjbs2l.mongodb.net:27017, ac-bd180s9-shard-00-00.yvjbs2l.mongodb.net:27017], passives=[], arbiters=[], primary='ac-bd180s9-shard-00-02.yvjbs2l.mongodb.net:27017', tagSet=TagSet{[Tag{name='availabilityZone', value='aps1-az1'}, Tag{name='cacheState', value='READY'}, Tag{name='diskState', value='READY'}, Tag{name='nodeType', value='ELECTABLE'}, Tag{name='provider', value='AWS'}, Tag{name='region', value='AP_SOUTH_1'}, Tag{name='workloadType', value='OPERATIONAL'}]}, electionId=null, setVersion=297, topologyVersion=TopologyVersion{processId=6a7b3ab66a60f4deb1771140, counter=10}, lastWriteDate=Thu Aug 20 22:32:45 IST 2026, lastUpdateTimeNanos=4309301921800}
2026-08-20 22:32:46 INFO  org.mongodb.driver.connection - Opened connection [connectionId{localValue:7, serverValue:256014}] to ac-bd180s9-shard-00-02.yvjbs2l.mongodb.net:27017
2026-08-20 22:32:49 INFO  o.s.s.web.DefaultSecurityFilterChain - Will secure any request with [org.springframework.security.web.session.DisableEncodeUrlFilter@7f77e065, org.springframework.security.web.context.request.async.WebAsyncManagerIntegrationFilter@6f655dbd, org.springframework.security.web.context.SecurityContextPersistenceFilter@3c87e851, org.springframework.security.web.header.HeaderWriterFilter@38ebc866, org.springframework.security.web.authentication.logout.LogoutFilter@77d95e5a, org.springframework.security.web.authentication.www.BasicAuthenticationFilter@2295566b, org.springframework.security.web.savedrequest.RequestCacheAwareFilter@380e33c2, org.springframework.security.web.servletapi.SecurityContextHolderAwareRequestFilter@3534651a, org.springframework.security.web.authentication.AnonymousAuthenticationFilter@546083d6, org.springframework.security.web.session.SessionManagementFilter@6bdedbbd, org.springframework.security.web.access.ExceptionTranslationFilter@2a11ae0b, org.springframework.security.web.access.intercept.FilterSecurityInterceptor@299cab08]
2026-08-20 22:32:51 INFO  com.journalApp.service.RedisTests - Started RedisTests in 12.07 seconds (JVM running for 14.656)
