2026-08-17 15:27:53 INFO  com.journalApp.JournalAppApplication - Starting JournalAppApplication using Java 21.0.4 on SHAHID with PID 21760 (C:\Users\MD SHAHID ANSARI\IdeaProjects\journalApp\journalApp\target\classes started by MD SHAHID ANSARI in C:\Users\MD SHAHID ANSARI\IdeaProjects\journalApp)
2026-08-17 15:27:53 INFO  com.journalApp.JournalAppApplication - The following 1 profile is active: "dev"
2026-08-17 15:27:54 INFO  o.s.d.r.c.RepositoryConfigurationDelegate - Bootstrapping Spring Data MongoDB repositories in DEFAULT mode.
2026-08-17 15:27:54 INFO  o.s.d.r.c.RepositoryConfigurationDelegate - Finished Spring Data repository scanning in 104 ms. Found 2 MongoDB repository interfaces.
2026-08-17 15:27:55 INFO  o.s.b.w.e.tomcat.TomcatWebServer - Tomcat initialized with port(s): 8080 (http)
2026-08-17 15:27:55 INFO  o.a.coyote.http11.Http11NioProtocol - Initializing ProtocolHandler ["http-nio-8080"]
2026-08-17 15:27:55 INFO  o.a.catalina.core.StandardService - Starting service [Tomcat]
2026-08-17 15:27:55 INFO  o.a.catalina.core.StandardEngine - Starting Servlet engine: [Apache Tomcat/9.0.83]
2026-08-17 15:27:55 INFO  o.a.c.c.C.[.[localhost].[/journal] - Initializing Spring embedded WebApplicationContext
2026-08-17 15:27:55 INFO  o.s.b.w.s.c.ServletWebServerApplicationContext - Root WebApplicationContext: initialization completed in 2298 ms
2026-08-17 15:27:56 INFO  org.mongodb.driver.client - MongoClient with metadata {"driver": {"name": "mongo-java-driver|sync|spring-boot", "version": "4.6.1"}, "os": {"type": "Windows", "name": "Windows 11", "architecture": "amd64", "version": "10.0"}, "platform": "Java/Oracle Corporation/21.0.4+8-LTS-274", "application": {"name": "Cluster0"}} created with settings MongoClientSettings{readPreference=primary, writeConcern=WriteConcern{w=null, wTimeout=null ms, journal=null}, retryWrites=true, retryReads=true, readConcern=ReadConcern{level=null}, credential=MongoCredential{mechanism=null, userName='mdshahidans2005_db_user', source='admin', password=<hidden>, mechanismProperties=<hidden>}, streamFactoryFactory=null, commandListeners=[], codecRegistry=ProvidersCodecRegistry{codecProviders=[ValueCodecProvider{}, BsonValueCodecProvider{}, DBRefCodecProvider{}, DBObjectCodecProvider{}, DocumentCodecProvider{}, IterableCodecProvider{}, MapCodecProvider{}, GeoJsonCodecProvider{}, GridFSFileCodecProvider{}, Jsr310CodecProvider{}, JsonObjectCodecProvider{}, BsonCodecProvider{}, EnumCodecProvider{}, com.mongodb.Jep395RecordCodecProvider@54b2fc58]}, clusterSettings={hosts=[127.0.0.1:27017], srvHost=cluster0.yvjbs2l.mongodb.net, srvServiceName=mongodb, mode=MULTIPLE, requiredClusterType=REPLICA_SET, requiredReplicaSetName='atlas-lpe6sk-shard-0', serverSelector='null', clusterListeners='[]', serverSelectionTimeout='30000 ms', localThreshold='30000 ms'}, socketSettings=SocketSettings{connectTimeoutMS=10000, readTimeoutMS=0, receiveBufferSize=0, sendBufferSize=0}, heartbeatSocketSettings=SocketSettings{connectTimeoutMS=10000, readTimeoutMS=10000, receiveBufferSize=0, sendBufferSize=0}, connectionPoolSettings=ConnectionPoolSettings{maxSize=100, minSize=0, maxWaitTimeMS=120000, maxConnectionLifeTimeMS=0, maxConnectionIdleTimeMS=0, maintenanceInitialDelayMS=0, maintenanceFrequencyMS=60000, connectionPoolListeners=[], maxConnecting=2}, serverSettings=ServerSettings{heartbeatFrequencyMS=10000, minHeartbeatFrequencyMS=500, serverListeners='[]', serverMonitorListeners='[]'}, sslSettings=SslSettings{enabled=true, invalidHostNameAllowed=false, context=null}, applicationName='Cluster0', compressorList=[], uuidRepresentation=JAVA_LEGACY, serverApi=null, autoEncryptionSettings=null, contextProvider=null}
2026-08-17 15:27:56 INFO  org.mongodb.driver.cluster - Adding discovered server ac-bd180s9-shard-00-00.yvjbs2l.mongodb.net:27017 to client view of cluster
2026-08-17 15:27:56 INFO  org.mongodb.driver.cluster - Adding discovered server ac-bd180s9-shard-00-01.yvjbs2l.mongodb.net:27017 to client view of cluster
2026-08-17 15:27:56 INFO  org.mongodb.driver.cluster - Adding discovered server ac-bd180s9-shard-00-02.yvjbs2l.mongodb.net:27017 to client view of cluster
2026-08-17 15:27:56 INFO  org.mongodb.driver.cluster - No server chosen by com.mongodb.client.internal.MongoClientDelegate$1@40717ed from cluster description ClusterDescription{type=REPLICA_SET, connectionMode=MULTIPLE, serverDescriptions=[ServerDescription{address=ac-bd180s9-shard-00-00.yvjbs2l.mongodb.net:27017, type=UNKNOWN, state=CONNECTING}, ServerDescription{address=ac-bd180s9-shard-00-02.yvjbs2l.mongodb.net:27017, type=UNKNOWN, state=CONNECTING}, ServerDescription{address=ac-bd180s9-shard-00-01.yvjbs2l.mongodb.net:27017, type=UNKNOWN, state=CONNECTING}]}. Waiting for 30000 ms before timing out
2026-08-17 15:27:57 INFO  org.mongodb.driver.connection - Opened connection [connectionId{localValue:1, serverValue:157943}] to ac-bd180s9-shard-00-00.yvjbs2l.mongodb.net:27017
2026-08-17 15:27:57 INFO  org.mongodb.driver.connection - Opened connection [connectionId{localValue:4, serverValue:155495}] to ac-bd180s9-shard-00-01.yvjbs2l.mongodb.net:27017
2026-08-17 15:27:57 INFO  org.mongodb.driver.connection - Opened connection [connectionId{localValue:6, serverValue:157943}] to ac-bd180s9-shard-00-00.yvjbs2l.mongodb.net:27017
2026-08-17 15:27:57 INFO  org.mongodb.driver.connection - Opened connection [connectionId{localValue:2, serverValue:155495}] to ac-bd180s9-shard-00-01.yvjbs2l.mongodb.net:27017
2026-08-17 15:27:57 INFO  org.mongodb.driver.connection - Opened connection [connectionId{localValue:3, serverValue:160455}] to ac-bd180s9-shard-00-02.yvjbs2l.mongodb.net:27017
2026-08-17 15:27:57 INFO  org.mongodb.driver.connection - Opened connection [connectionId{localValue:5, serverValue:160467}] to ac-bd180s9-shard-00-02.yvjbs2l.mongodb.net:27017
2026-08-17 15:27:57 INFO  org.mongodb.driver.cluster - Monitor thread successfully connected to server with description ServerDescription{address=ac-bd180s9-shard-00-01.yvjbs2l.mongodb.net:27017, type=REPLICA_SET_SECONDARY, state=CONNECTED, ok=true, minWireVersion=0, maxWireVersion=25, maxDocumentSize=16777216, logicalSessionTimeoutMinutes=30, roundTripTimeNanos=415269400, setName='atlas-lpe6sk-shard-0', canonicalAddress=ac-bd180s9-shard-00-01.yvjbs2l.mongodb.net:27017, hosts=[ac-bd180s9-shard-00-01.yvjbs2l.mongodb.net:27017, ac-bd180s9-shard-00-02.yvjbs2l.mongodb.net:27017, ac-bd180s9-shard-00-00.yvjbs2l.mongodb.net:27017], passives=[], arbiters=[], primary='ac-bd180s9-shard-00-02.yvjbs2l.mongodb.net:27017', tagSet=TagSet{[Tag{name='availabilityZone', value='aps1-az3'}, Tag{name='cacheState', value='READY'}, Tag{name='diskState', value='READY'}, Tag{name='nodeType', value='ELECTABLE'}, Tag{name='provider', value='AWS'}, Tag{name='region', value='AP_SOUTH_1'}, Tag{name='workloadType', value='OPERATIONAL'}]}, electionId=null, setVersion=297, topologyVersion=TopologyVersion{processId=6a7b3fc5ee64108dce410aaf, counter=5}, lastWriteDate=Mon Aug 17 15:27:57 IST 2026, lastUpdateTimeNanos=56467160832900}
2026-08-17 15:27:57 INFO  org.mongodb.driver.cluster - Monitor thread successfully connected to server with description ServerDescription{address=ac-bd180s9-shard-00-00.yvjbs2l.mongodb.net:27017, type=REPLICA_SET_SECONDARY, state=CONNECTED, ok=true, minWireVersion=0, maxWireVersion=25, maxDocumentSize=16777216, logicalSessionTimeoutMinutes=30, roundTripTimeNanos=414903200, setName='atlas-lpe6sk-shard-0', canonicalAddress=ac-bd180s9-shard-00-00.yvjbs2l.mongodb.net:27017, hosts=[ac-bd180s9-shard-00-01.yvjbs2l.mongodb.net:27017, ac-bd180s9-shard-00-02.yvjbs2l.mongodb.net:27017, ac-bd180s9-shard-00-00.yvjbs2l.mongodb.net:27017], passives=[], arbiters=[], primary='ac-bd180s9-shard-00-02.yvjbs2l.mongodb.net:27017', tagSet=TagSet{[Tag{name='availabilityZone', value='aps1-az1'}, Tag{name='cacheState', value='READY'}, Tag{name='diskState', value='READY'}, Tag{name='nodeType', value='ELECTABLE'}, Tag{name='provider', value='AWS'}, Tag{name='region', value='AP_SOUTH_1'}, Tag{name='workloadType', value='OPERATIONAL'}]}, electionId=null, setVersion=297, topologyVersion=TopologyVersion{processId=6a7b3ab66a60f4deb1771140, counter=10}, lastWriteDate=Mon Aug 17 15:27:57 IST 2026, lastUpdateTimeNanos=56467160833000}
2026-08-17 15:27:57 INFO  org.mongodb.driver.cluster - Monitor thread successfully connected to server with description ServerDescription{address=ac-bd180s9-shard-00-02.yvjbs2l.mongodb.net:27017, type=REPLICA_SET_PRIMARY, state=CONNECTED, ok=true, minWireVersion=0, maxWireVersion=25, maxDocumentSize=16777216, logicalSessionTimeoutMinutes=30, roundTripTimeNanos=415269300, setName='atlas-lpe6sk-shard-0', canonicalAddress=ac-bd180s9-shard-00-02.yvjbs2l.mongodb.net:27017, hosts=[ac-bd180s9-shard-00-01.yvjbs2l.mongodb.net:27017, ac-bd180s9-shard-00-02.yvjbs2l.mongodb.net:27017, ac-bd180s9-shard-00-00.yvjbs2l.mongodb.net:27017], passives=[], arbiters=[], primary='ac-bd180s9-shard-00-02.yvjbs2l.mongodb.net:27017', tagSet=TagSet{[Tag{name='availabilityZone', value='aps1-az2'}, Tag{name='cacheState', value='READY'}, Tag{name='diskState', value='READY'}, Tag{name='nodeType', value='ELECTABLE'}, Tag{name='provider', value='AWS'}, Tag{name='region', value='AP_SOUTH_1'}, Tag{name='workloadType', value='OPERATIONAL'}]}, electionId=7fffffff000000000000012d, setVersion=297, topologyVersion=TopologyVersion{processId=6a7b3d358e68804eae9a242f, counter=10}, lastWriteDate=Mon Aug 17 15:27:57 IST 2026, lastUpdateTimeNanos=56467160832900}
2026-08-17 15:27:57 INFO  org.mongodb.driver.cluster - Setting max election id to 7fffffff000000000000012d from replica set primary ac-bd180s9-shard-00-02.yvjbs2l.mongodb.net:27017
2026-08-17 15:27:57 INFO  org.mongodb.driver.cluster - Setting max set version to 297 from replica set primary ac-bd180s9-shard-00-02.yvjbs2l.mongodb.net:27017
2026-08-17 15:27:57 INFO  org.mongodb.driver.cluster - Discovered replica set primary ac-bd180s9-shard-00-02.yvjbs2l.mongodb.net:27017
2026-08-17 15:27:57 INFO  org.mongodb.driver.connection - Opened connection [connectionId{localValue:7, serverValue:160455}] to ac-bd180s9-shard-00-02.yvjbs2l.mongodb.net:27017
2026-08-17 15:27:58 INFO  o.s.s.web.DefaultSecurityFilterChain - Will secure any request with [org.springframework.security.web.session.DisableEncodeUrlFilter@3d0d120b, org.springframework.security.web.context.request.async.WebAsyncManagerIntegrationFilter@6b5c134e, org.springframework.security.web.context.SecurityContextPersistenceFilter@3c33fcf8, org.springframework.security.web.header.HeaderWriterFilter@7f2b39a, org.springframework.security.web.authentication.logout.LogoutFilter@78b0ec3a, org.springframework.security.web.authentication.www.BasicAuthenticationFilter@5618fc1f, org.springframework.security.web.savedrequest.RequestCacheAwareFilter@716f94c1, org.springframework.security.web.servletapi.SecurityContextHolderAwareRequestFilter@3915e7c3, org.springframework.security.web.authentication.AnonymousAuthenticationFilter@34d9df9f, org.springframework.security.web.session.SessionManagementFilter@259287ac, org.springframework.security.web.access.ExceptionTranslationFilter@478967eb, org.springframework.security.web.access.intercept.FilterSecurityInterceptor@664db2ca]
2026-08-17 15:27:58 INFO  o.a.coyote.http11.Http11NioProtocol - Starting ProtocolHandler ["http-nio-8080"]
2026-08-17 15:27:58 INFO  o.s.b.w.e.tomcat.TomcatWebServer - Tomcat started on port(s): 8080 (http) with context path '/journal'
2026-08-17 15:27:58 INFO  com.journalApp.JournalAppApplication - Started JournalAppApplication in 6.119 seconds (JVM running for 7.177)
2026-08-17 15:29:35 INFO  o.a.c.c.C.[.[localhost].[/journal] - Initializing Spring DispatcherServlet 'dispatcherServlet'
2026-08-17 15:29:35 INFO  o.s.web.servlet.DispatcherServlet - Initializing Servlet 'dispatcherServlet'
2026-08-17 15:29:35 INFO  o.s.web.servlet.DispatcherServlet - Completed initialization in 103 ms
2026-08-17 16:07:51 INFO  org.mongodb.driver.cluster - Exception in monitor thread while connecting to server ac-bd180s9-shard-00-00.yvjbs2l.mongodb.net:27017
com.mongodb.MongoSocketReadException: Exception receiving message
	at com.mongodb.internal.connection.InternalStreamConnection.translateReadException(InternalStreamConnection.java:702)
	at com.mongodb.internal.connection.InternalStreamConnection.receiveMessageWithAdditionalTimeout(InternalStreamConnection.java:574)
	at com.mongodb.internal.connection.InternalStreamConnection.receiveCommandMessageResponse(InternalStreamConnection.java:410)
	at com.mongodb.internal.connection.InternalStreamConnection.receive(InternalStreamConnection.java:369)
	at com.mongodb.internal.connection.DefaultServerMonitor$ServerMonitorRunnable.lookupServerDescription(DefaultServerMonitor.java:221)
	at com.mongodb.internal.connection.DefaultServerMonitor$ServerMonitorRunnable.run(DefaultServerMonitor.java:157)
	at java.base/java.lang.Thread.run(Thread.java:1583)
Caused by: java.net.SocketException: Socket is closed
	at java.base/java.net.Socket.setSoTimeout(Socket.java:1385)
	at java.base/sun.security.ssl.BaseSSLSocketImpl.setSoTimeout(BaseSSLSocketImpl.java:614)
	at java.base/sun.security.ssl.SSLSocketImpl.setSoTimeout(SSLSocketImpl.java:74)
	at com.mongodb.internal.connection.SocketStream.read(SocketStream.java:137)
	at com.mongodb.internal.connection.InternalStreamConnection.receiveResponseBuffers(InternalStreamConnection.java:713)
	at com.mongodb.internal.connection.InternalStreamConnection.receiveMessageWithAdditionalTimeout(InternalStreamConnection.java:571)
	... 5 common frames omitted
2026-08-17 16:07:51 INFO  org.mongodb.driver.cluster - Exception in monitor thread while connecting to server ac-bd180s9-shard-00-02.yvjbs2l.mongodb.net:27017
com.mongodb.MongoSocketReadException: Exception receiving message
	at com.mongodb.internal.connection.InternalStreamConnection.translateReadException(InternalStreamConnection.java:702)
	at com.mongodb.internal.connection.InternalStreamConnection.receiveMessageWithAdditionalTimeout(InternalStreamConnection.java:574)
	at com.mongodb.internal.connection.InternalStreamConnection.receiveCommandMessageResponse(InternalStreamConnection.java:410)
	at com.mongodb.internal.connection.InternalStreamConnection.receive(InternalStreamConnection.java:369)
	at com.mongodb.internal.connection.DefaultServerMonitor$ServerMonitorRunnable.lookupServerDescription(DefaultServerMonitor.java:221)
	at com.mongodb.internal.connection.DefaultServerMonitor$ServerMonitorRunnable.run(DefaultServerMonitor.java:157)
	at java.base/java.lang.Thread.run(Thread.java:1583)
Caused by: java.net.SocketException: Socket is closed
	at java.base/java.net.Socket.setSoTimeout(Socket.java:1385)
	at java.base/sun.security.ssl.BaseSSLSocketImpl.setSoTimeout(BaseSSLSocketImpl.java:614)
	at java.base/sun.security.ssl.SSLSocketImpl.setSoTimeout(SSLSocketImpl.java:74)
	at com.mongodb.internal.connection.SocketStream.read(SocketStream.java:137)
	at com.mongodb.internal.connection.InternalStreamConnection.receiveResponseBuffers(InternalStreamConnection.java:713)
	at com.mongodb.internal.connection.InternalStreamConnection.receiveMessageWithAdditionalTimeout(InternalStreamConnection.java:571)
	... 5 common frames omitted
2026-08-17 16:07:51 INFO  org.mongodb.driver.cluster - Exception in monitor thread while connecting to server ac-bd180s9-shard-00-01.yvjbs2l.mongodb.net:27017
com.mongodb.MongoSocketReadException: Exception receiving message
	at com.mongodb.internal.connection.InternalStreamConnection.translateReadException(InternalStreamConnection.java:702)
	at com.mongodb.internal.connection.InternalStreamConnection.receiveMessageWithAdditionalTimeout(InternalStreamConnection.java:574)
	at com.mongodb.internal.connection.InternalStreamConnection.receiveCommandMessageResponse(InternalStreamConnection.java:410)
	at com.mongodb.internal.connection.InternalStreamConnection.receive(InternalStreamConnection.java:369)
	at com.mongodb.internal.connection.DefaultServerMonitor$ServerMonitorRunnable.lookupServerDescription(DefaultServerMonitor.java:221)
	at com.mongodb.internal.connection.DefaultServerMonitor$ServerMonitorRunnable.run(DefaultServerMonitor.java:157)
	at java.base/java.lang.Thread.run(Thread.java:1583)
Caused by: java.net.SocketException: Socket is closed
	at java.base/java.net.Socket.setSoTimeout(Socket.java:1385)
	at java.base/sun.security.ssl.BaseSSLSocketImpl.setSoTimeout(BaseSSLSocketImpl.java:614)
	at java.base/sun.security.ssl.SSLSocketImpl.setSoTimeout(SSLSocketImpl.java:74)
	at com.mongodb.internal.connection.SocketStream.read(SocketStream.java:137)
	at com.mongodb.internal.connection.InternalStreamConnection.receiveResponseBuffers(InternalStreamConnection.java:713)
	at com.mongodb.internal.connection.InternalStreamConnection.receiveMessageWithAdditionalTimeout(InternalStreamConnection.java:571)
	... 5 common frames omitted
2026-08-17 16:08:17 INFO  org.mongodb.driver.connection - Opened connection [connectionId{localValue:8, serverValue:161460}] to ac-bd180s9-shard-00-02.yvjbs2l.mongodb.net:27017
2026-08-17 16:08:17 INFO  org.mongodb.driver.connection - Opened connection [connectionId{localValue:12, serverValue:158848}] to ac-bd180s9-shard-00-00.yvjbs2l.mongodb.net:27017
2026-08-17 16:08:17 INFO  org.mongodb.driver.connection - Opened connection [connectionId{localValue:11, serverValue:161460}] to ac-bd180s9-shard-00-02.yvjbs2l.mongodb.net:27017
2026-08-17 16:08:17 INFO  org.mongodb.driver.connection - Opened connection [connectionId{localValue:13, serverValue:156404}] to ac-bd180s9-shard-00-01.yvjbs2l.mongodb.net:27017
2026-08-17 16:08:17 INFO  org.mongodb.driver.cluster - Monitor thread successfully connected to server with description ServerDescription{address=ac-bd180s9-shard-00-02.yvjbs2l.mongodb.net:27017, type=REPLICA_SET_PRIMARY, state=CONNECTED, ok=true, minWireVersion=0, maxWireVersion=25, maxDocumentSize=16777216, logicalSessionTimeoutMinutes=30, roundTripTimeNanos=24337782300, setName='atlas-lpe6sk-shard-0', canonicalAddress=ac-bd180s9-shard-00-02.yvjbs2l.mongodb.net:27017, hosts=[ac-bd180s9-shard-00-01.yvjbs2l.mongodb.net:27017, ac-bd180s9-shard-00-02.yvjbs2l.mongodb.net:27017, ac-bd180s9-shard-00-00.yvjbs2l.mongodb.net:27017], passives=[], arbiters=[], primary='ac-bd180s9-shard-00-02.yvjbs2l.mongodb.net:27017', tagSet=TagSet{[Tag{name='availabilityZone', value='aps1-az2'}, Tag{name='cacheState', value='READY'}, Tag{name='diskState', value='READY'}, Tag{name='nodeType', value='ELECTABLE'}, Tag{name='provider', value='AWS'}, Tag{name='region', value='AP_SOUTH_1'}, Tag{name='workloadType', value='OPERATIONAL'}]}, electionId=7fffffff000000000000012d, setVersion=297, topologyVersion=TopologyVersion{processId=6a7b3d358e68804eae9a242f, counter=10}, lastWriteDate=Mon Aug 17 16:08:17 IST 2026, lastUpdateTimeNanos=58886940288100}
2026-08-17 16:08:17 INFO  org.mongodb.driver.connection - Opened connection [connectionId{localValue:10, serverValue:158848}] to ac-bd180s9-shard-00-00.yvjbs2l.mongodb.net:27017
2026-08-17 16:08:17 INFO  org.mongodb.driver.cluster - Monitor thread successfully connected to server with description ServerDescription{address=ac-bd180s9-shard-00-00.yvjbs2l.mongodb.net:27017, type=REPLICA_SET_SECONDARY, state=CONNECTED, ok=true, minWireVersion=0, maxWireVersion=25, maxDocumentSize=16777216, logicalSessionTimeoutMinutes=30, roundTripTimeNanos=15996421800, setName='atlas-lpe6sk-shard-0', canonicalAddress=ac-bd180s9-shard-00-00.yvjbs2l.mongodb.net:27017, hosts=[ac-bd180s9-shard-00-01.yvjbs2l.mongodb.net:27017, ac-bd180s9-shard-00-02.yvjbs2l.mongodb.net:27017, ac-bd180s9-shard-00-00.yvjbs2l.mongodb.net:27017], passives=[], arbiters=[], primary='ac-bd180s9-shard-00-02.yvjbs2l.mongodb.net:27017', tagSet=TagSet{[Tag{name='availabilityZone', value='aps1-az1'}, Tag{name='cacheState', value='READY'}, Tag{name='diskState', value='READY'}, Tag{name='nodeType', value='ELECTABLE'}, Tag{name='provider', value='AWS'}, Tag{name='region', value='AP_SOUTH_1'}, Tag{name='workloadType', value='OPERATIONAL'}]}, electionId=null, setVersion=297, topologyVersion=TopologyVersion{processId=6a7b3ab66a60f4deb1771140, counter=10}, lastWriteDate=Mon Aug 17 16:08:17 IST 2026, lastUpdateTimeNanos=58887146507200}
2026-08-17 16:08:17 INFO  org.mongodb.driver.cluster - Discovered replica set primary ac-bd180s9-shard-00-02.yvjbs2l.mongodb.net:27017
2026-08-17 16:08:17 INFO  org.mongodb.driver.connection - Opened connection [connectionId{localValue:9, serverValue:156404}] to ac-bd180s9-shard-00-01.yvjbs2l.mongodb.net:27017
2026-08-17 16:08:17 INFO  org.mongodb.driver.cluster - Monitor thread successfully connected to server with description ServerDescription{address=ac-bd180s9-shard-00-01.yvjbs2l.mongodb.net:27017, type=REPLICA_SET_SECONDARY, state=CONNECTED, ok=true, minWireVersion=0, maxWireVersion=25, maxDocumentSize=16777216, logicalSessionTimeoutMinutes=30, roundTripTimeNanos=24550598200, setName='atlas-lpe6sk-shard-0', canonicalAddress=ac-bd180s9-shard-00-01.yvjbs2l.mongodb.net:27017, hosts=[ac-bd180s9-shard-00-01.yvjbs2l.mongodb.net:27017, ac-bd180s9-shard-00-02.yvjbs2l.mongodb.net:27017, ac-bd180s9-shard-00-00.yvjbs2l.mongodb.net:27017], passives=[], arbiters=[], primary='ac-bd180s9-shard-00-02.yvjbs2l.mongodb.net:27017', tagSet=TagSet{[Tag{name='availabilityZone', value='aps1-az3'}, Tag{name='cacheState', value='READY'}, Tag{name='diskState', value='READY'}, Tag{name='nodeType', value='ELECTABLE'}, Tag{name='provider', value='AWS'}, Tag{name='region', value='AP_SOUTH_1'}, Tag{name='workloadType', value='OPERATIONAL'}]}, electionId=null, setVersion=297, topologyVersion=TopologyVersion{processId=6a7b3fc5ee64108dce410aaf, counter=5}, lastWriteDate=Mon Aug 17 16:08:17 IST 2026, lastUpdateTimeNanos=58887155526200}
2026-08-17 17:05:43 INFO  org.mongodb.driver.cluster - Exception in monitor thread while connecting to server ac-bd180s9-shard-00-02.yvjbs2l.mongodb.net:27017
com.mongodb.MongoSocketReadException: Exception receiving message
	at com.mongodb.internal.connection.InternalStreamConnection.translateReadException(InternalStreamConnection.java:702)
	at com.mongodb.internal.connection.InternalStreamConnection.receiveMessageWithAdditionalTimeout(InternalStreamConnection.java:574)
	at com.mongodb.internal.connection.InternalStreamConnection.receiveCommandMessageResponse(InternalStreamConnection.java:410)
	at com.mongodb.internal.connection.InternalStreamConnection.receive(InternalStreamConnection.java:369)
	at com.mongodb.internal.connection.DefaultServerMonitor$ServerMonitorRunnable.lookupServerDescription(DefaultServerMonitor.java:221)
	at com.mongodb.internal.connection.DefaultServerMonitor$ServerMonitorRunnable.run(DefaultServerMonitor.java:157)
	at java.base/java.lang.Thread.run(Thread.java:1583)
Caused by: java.net.SocketException: Socket is closed
	at java.base/java.net.Socket.setSoTimeout(Socket.java:1385)
	at java.base/sun.security.ssl.BaseSSLSocketImpl.setSoTimeout(BaseSSLSocketImpl.java:614)
	at java.base/sun.security.ssl.SSLSocketImpl.setSoTimeout(SSLSocketImpl.java:74)
	at com.mongodb.internal.connection.SocketStream.read(SocketStream.java:137)
	at com.mongodb.internal.connection.InternalStreamConnection.receiveResponseBuffers(InternalStreamConnection.java:713)
	at com.mongodb.internal.connection.InternalStreamConnection.receiveMessageWithAdditionalTimeout(InternalStreamConnection.java:571)
	... 5 common frames omitted
2026-08-17 17:05:43 INFO  org.mongodb.driver.cluster - Exception in monitor thread while connecting to server ac-bd180s9-shard-00-01.yvjbs2l.mongodb.net:27017
com.mongodb.MongoSocketReadException: Exception receiving message
	at com.mongodb.internal.connection.InternalStreamConnection.translateReadException(InternalStreamConnection.java:702)
	at com.mongodb.internal.connection.InternalStreamConnection.receiveMessageWithAdditionalTimeout(InternalStreamConnection.java:574)
	at com.mongodb.internal.connection.InternalStreamConnection.receiveCommandMessageResponse(InternalStreamConnection.java:410)
	at com.mongodb.internal.connection.InternalStreamConnection.receive(InternalStreamConnection.java:369)
	at com.mongodb.internal.connection.DefaultServerMonitor$ServerMonitorRunnable.lookupServerDescription(DefaultServerMonitor.java:221)
	at com.mongodb.internal.connection.DefaultServerMonitor$ServerMonitorRunnable.run(DefaultServerMonitor.java:157)
	at java.base/java.lang.Thread.run(Thread.java:1583)
Caused by: java.net.SocketException: Socket is closed
	at java.base/java.net.Socket.setSoTimeout(Socket.java:1385)
	at java.base/sun.security.ssl.BaseSSLSocketImpl.setSoTimeout(BaseSSLSocketImpl.java:614)
	at java.base/sun.security.ssl.SSLSocketImpl.setSoTimeout(SSLSocketImpl.java:74)
	at com.mongodb.internal.connection.SocketStream.read(SocketStream.java:137)
	at com.mongodb.internal.connection.InternalStreamConnection.receiveResponseBuffers(InternalStreamConnection.java:713)
	at com.mongodb.internal.connection.InternalStreamConnection.receiveMessageWithAdditionalTimeout(InternalStreamConnection.java:571)
	... 5 common frames omitted
2026-08-17 17:05:43 INFO  org.mongodb.driver.cluster - Exception in monitor thread while connecting to server ac-bd180s9-shard-00-00.yvjbs2l.mongodb.net:27017
com.mongodb.MongoSocketReadException: Exception receiving message
	at com.mongodb.internal.connection.InternalStreamConnection.translateReadException(InternalStreamConnection.java:702)
	at com.mongodb.internal.connection.InternalStreamConnection.receiveMessageWithAdditionalTimeout(InternalStreamConnection.java:574)
	at com.mongodb.internal.connection.InternalStreamConnection.receiveCommandMessageResponse(InternalStreamConnection.java:410)
	at com.mongodb.internal.connection.InternalStreamConnection.receive(InternalStreamConnection.java:369)
	at com.mongodb.internal.connection.DefaultServerMonitor$ServerMonitorRunnable.lookupServerDescription(DefaultServerMonitor.java:221)
	at com.mongodb.internal.connection.DefaultServerMonitor$ServerMonitorRunnable.run(DefaultServerMonitor.java:157)
	at java.base/java.lang.Thread.run(Thread.java:1583)
Caused by: java.net.SocketException: Socket is closed
	at java.base/java.net.Socket.setSoTimeout(Socket.java:1385)
	at java.base/sun.security.ssl.BaseSSLSocketImpl.setSoTimeout(BaseSSLSocketImpl.java:614)
	at java.base/sun.security.ssl.SSLSocketImpl.setSoTimeout(SSLSocketImpl.java:74)
	at com.mongodb.internal.connection.SocketStream.read(SocketStream.java:137)
	at com.mongodb.internal.connection.InternalStreamConnection.receiveResponseBuffers(InternalStreamConnection.java:713)
	at com.mongodb.internal.connection.InternalStreamConnection.receiveMessageWithAdditionalTimeout(InternalStreamConnection.java:571)
	... 5 common frames omitted
2026-08-17 17:05:45 INFO  org.mongodb.driver.cluster - Exception in monitor thread while connecting to server ac-bd180s9-shard-00-00.yvjbs2l.mongodb.net:27017
com.mongodb.MongoSocketException: No such host is known (ac-bd180s9-shard-00-00.yvjbs2l.mongodb.net)
	at com.mongodb.ServerAddress.getSocketAddresses(ServerAddress.java:217)
	at com.mongodb.internal.connection.SocketStream.initializeSocket(SocketStream.java:75)
	at com.mongodb.internal.connection.SocketStream.open(SocketStream.java:65)
	at com.mongodb.internal.connection.InternalStreamConnection.open(InternalStreamConnection.java:180)
	at com.mongodb.internal.connection.DefaultServerMonitor$ServerMonitorRunnable.lookupServerDescription(DefaultServerMonitor.java:193)
	at com.mongodb.internal.connection.DefaultServerMonitor$ServerMonitorRunnable.run(DefaultServerMonitor.java:157)
	at java.base/java.lang.Thread.run(Thread.java:1583)
Caused by: java.net.UnknownHostException: No such host is known (ac-bd180s9-shard-00-00.yvjbs2l.mongodb.net)
	at java.base/java.net.Inet6AddressImpl.lookupAllHostAddr(Native Method)
	at java.base/java.net.Inet6AddressImpl.lookupAllHostAddr(Inet6AddressImpl.java:52)
	at java.base/java.net.InetAddress$PlatformResolver.lookupByName(InetAddress.java:1211)
	at java.base/java.net.InetAddress.getAddressesFromNameService(InetAddress.java:1828)
	at java.base/java.net.InetAddress$NameServiceAddresses.get(InetAddress.java:1139)
	at java.base/java.net.InetAddress.getAllByName0(InetAddress.java:1818)
	at java.base/java.net.InetAddress.getAllByName(InetAddress.java:1688)
	at com.mongodb.ServerAddress.getSocketAddresses(ServerAddress.java:209)
	... 6 common frames omitted
2026-08-17 17:05:45 INFO  org.mongodb.driver.cluster - Exception in monitor thread while connecting to server ac-bd180s9-shard-00-01.yvjbs2l.mongodb.net:27017
com.mongodb.MongoSocketException: No such host is known (ac-bd180s9-shard-00-01.yvjbs2l.mongodb.net)
	at com.mongodb.ServerAddress.getSocketAddresses(ServerAddress.java:217)
	at com.mongodb.internal.connection.SocketStream.initializeSocket(SocketStream.java:75)
	at com.mongodb.internal.connection.SocketStream.open(SocketStream.java:65)
	at com.mongodb.internal.connection.InternalStreamConnection.open(InternalStreamConnection.java:180)
	at com.mongodb.internal.connection.DefaultServerMonitor$ServerMonitorRunnable.lookupServerDescription(DefaultServerMonitor.java:193)
	at com.mongodb.internal.connection.DefaultServerMonitor$ServerMonitorRunnable.run(DefaultServerMonitor.java:157)
	at java.base/java.lang.Thread.run(Thread.java:1583)
Caused by: java.net.UnknownHostException: No such host is known (ac-bd180s9-shard-00-01.yvjbs2l.mongodb.net)
	at java.base/java.net.Inet6AddressImpl.lookupAllHostAddr(Native Method)
	at java.base/java.net.Inet6AddressImpl.lookupAllHostAddr(Inet6AddressImpl.java:52)
	at java.base/java.net.InetAddress$PlatformResolver.lookupByName(InetAddress.java:1211)
	at java.base/java.net.InetAddress.getAddressesFromNameService(InetAddress.java:1828)
	at java.base/java.net.InetAddress$NameServiceAddresses.get(InetAddress.java:1139)
	at java.base/java.net.InetAddress.getAllByName0(InetAddress.java:1818)
	at java.base/java.net.InetAddress.getAllByName(InetAddress.java:1688)
	at com.mongodb.ServerAddress.getSocketAddresses(ServerAddress.java:209)
	... 6 common frames omitted
2026-08-17 17:05:45 INFO  org.mongodb.driver.cluster - Exception in monitor thread while connecting to server ac-bd180s9-shard-00-02.yvjbs2l.mongodb.net:27017
com.mongodb.MongoSocketException: No such host is known (ac-bd180s9-shard-00-02.yvjbs2l.mongodb.net)
	at com.mongodb.ServerAddress.getSocketAddresses(ServerAddress.java:217)
	at com.mongodb.internal.connection.SocketStream.initializeSocket(SocketStream.java:75)
	at com.mongodb.internal.connection.SocketStream.open(SocketStream.java:65)
	at com.mongodb.internal.connection.InternalStreamConnection.open(InternalStreamConnection.java:180)
	at com.mongodb.internal.connection.DefaultServerMonitor$ServerMonitorRunnable.lookupServerDescription(DefaultServerMonitor.java:193)
	at com.mongodb.internal.connection.DefaultServerMonitor$ServerMonitorRunnable.run(DefaultServerMonitor.java:157)
	at java.base/java.lang.Thread.run(Thread.java:1583)
Caused by: java.net.UnknownHostException: No such host is known (ac-bd180s9-shard-00-02.yvjbs2l.mongodb.net)
	at java.base/java.net.Inet6AddressImpl.lookupAllHostAddr(Native Method)
	at java.base/java.net.Inet6AddressImpl.lookupAllHostAddr(Inet6AddressImpl.java:52)
	at java.base/java.net.InetAddress$PlatformResolver.lookupByName(InetAddress.java:1211)
	at java.base/java.net.InetAddress.getAddressesFromNameService(InetAddress.java:1828)
	at java.base/java.net.InetAddress$NameServiceAddresses.get(InetAddress.java:1139)
	at java.base/java.net.InetAddress.getAllByName0(InetAddress.java:1818)
	at java.base/java.net.InetAddress.getAllByName(InetAddress.java:1688)
	at com.mongodb.ServerAddress.getSocketAddresses(ServerAddress.java:209)
	... 6 common frames omitted
2026-08-17 17:06:05 INFO  org.mongodb.driver.cluster - Exception in monitor thread while connecting to server ac-bd180s9-shard-00-02.yvjbs2l.mongodb.net:27017
com.mongodb.MongoSocketException: ac-bd180s9-shard-00-02.yvjbs2l.mongodb.net
	at com.mongodb.ServerAddress.getSocketAddresses(ServerAddress.java:217)
	at com.mongodb.internal.connection.SocketStream.initializeSocket(SocketStream.java:75)
	at com.mongodb.internal.connection.SocketStream.open(SocketStream.java:65)
	at com.mongodb.internal.connection.InternalStreamConnection.open(InternalStreamConnection.java:180)
	at com.mongodb.internal.connection.DefaultServerMonitor$ServerMonitorRunnable.lookupServerDescription(DefaultServerMonitor.java:193)
	at com.mongodb.internal.connection.DefaultServerMonitor$ServerMonitorRunnable.run(DefaultServerMonitor.java:157)
	at java.base/java.lang.Thread.run(Thread.java:1583)
Caused by: java.net.UnknownHostException: ac-bd180s9-shard-00-02.yvjbs2l.mongodb.net
	at java.base/java.net.InetAddress$CachedLookup.get(InetAddress.java:988)
	at java.base/java.net.InetAddress.getAllByName0(InetAddress.java:1818)
	at java.base/java.net.InetAddress.getAllByName(InetAddress.java:1688)
	at com.mongodb.ServerAddress.getSocketAddresses(ServerAddress.java:209)
	... 6 common frames omitted
2026-08-17 17:10:26 INFO  org.mongodb.driver.cluster - Exception in monitor thread while connecting to server ac-bd180s9-shard-00-01.yvjbs2l.mongodb.net:27017
com.mongodb.MongoSocketException: ac-bd180s9-shard-00-01.yvjbs2l.mongodb.net
	at com.mongodb.ServerAddress.getSocketAddresses(ServerAddress.java:217)
	at com.mongodb.internal.connection.SocketStream.initializeSocket(SocketStream.java:75)
	at com.mongodb.internal.connection.SocketStream.open(SocketStream.java:65)
	at com.mongodb.internal.connection.InternalStreamConnection.open(InternalStreamConnection.java:180)
	at com.mongodb.internal.connection.DefaultServerMonitor$ServerMonitorRunnable.lookupServerDescription(DefaultServerMonitor.java:193)
	at com.mongodb.internal.connection.DefaultServerMonitor$ServerMonitorRunnable.run(DefaultServerMonitor.java:157)
	at java.base/java.lang.Thread.run(Thread.java:1583)
Caused by: java.net.UnknownHostException: ac-bd180s9-shard-00-01.yvjbs2l.mongodb.net
	at java.base/java.net.InetAddress$CachedLookup.get(InetAddress.java:988)
	at java.base/java.net.InetAddress.getAllByName0(InetAddress.java:1818)
	at java.base/java.net.InetAddress.getAllByName(InetAddress.java:1688)
	at com.mongodb.ServerAddress.getSocketAddresses(ServerAddress.java:209)
	... 6 common frames omitted
2026-08-17 17:10:26 INFO  org.mongodb.driver.cluster - Exception in monitor thread while connecting to server ac-bd180s9-shard-00-02.yvjbs2l.mongodb.net:27017
com.mongodb.MongoSocketException: No such host is known (ac-bd180s9-shard-00-02.yvjbs2l.mongodb.net)
	at com.mongodb.ServerAddress.getSocketAddresses(ServerAddress.java:217)
	at com.mongodb.internal.connection.SocketStream.initializeSocket(SocketStream.java:75)
	at com.mongodb.internal.connection.SocketStream.open(SocketStream.java:65)
	at com.mongodb.internal.connection.InternalStreamConnection.open(InternalStreamConnection.java:180)
	at com.mongodb.internal.connection.DefaultServerMonitor$ServerMonitorRunnable.lookupServerDescription(DefaultServerMonitor.java:193)
	at com.mongodb.internal.connection.DefaultServerMonitor$ServerMonitorRunnable.run(DefaultServerMonitor.java:157)
	at java.base/java.lang.Thread.run(Thread.java:1583)
Caused by: java.net.UnknownHostException: No such host is known (ac-bd180s9-shard-00-02.yvjbs2l.mongodb.net)
	at java.base/java.net.Inet6AddressImpl.lookupAllHostAddr(Native Method)
	at java.base/java.net.Inet6AddressImpl.lookupAllHostAddr(Inet6AddressImpl.java:52)
	at java.base/java.net.InetAddress$PlatformResolver.lookupByName(InetAddress.java:1211)
	at java.base/java.net.InetAddress.getAddressesFromNameService(InetAddress.java:1828)
	at java.base/java.net.InetAddress$NameServiceAddresses.get(InetAddress.java:1139)
	at java.base/java.net.InetAddress.getAllByName0(InetAddress.java:1818)
	at java.base/java.net.InetAddress.getAllByName(InetAddress.java:1688)
	at com.mongodb.ServerAddress.getSocketAddresses(ServerAddress.java:209)
	... 6 common frames omitted
2026-08-17 17:12:26 INFO  org.mongodb.driver.cluster - Exception in monitor thread while connecting to server ac-bd180s9-shard-00-02.yvjbs2l.mongodb.net:27017
com.mongodb.MongoSocketException: ac-bd180s9-shard-00-02.yvjbs2l.mongodb.net
	at com.mongodb.ServerAddress.getSocketAddresses(ServerAddress.java:217)
	at com.mongodb.internal.connection.SocketStream.initializeSocket(SocketStream.java:75)
	at com.mongodb.internal.connection.SocketStream.open(SocketStream.java:65)
	at com.mongodb.internal.connection.InternalStreamConnection.open(InternalStreamConnection.java:180)
	at com.mongodb.internal.connection.DefaultServerMonitor$ServerMonitorRunnable.lookupServerDescription(DefaultServerMonitor.java:193)
	at com.mongodb.internal.connection.DefaultServerMonitor$ServerMonitorRunnable.run(DefaultServerMonitor.java:157)
	at java.base/java.lang.Thread.run(Thread.java:1583)
Caused by: java.net.UnknownHostException: ac-bd180s9-shard-00-02.yvjbs2l.mongodb.net
	at java.base/java.net.InetAddress$CachedLookup.get(InetAddress.java:988)
	at java.base/java.net.InetAddress.getAllByName0(InetAddress.java:1818)
	at java.base/java.net.InetAddress.getAllByName(InetAddress.java:1688)
	at com.mongodb.ServerAddress.getSocketAddresses(ServerAddress.java:209)
	... 6 common frames omitted
2026-08-17 17:14:56 INFO  org.mongodb.driver.cluster - Exception in monitor thread while connecting to server ac-bd180s9-shard-00-02.yvjbs2l.mongodb.net:27017
com.mongodb.MongoSocketException: No such host is known (ac-bd180s9-shard-00-02.yvjbs2l.mongodb.net)
	at com.mongodb.ServerAddress.getSocketAddresses(ServerAddress.java:217)
	at com.mongodb.internal.connection.SocketStream.initializeSocket(SocketStream.java:75)
	at com.mongodb.internal.connection.SocketStream.open(SocketStream.java:65)
	at com.mongodb.internal.connection.InternalStreamConnection.open(InternalStreamConnection.java:180)
	at com.mongodb.internal.connection.DefaultServerMonitor$ServerMonitorRunnable.lookupServerDescription(DefaultServerMonitor.java:193)
	at com.mongodb.internal.connection.DefaultServerMonitor$ServerMonitorRunnable.run(DefaultServerMonitor.java:157)
	at java.base/java.lang.Thread.run(Thread.java:1583)
Caused by: java.net.UnknownHostException: No such host is known (ac-bd180s9-shard-00-02.yvjbs2l.mongodb.net)
	at java.base/java.net.Inet6AddressImpl.lookupAllHostAddr(Native Method)
	at java.base/java.net.Inet6AddressImpl.lookupAllHostAddr(Inet6AddressImpl.java:52)
	at java.base/java.net.InetAddress$PlatformResolver.lookupByName(InetAddress.java:1211)
	at java.base/java.net.InetAddress.getAddressesFromNameService(InetAddress.java:1828)
	at java.base/java.net.InetAddress$NameServiceAddresses.get(InetAddress.java:1139)
	at java.base/java.net.InetAddress.getAllByName0(InetAddress.java:1818)
	at java.base/java.net.InetAddress.getAllByName(InetAddress.java:1688)
	at com.mongodb.ServerAddress.getSocketAddresses(ServerAddress.java:209)
	... 6 common frames omitted
2026-08-17 17:22:07 INFO  org.mongodb.driver.connection - Opened connection [connectionId{localValue:601, serverValue:157935}] to ac-bd180s9-shard-00-01.yvjbs2l.mongodb.net:27017
2026-08-17 17:22:07 INFO  org.mongodb.driver.connection - Opened connection [connectionId{localValue:604, serverValue:163051}] to ac-bd180s9-shard-00-02.yvjbs2l.mongodb.net:27017
2026-08-17 17:22:07 INFO  org.mongodb.driver.connection - Opened connection [connectionId{localValue:602, serverValue:157935}] to ac-bd180s9-shard-00-01.yvjbs2l.mongodb.net:27017
2026-08-17 17:22:07 INFO  org.mongodb.driver.connection - Opened connection [connectionId{localValue:603, serverValue:160414}] to ac-bd180s9-shard-00-00.yvjbs2l.mongodb.net:27017
2026-08-17 17:22:07 INFO  org.mongodb.driver.cluster - Monitor thread successfully connected to server with description ServerDescription{address=ac-bd180s9-shard-00-02.yvjbs2l.mongodb.net:27017, type=REPLICA_SET_PRIMARY, state=CONNECTED, ok=true, minWireVersion=0, maxWireVersion=25, maxDocumentSize=16777216, logicalSessionTimeoutMinutes=30, roundTripTimeNanos=237543000, setName='atlas-lpe6sk-shard-0', canonicalAddress=ac-bd180s9-shard-00-02.yvjbs2l.mongodb.net:27017, hosts=[ac-bd180s9-shard-00-01.yvjbs2l.mongodb.net:27017, ac-bd180s9-shard-00-02.yvjbs2l.mongodb.net:27017, ac-bd180s9-shard-00-00.yvjbs2l.mongodb.net:27017], passives=[], arbiters=[], primary='ac-bd180s9-shard-00-02.yvjbs2l.mongodb.net:27017', tagSet=TagSet{[Tag{name='availabilityZone', value='aps1-az2'}, Tag{name='cacheState', value='READY'}, Tag{name='diskState', value='READY'}, Tag{name='nodeType', value='ELECTABLE'}, Tag{name='provider', value='AWS'}, Tag{name='region', value='AP_SOUTH_1'}, Tag{name='workloadType', value='OPERATIONAL'}]}, electionId=7fffffff000000000000012d, setVersion=297, topologyVersion=TopologyVersion{processId=6a7b3d358e68804eae9a242f, counter=10}, lastWriteDate=Mon Aug 17 17:22:07 IST 2026, lastUpdateTimeNanos=63316982829600}
2026-08-17 17:22:07 INFO  org.mongodb.driver.cluster - Monitor thread successfully connected to server with description ServerDescription{address=ac-bd180s9-shard-00-01.yvjbs2l.mongodb.net:27017, type=REPLICA_SET_SECONDARY, state=CONNECTED, ok=true, minWireVersion=0, maxWireVersion=25, maxDocumentSize=16777216, logicalSessionTimeoutMinutes=30, roundTripTimeNanos=400035600, setName='atlas-lpe6sk-shard-0', canonicalAddress=ac-bd180s9-shard-00-01.yvjbs2l.mongodb.net:27017, hosts=[ac-bd180s9-shard-00-01.yvjbs2l.mongodb.net:27017, ac-bd180s9-shard-00-02.yvjbs2l.mongodb.net:27017, ac-bd180s9-shard-00-00.yvjbs2l.mongodb.net:27017], passives=[], arbiters=[], primary='ac-bd180s9-shard-00-02.yvjbs2l.mongodb.net:27017', tagSet=TagSet{[Tag{name='availabilityZone', value='aps1-az3'}, Tag{name='cacheState', value='READY'}, Tag{name='diskState', value='READY'}, Tag{name='nodeType', value='ELECTABLE'}, Tag{name='provider', value='AWS'}, Tag{name='region', value='AP_SOUTH_1'}, Tag{name='workloadType', value='OPERATIONAL'}]}, electionId=null, setVersion=297, topologyVersion=TopologyVersion{processId=6a7b3fc5ee64108dce410aaf, counter=5}, lastWriteDate=Mon Aug 17 17:22:07 IST 2026, lastUpdateTimeNanos=63317021376000}
2026-08-17 17:22:07 INFO  org.mongodb.driver.cluster - Discovered replica set primary ac-bd180s9-shard-00-02.yvjbs2l.mongodb.net:27017
2026-08-17 17:22:07 INFO  org.mongodb.driver.cluster - Monitor thread successfully connected to server with description ServerDescription{address=ac-bd180s9-shard-00-00.yvjbs2l.mongodb.net:27017, type=REPLICA_SET_SECONDARY, state=CONNECTED, ok=true, minWireVersion=0, maxWireVersion=25, maxDocumentSize=16777216, logicalSessionTimeoutMinutes=30, roundTripTimeNanos=384090700, setName='atlas-lpe6sk-shard-0', canonicalAddress=ac-bd180s9-shard-00-00.yvjbs2l.mongodb.net:27017, hosts=[ac-bd180s9-shard-00-01.yvjbs2l.mongodb.net:27017, ac-bd180s9-shard-00-02.yvjbs2l.mongodb.net:27017, ac-bd180s9-shard-00-00.yvjbs2l.mongodb.net:27017], passives=[], arbiters=[], primary='ac-bd180s9-shard-00-02.yvjbs2l.mongodb.net:27017', tagSet=TagSet{[Tag{name='availabilityZone', value='aps1-az1'}, Tag{name='cacheState', value='READY'}, Tag{name='diskState', value='READY'}, Tag{name='nodeType', value='ELECTABLE'}, Tag{name='provider', value='AWS'}, Tag{name='region', value='AP_SOUTH_1'}, Tag{name='workloadType', value='OPERATIONAL'}]}, electionId=null, setVersion=297, topologyVersion=TopologyVersion{processId=6a7b3ab66a60f4deb1771140, counter=10}, lastWriteDate=Mon Aug 17 17:22:07 IST 2026, lastUpdateTimeNanos=63317082514300}
2026-08-17 17:22:14 INFO  org.mongodb.driver.connection - Opened connection [connectionId{localValue:605, serverValue:162932}] to ac-bd180s9-shard-00-02.yvjbs2l.mongodb.net:27017
2026-08-17 17:22:14 INFO  org.mongodb.driver.connection - Opened connection [connectionId{localValue:606, serverValue:160419}] to ac-bd180s9-shard-00-00.yvjbs2l.mongodb.net:27017
2026-08-17 17:52:19 INFO  org.mongodb.driver.cluster - Exception in monitor thread while connecting to server ac-bd180s9-shard-00-02.yvjbs2l.mongodb.net:27017
com.mongodb.MongoSocketReadException: Exception receiving message
	at com.mongodb.internal.connection.InternalStreamConnection.translateReadException(InternalStreamConnection.java:702)
	at com.mongodb.internal.connection.InternalStreamConnection.receiveMessageWithAdditionalTimeout(InternalStreamConnection.java:574)
	at com.mongodb.internal.connection.InternalStreamConnection.receiveCommandMessageResponse(InternalStreamConnection.java:410)
	at com.mongodb.internal.connection.InternalStreamConnection.receive(InternalStreamConnection.java:369)
	at com.mongodb.internal.connection.DefaultServerMonitor$ServerMonitorRunnable.lookupServerDescription(DefaultServerMonitor.java:221)
	at com.mongodb.internal.connection.DefaultServerMonitor$ServerMonitorRunnable.run(DefaultServerMonitor.java:157)
	at java.base/java.lang.Thread.run(Thread.java:1583)
Caused by: java.net.SocketException: Socket is closed
	at java.base/java.net.Socket.setSoTimeout(Socket.java:1385)
	at java.base/sun.security.ssl.BaseSSLSocketImpl.setSoTimeout(BaseSSLSocketImpl.java:614)
	at java.base/sun.security.ssl.SSLSocketImpl.setSoTimeout(SSLSocketImpl.java:74)
	at com.mongodb.internal.connection.SocketStream.read(SocketStream.java:137)
	at com.mongodb.internal.connection.InternalStreamConnection.receiveResponseBuffers(InternalStreamConnection.java:713)
	at com.mongodb.internal.connection.InternalStreamConnection.receiveMessageWithAdditionalTimeout(InternalStreamConnection.java:571)
	... 5 common frames omitted
2026-08-17 17:52:19 INFO  org.mongodb.driver.cluster - Exception in monitor thread while connecting to server ac-bd180s9-shard-00-00.yvjbs2l.mongodb.net:27017
com.mongodb.MongoSocketReadException: Exception receiving message
	at com.mongodb.internal.connection.InternalStreamConnection.translateReadException(InternalStreamConnection.java:702)
	at com.mongodb.internal.connection.InternalStreamConnection.receiveMessageWithAdditionalTimeout(InternalStreamConnection.java:574)
	at com.mongodb.internal.connection.InternalStreamConnection.receiveCommandMessageResponse(InternalStreamConnection.java:410)
	at com.mongodb.internal.connection.InternalStreamConnection.receive(InternalStreamConnection.java:369)
	at com.mongodb.internal.connection.DefaultServerMonitor$ServerMonitorRunnable.lookupServerDescription(DefaultServerMonitor.java:221)
	at com.mongodb.internal.connection.DefaultServerMonitor$ServerMonitorRunnable.run(DefaultServerMonitor.java:157)
	at java.base/java.lang.Thread.run(Thread.java:1583)
Caused by: java.net.SocketException: Socket is closed
	at java.base/java.net.Socket.setSoTimeout(Socket.java:1385)
	at java.base/sun.security.ssl.BaseSSLSocketImpl.setSoTimeout(BaseSSLSocketImpl.java:614)
	at java.base/sun.security.ssl.SSLSocketImpl.setSoTimeout(SSLSocketImpl.java:74)
	at com.mongodb.internal.connection.SocketStream.read(SocketStream.java:137)
	at com.mongodb.internal.connection.InternalStreamConnection.receiveResponseBuffers(InternalStreamConnection.java:713)
	at com.mongodb.internal.connection.InternalStreamConnection.receiveMessageWithAdditionalTimeout(InternalStreamConnection.java:571)
	... 5 common frames omitted
2026-08-17 17:52:19 INFO  org.mongodb.driver.cluster - Exception in monitor thread while connecting to server ac-bd180s9-shard-00-01.yvjbs2l.mongodb.net:27017
com.mongodb.MongoSocketReadException: Exception receiving message
	at com.mongodb.internal.connection.InternalStreamConnection.translateReadException(InternalStreamConnection.java:702)
	at com.mongodb.internal.connection.InternalStreamConnection.receiveMessageWithAdditionalTimeout(InternalStreamConnection.java:574)
	at com.mongodb.internal.connection.InternalStreamConnection.receiveCommandMessageResponse(InternalStreamConnection.java:410)
	at com.mongodb.internal.connection.InternalStreamConnection.receive(InternalStreamConnection.java:369)
	at com.mongodb.internal.connection.DefaultServerMonitor$ServerMonitorRunnable.lookupServerDescription(DefaultServerMonitor.java:221)
	at com.mongodb.internal.connection.DefaultServerMonitor$ServerMonitorRunnable.run(DefaultServerMonitor.java:157)
	at java.base/java.lang.Thread.run(Thread.java:1583)
Caused by: java.net.SocketException: Socket is closed
	at java.base/java.net.Socket.setSoTimeout(Socket.java:1385)
	at java.base/sun.security.ssl.BaseSSLSocketImpl.setSoTimeout(BaseSSLSocketImpl.java:614)
	at java.base/sun.security.ssl.SSLSocketImpl.setSoTimeout(SSLSocketImpl.java:74)
	at com.mongodb.internal.connection.SocketStream.read(SocketStream.java:137)
	at com.mongodb.internal.connection.InternalStreamConnection.receiveResponseBuffers(InternalStreamConnection.java:713)
	at com.mongodb.internal.connection.InternalStreamConnection.receiveMessageWithAdditionalTimeout(InternalStreamConnection.java:571)
	... 5 common frames omitted
2026-08-17 17:52:21 INFO  org.mongodb.driver.cluster - Exception in monitor thread while connecting to server ac-bd180s9-shard-00-01.yvjbs2l.mongodb.net:27017
com.mongodb.MongoSocketException: No such host is known (ac-bd180s9-shard-00-01.yvjbs2l.mongodb.net)
	at com.mongodb.ServerAddress.getSocketAddresses(ServerAddress.java:217)
	at com.mongodb.internal.connection.SocketStream.initializeSocket(SocketStream.java:75)
	at com.mongodb.internal.connection.SocketStream.open(SocketStream.java:65)
	at com.mongodb.internal.connection.InternalStreamConnection.open(InternalStreamConnection.java:180)
	at com.mongodb.internal.connection.DefaultServerMonitor$ServerMonitorRunnable.lookupServerDescription(DefaultServerMonitor.java:193)
	at com.mongodb.internal.connection.DefaultServerMonitor$ServerMonitorRunnable.run(DefaultServerMonitor.java:157)
	at java.base/java.lang.Thread.run(Thread.java:1583)
Caused by: java.net.UnknownHostException: No such host is known (ac-bd180s9-shard-00-01.yvjbs2l.mongodb.net)
	at java.base/java.net.Inet6AddressImpl.lookupAllHostAddr(Native Method)
	at java.base/java.net.Inet6AddressImpl.lookupAllHostAddr(Inet6AddressImpl.java:52)
	at java.base/java.net.InetAddress$PlatformResolver.lookupByName(InetAddress.java:1211)
	at java.base/java.net.InetAddress.getAddressesFromNameService(InetAddress.java:1828)
	at java.base/java.net.InetAddress$NameServiceAddresses.get(InetAddress.java:1139)
	at java.base/java.net.InetAddress.getAllByName0(InetAddress.java:1818)
	at java.base/java.net.InetAddress.getAllByName(InetAddress.java:1688)
	at com.mongodb.ServerAddress.getSocketAddresses(ServerAddress.java:209)
	... 6 common frames omitted
2026-08-17 17:52:21 INFO  org.mongodb.driver.cluster - Exception in monitor thread while connecting to server ac-bd180s9-shard-00-02.yvjbs2l.mongodb.net:27017
com.mongodb.MongoSocketOpenException: Exception opening socket
	at com.mongodb.internal.connection.SocketStream.open(SocketStream.java:70)
	at com.mongodb.internal.connection.InternalStreamConnection.open(InternalStreamConnection.java:180)
	at com.mongodb.internal.connection.DefaultServerMonitor$ServerMonitorRunnable.lookupServerDescription(DefaultServerMonitor.java:193)
	at com.mongodb.internal.connection.DefaultServerMonitor$ServerMonitorRunnable.run(DefaultServerMonitor.java:157)
	at java.base/java.lang.Thread.run(Thread.java:1583)
Caused by: java.net.SocketException: Network is unreachable: getsockopt
	at java.base/sun.nio.ch.Net.pollConnect(Native Method)
	at java.base/sun.nio.ch.Net.pollConnectNow(Net.java:682)
	at java.base/sun.nio.ch.NioSocketImpl.timedFinishConnect(NioSocketImpl.java:542)
	at java.base/sun.nio.ch.NioSocketImpl.connect(NioSocketImpl.java:592)
	at java.base/java.net.SocksSocketImpl.connect(SocksSocketImpl.java:327)
	at java.base/java.net.Socket.connect(Socket.java:751)
	at java.base/sun.security.ssl.SSLSocketImpl.connect(SSLSocketImpl.java:304)
	at com.mongodb.internal.connection.SocketStreamHelper.initialize(SocketStreamHelper.java:107)
	at com.mongodb.internal.connection.SocketStream.initializeSocket(SocketStream.java:79)
	at com.mongodb.internal.connection.SocketStream.open(SocketStream.java:65)
	... 4 common frames omitted
2026-08-17 17:52:21 INFO  org.mongodb.driver.cluster - Exception in monitor thread while connecting to server ac-bd180s9-shard-00-00.yvjbs2l.mongodb.net:27017
com.mongodb.MongoSocketOpenException: Exception opening socket
	at com.mongodb.internal.connection.SocketStream.open(SocketStream.java:70)
	at com.mongodb.internal.connection.InternalStreamConnection.open(InternalStreamConnection.java:180)
	at com.mongodb.internal.connection.DefaultServerMonitor$ServerMonitorRunnable.lookupServerDescription(DefaultServerMonitor.java:193)
	at com.mongodb.internal.connection.DefaultServerMonitor$ServerMonitorRunnable.run(DefaultServerMonitor.java:157)
	at java.base/java.lang.Thread.run(Thread.java:1583)
Caused by: java.net.SocketException: Network is unreachable: getsockopt
	at java.base/sun.nio.ch.Net.pollConnect(Native Method)
	at java.base/sun.nio.ch.Net.pollConnectNow(Net.java:682)
	at java.base/sun.nio.ch.NioSocketImpl.timedFinishConnect(NioSocketImpl.java:542)
	at java.base/sun.nio.ch.NioSocketImpl.connect(NioSocketImpl.java:592)
	at java.base/java.net.SocksSocketImpl.connect(SocksSocketImpl.java:327)
	at java.base/java.net.Socket.connect(Socket.java:751)
	at java.base/sun.security.ssl.SSLSocketImpl.connect(SSLSocketImpl.java:304)
	at com.mongodb.internal.connection.SocketStreamHelper.initialize(SocketStreamHelper.java:107)
	at com.mongodb.internal.connection.SocketStream.initializeSocket(SocketStream.java:79)
	at com.mongodb.internal.connection.SocketStream.open(SocketStream.java:65)
	... 4 common frames omitted
2026-08-17 19:31:45 INFO  org.mongodb.driver.cluster - Exception in monitor thread while connecting to server ac-bd180s9-shard-00-01.yvjbs2l.mongodb.net:27017
com.mongodb.MongoSocketException: ac-bd180s9-shard-00-01.yvjbs2l.mongodb.net
	at com.mongodb.ServerAddress.getSocketAddresses(ServerAddress.java:217)
	at com.mongodb.internal.connection.SocketStream.initializeSocket(SocketStream.java:75)
	at com.mongodb.internal.connection.SocketStream.open(SocketStream.java:65)
	at com.mongodb.internal.connection.InternalStreamConnection.open(InternalStreamConnection.java:180)
	at com.mongodb.internal.connection.DefaultServerMonitor$ServerMonitorRunnable.lookupServerDescription(DefaultServerMonitor.java:193)
	at com.mongodb.internal.connection.DefaultServerMonitor$ServerMonitorRunnable.run(DefaultServerMonitor.java:157)
	at java.base/java.lang.Thread.run(Thread.java:1583)
Caused by: java.net.UnknownHostException: ac-bd180s9-shard-00-01.yvjbs2l.mongodb.net
	at java.base/java.net.InetAddress$CachedLookup.get(InetAddress.java:988)
	at java.base/java.net.InetAddress.getAllByName0(InetAddress.java:1818)
	at java.base/java.net.InetAddress.getAllByName(InetAddress.java:1688)
	at com.mongodb.ServerAddress.getSocketAddresses(ServerAddress.java:209)
	... 6 common frames omitted
2026-08-17 19:31:46 INFO  org.mongodb.driver.cluster - Exception in monitor thread while connecting to server ac-bd180s9-shard-00-02.yvjbs2l.mongodb.net:27017
com.mongodb.MongoSocketException: ac-bd180s9-shard-00-02.yvjbs2l.mongodb.net
	at com.mongodb.ServerAddress.getSocketAddresses(ServerAddress.java:217)
	at com.mongodb.internal.connection.SocketStream.initializeSocket(SocketStream.java:75)
	at com.mongodb.internal.connection.SocketStream.open(SocketStream.java:65)
	at com.mongodb.internal.connection.InternalStreamConnection.open(InternalStreamConnection.java:180)
	at com.mongodb.internal.connection.DefaultServerMonitor$ServerMonitorRunnable.lookupServerDescription(DefaultServerMonitor.java:193)
	at com.mongodb.internal.connection.DefaultServerMonitor$ServerMonitorRunnable.run(DefaultServerMonitor.java:157)
	at java.base/java.lang.Thread.run(Thread.java:1583)
Caused by: java.net.UnknownHostException: ac-bd180s9-shard-00-02.yvjbs2l.mongodb.net
	at java.base/java.net.InetAddress$CachedLookup.get(InetAddress.java:988)
	at java.base/java.net.InetAddress.getAllByName0(InetAddress.java:1818)
	at java.base/java.net.InetAddress.getAllByName(InetAddress.java:1688)
	at com.mongodb.ServerAddress.getSocketAddresses(ServerAddress.java:209)
	... 6 common frames omitted
2026-08-17 19:31:46 INFO  org.mongodb.driver.cluster - Exception in monitor thread while connecting to server ac-bd180s9-shard-00-00.yvjbs2l.mongodb.net:27017
com.mongodb.MongoSocketException: ac-bd180s9-shard-00-00.yvjbs2l.mongodb.net
	at com.mongodb.ServerAddress.getSocketAddresses(ServerAddress.java:217)
	at com.mongodb.internal.connection.SocketStream.initializeSocket(SocketStream.java:75)
	at com.mongodb.internal.connection.SocketStream.open(SocketStream.java:65)
	at com.mongodb.internal.connection.InternalStreamConnection.open(InternalStreamConnection.java:180)
	at com.mongodb.internal.connection.DefaultServerMonitor$ServerMonitorRunnable.lookupServerDescription(DefaultServerMonitor.java:193)
	at com.mongodb.internal.connection.DefaultServerMonitor$ServerMonitorRunnable.run(DefaultServerMonitor.java:157)
	at java.base/java.lang.Thread.run(Thread.java:1583)
Caused by: java.net.UnknownHostException: ac-bd180s9-shard-00-00.yvjbs2l.mongodb.net
	at java.base/java.net.InetAddress$CachedLookup.get(InetAddress.java:988)
	at java.base/java.net.InetAddress.getAllByName0(InetAddress.java:1818)
	at java.base/java.net.InetAddress.getAllByName(InetAddress.java:1688)
	at com.mongodb.ServerAddress.getSocketAddresses(ServerAddress.java:209)
	... 6 common frames omitted
2026-08-17 19:32:46 INFO  org.mongodb.driver.connection - Opened connection [connectionId{localValue:647, serverValue:165409}] to ac-bd180s9-shard-00-02.yvjbs2l.mongodb.net:27017
2026-08-17 19:32:46 INFO  org.mongodb.driver.connection - Opened connection [connectionId{localValue:646, serverValue:162859}] to ac-bd180s9-shard-00-00.yvjbs2l.mongodb.net:27017
2026-08-17 19:32:46 INFO  org.mongodb.driver.connection - Opened connection [connectionId{localValue:648, serverValue:160339}] to ac-bd180s9-shard-00-01.yvjbs2l.mongodb.net:27017
2026-08-17 19:32:46 INFO  org.mongodb.driver.connection - Opened connection [connectionId{localValue:649, serverValue:160358}] to ac-bd180s9-shard-00-01.yvjbs2l.mongodb.net:27017
2026-08-17 19:32:46 INFO  org.mongodb.driver.cluster - Monitor thread successfully connected to server with description ServerDescription{address=ac-bd180s9-shard-00-01.yvjbs2l.mongodb.net:27017, type=REPLICA_SET_SECONDARY, state=CONNECTED, ok=true, minWireVersion=0, maxWireVersion=25, maxDocumentSize=16777216, logicalSessionTimeoutMinutes=30, roundTripTimeNanos=89355500, setName='atlas-lpe6sk-shard-0', canonicalAddress=ac-bd180s9-shard-00-01.yvjbs2l.mongodb.net:27017, hosts=[ac-bd180s9-shard-00-01.yvjbs2l.mongodb.net:27017, ac-bd180s9-shard-00-02.yvjbs2l.mongodb.net:27017, ac-bd180s9-shard-00-00.yvjbs2l.mongodb.net:27017], passives=[], arbiters=[], primary='ac-bd180s9-shard-00-02.yvjbs2l.mongodb.net:27017', tagSet=TagSet{[Tag{name='availabilityZone', value='aps1-az3'}, Tag{name='cacheState', value='READY'}, Tag{name='diskState', value='READY'}, Tag{name='nodeType', value='ELECTABLE'}, Tag{name='provider', value='AWS'}, Tag{name='region', value='AP_SOUTH_1'}, Tag{name='workloadType', value='OPERATIONAL'}]}, electionId=null, setVersion=297, topologyVersion=TopologyVersion{processId=6a7b3fc5ee64108dce410aaf, counter=5}, lastWriteDate=Mon Aug 17 19:32:46 IST 2026, lastUpdateTimeNanos=71156137086800}
2026-08-17 19:32:47 INFO  org.mongodb.driver.connection - Opened connection [connectionId{localValue:651, serverValue:162783}] to ac-bd180s9-shard-00-00.yvjbs2l.mongodb.net:27017
2026-08-17 19:32:47 INFO  org.mongodb.driver.cluster - Monitor thread successfully connected to server with description ServerDescription{address=ac-bd180s9-shard-00-00.yvjbs2l.mongodb.net:27017, type=REPLICA_SET_SECONDARY, state=CONNECTED, ok=true, minWireVersion=0, maxWireVersion=25, maxDocumentSize=16777216, logicalSessionTimeoutMinutes=30, roundTripTimeNanos=79044700, setName='atlas-lpe6sk-shard-0', canonicalAddress=ac-bd180s9-shard-00-00.yvjbs2l.mongodb.net:27017, hosts=[ac-bd180s9-shard-00-01.yvjbs2l.mongodb.net:27017, ac-bd180s9-shard-00-02.yvjbs2l.mongodb.net:27017, ac-bd180s9-shard-00-00.yvjbs2l.mongodb.net:27017], passives=[], arbiters=[], primary='ac-bd180s9-shard-00-02.yvjbs2l.mongodb.net:27017', tagSet=TagSet{[Tag{name='availabilityZone', value='aps1-az1'}, Tag{name='cacheState', value='READY'}, Tag{name='diskState', value='READY'}, Tag{name='nodeType', value='ELECTABLE'}, Tag{name='provider', value='AWS'}, Tag{name='region', value='AP_SOUTH_1'}, Tag{name='workloadType', value='OPERATIONAL'}]}, electionId=null, setVersion=297, topologyVersion=TopologyVersion{processId=6a7b3ab66a60f4deb1771140, counter=10}, lastWriteDate=Mon Aug 17 19:32:47 IST 2026, lastUpdateTimeNanos=71156967133200}
2026-08-17 19:32:47 INFO  org.mongodb.driver.connection - Opened connection [connectionId{localValue:650, serverValue:165412}] to ac-bd180s9-shard-00-02.yvjbs2l.mongodb.net:27017
2026-08-17 19:32:47 INFO  org.mongodb.driver.cluster - Monitor thread successfully connected to server with description ServerDescription{address=ac-bd180s9-shard-00-02.yvjbs2l.mongodb.net:27017, type=REPLICA_SET_PRIMARY, state=CONNECTED, ok=true, minWireVersion=0, maxWireVersion=25, maxDocumentSize=16777216, logicalSessionTimeoutMinutes=30, roundTripTimeNanos=95114600, setName='atlas-lpe6sk-shard-0', canonicalAddress=ac-bd180s9-shard-00-02.yvjbs2l.mongodb.net:27017, hosts=[ac-bd180s9-shard-00-01.yvjbs2l.mongodb.net:27017, ac-bd180s9-shard-00-02.yvjbs2l.mongodb.net:27017, ac-bd180s9-shard-00-00.yvjbs2l.mongodb.net:27017], passives=[], arbiters=[], primary='ac-bd180s9-shard-00-02.yvjbs2l.mongodb.net:27017', tagSet=TagSet{[Tag{name='availabilityZone', value='aps1-az2'}, Tag{name='cacheState', value='READY'}, Tag{name='diskState', value='READY'}, Tag{name='nodeType', value='ELECTABLE'}, Tag{name='provider', value='AWS'}, Tag{name='region', value='AP_SOUTH_1'}, Tag{name='workloadType', value='OPERATIONAL'}]}, electionId=7fffffff000000000000012d, setVersion=297, topologyVersion=TopologyVersion{processId=6a7b3d358e68804eae9a242f, counter=10}, lastWriteDate=Mon Aug 17 19:32:47 IST 2026, lastUpdateTimeNanos=71156991363700}
2026-08-17 19:32:47 INFO  org.mongodb.driver.cluster - Discovered replica set primary ac-bd180s9-shard-00-02.yvjbs2l.mongodb.net:27017
2026-08-17 19:42:00 INFO  org.mongodb.driver.connection - Opened connection [connectionId{localValue:652, serverValue:165648}] to ac-bd180s9-shard-00-02.yvjbs2l.mongodb.net:27017
2026-08-17 19:58:04 INFO  com.journalApp.JournalAppApplication - Starting JournalAppApplication using Java 21.0.4 on SHAHID with PID 23260 (C:\Users\MD SHAHID ANSARI\IdeaProjects\journalApp\journalApp\target\classes started by MD SHAHID ANSARI in C:\Users\MD SHAHID ANSARI\IdeaProjects\journalApp)
2026-08-17 19:58:04 INFO  com.journalApp.JournalAppApplication - The following 1 profile is active: "dev"
2026-08-17 19:58:06 INFO  o.s.d.r.c.RepositoryConfigurationDelegate - Bootstrapping Spring Data MongoDB repositories in DEFAULT mode.
2026-08-17 19:58:06 INFO  o.s.d.r.c.RepositoryConfigurationDelegate - Finished Spring Data repository scanning in 158 ms. Found 2 MongoDB repository interfaces.
2026-08-17 19:58:08 INFO  o.s.b.w.e.tomcat.TomcatWebServer - Tomcat initialized with port(s): 8080 (http)
2026-08-17 19:58:08 INFO  o.a.coyote.http11.Http11NioProtocol - Initializing ProtocolHandler ["http-nio-8080"]
2026-08-17 19:58:08 INFO  o.a.catalina.core.StandardService - Starting service [Tomcat]
2026-08-17 19:58:08 INFO  o.a.catalina.core.StandardEngine - Starting Servlet engine: [Apache Tomcat/9.0.83]
2026-08-17 19:58:08 INFO  o.a.c.c.C.[.[localhost].[/journal] - Initializing Spring embedded WebApplicationContext
2026-08-17 19:58:08 INFO  o.s.b.w.s.c.ServletWebServerApplicationContext - Root WebApplicationContext: initialization completed in 3533 ms
2026-08-17 19:58:09 INFO  org.mongodb.driver.client - MongoClient with metadata {"driver": {"name": "mongo-java-driver|sync|spring-boot", "version": "4.6.1"}, "os": {"type": "Windows", "name": "Windows 11", "architecture": "amd64", "version": "10.0"}, "platform": "Java/Oracle Corporation/21.0.4+8-LTS-274", "application": {"name": "Cluster0"}} created with settings MongoClientSettings{readPreference=primary, writeConcern=WriteConcern{w=null, wTimeout=null ms, journal=null}, retryWrites=true, retryReads=true, readConcern=ReadConcern{level=null}, credential=MongoCredential{mechanism=null, userName='mdshahidans2005_db_user', source='admin', password=<hidden>, mechanismProperties=<hidden>}, streamFactoryFactory=null, commandListeners=[], codecRegistry=ProvidersCodecRegistry{codecProviders=[ValueCodecProvider{}, BsonValueCodecProvider{}, DBRefCodecProvider{}, DBObjectCodecProvider{}, DocumentCodecProvider{}, IterableCodecProvider{}, MapCodecProvider{}, GeoJsonCodecProvider{}, GridFSFileCodecProvider{}, Jsr310CodecProvider{}, JsonObjectCodecProvider{}, BsonCodecProvider{}, EnumCodecProvider{}, com.mongodb.Jep395RecordCodecProvider@297c9a9b]}, clusterSettings={hosts=[127.0.0.1:27017], srvHost=cluster0.yvjbs2l.mongodb.net, srvServiceName=mongodb, mode=MULTIPLE, requiredClusterType=REPLICA_SET, requiredReplicaSetName='atlas-lpe6sk-shard-0', serverSelector='null', clusterListeners='[]', serverSelectionTimeout='30000 ms', localThreshold='30000 ms'}, socketSettings=SocketSettings{connectTimeoutMS=10000, readTimeoutMS=0, receiveBufferSize=0, sendBufferSize=0}, heartbeatSocketSettings=SocketSettings{connectTimeoutMS=10000, readTimeoutMS=10000, receiveBufferSize=0, sendBufferSize=0}, connectionPoolSettings=ConnectionPoolSettings{maxSize=100, minSize=0, maxWaitTimeMS=120000, maxConnectionLifeTimeMS=0, maxConnectionIdleTimeMS=0, maintenanceInitialDelayMS=0, maintenanceFrequencyMS=60000, connectionPoolListeners=[], maxConnecting=2}, serverSettings=ServerSettings{heartbeatFrequencyMS=10000, minHeartbeatFrequencyMS=500, serverListeners='[]', serverMonitorListeners='[]'}, sslSettings=SslSettings{enabled=true, invalidHostNameAllowed=false, context=null}, applicationName='Cluster0', compressorList=[], uuidRepresentation=JAVA_LEGACY, serverApi=null, autoEncryptionSettings=null, contextProvider=null}
2026-08-17 19:58:09 INFO  org.mongodb.driver.cluster - Adding discovered server ac-bd180s9-shard-00-00.yvjbs2l.mongodb.net:27017 to client view of cluster
2026-08-17 19:58:09 INFO  org.mongodb.driver.cluster - Adding discovered server ac-bd180s9-shard-00-01.yvjbs2l.mongodb.net:27017 to client view of cluster
2026-08-17 19:58:09 INFO  org.mongodb.driver.cluster - Adding discovered server ac-bd180s9-shard-00-02.yvjbs2l.mongodb.net:27017 to client view of cluster
2026-08-17 19:58:10 INFO  org.mongodb.driver.cluster - No server chosen by com.mongodb.client.internal.MongoClientDelegate$1@15d3793b from cluster description ClusterDescription{type=REPLICA_SET, connectionMode=MULTIPLE, serverDescriptions=[ServerDescription{address=ac-bd180s9-shard-00-00.yvjbs2l.mongodb.net:27017, type=UNKNOWN, state=CONNECTING}, ServerDescription{address=ac-bd180s9-shard-00-02.yvjbs2l.mongodb.net:27017, type=UNKNOWN, state=CONNECTING}, ServerDescription{address=ac-bd180s9-shard-00-01.yvjbs2l.mongodb.net:27017, type=UNKNOWN, state=CONNECTING}]}. Waiting for 30000 ms before timing out
2026-08-17 19:58:10 INFO  org.mongodb.driver.connection - Opened connection [connectionId{localValue:3, serverValue:160795}] to ac-bd180s9-shard-00-01.yvjbs2l.mongodb.net:27017
2026-08-17 19:58:10 INFO  org.mongodb.driver.connection - Opened connection [connectionId{localValue:1, serverValue:160812}] to ac-bd180s9-shard-00-01.yvjbs2l.mongodb.net:27017
2026-08-17 19:58:10 INFO  org.mongodb.driver.connection - Opened connection [connectionId{localValue:2, serverValue:165951}] to ac-bd180s9-shard-00-02.yvjbs2l.mongodb.net:27017
2026-08-17 19:58:10 INFO  org.mongodb.driver.cluster - Monitor thread successfully connected to server with description ServerDescription{address=ac-bd180s9-shard-00-02.yvjbs2l.mongodb.net:27017, type=REPLICA_SET_PRIMARY, state=CONNECTED, ok=true, minWireVersion=0, maxWireVersion=25, maxDocumentSize=16777216, logicalSessionTimeoutMinutes=30, roundTripTimeNanos=656752200, setName='atlas-lpe6sk-shard-0', canonicalAddress=ac-bd180s9-shard-00-02.yvjbs2l.mongodb.net:27017, hosts=[ac-bd180s9-shard-00-01.yvjbs2l.mongodb.net:27017, ac-bd180s9-shard-00-02.yvjbs2l.mongodb.net:27017, ac-bd180s9-shard-00-00.yvjbs2l.mongodb.net:27017], passives=[], arbiters=[], primary='ac-bd180s9-shard-00-02.yvjbs2l.mongodb.net:27017', tagSet=TagSet{[Tag{name='availabilityZone', value='aps1-az2'}, Tag{name='cacheState', value='READY'}, Tag{name='diskState', value='READY'}, Tag{name='nodeType', value='ELECTABLE'}, Tag{name='provider', value='AWS'}, Tag{name='region', value='AP_SOUTH_1'}, Tag{name='workloadType', value='OPERATIONAL'}]}, electionId=7fffffff000000000000012d, setVersion=297, topologyVersion=TopologyVersion{processId=6a7b3d358e68804eae9a242f, counter=10}, lastWriteDate=Mon Aug 17 19:58:11 IST 2026, lastUpdateTimeNanos=72680753621200}
2026-08-17 19:58:10 INFO  org.mongodb.driver.cluster - Monitor thread successfully connected to server with description ServerDescription{address=ac-bd180s9-shard-00-01.yvjbs2l.mongodb.net:27017, type=REPLICA_SET_SECONDARY, state=CONNECTED, ok=true, minWireVersion=0, maxWireVersion=25, maxDocumentSize=16777216, logicalSessionTimeoutMinutes=30, roundTripTimeNanos=656031800, setName='atlas-lpe6sk-shard-0', canonicalAddress=ac-bd180s9-shard-00-01.yvjbs2l.mongodb.net:27017, hosts=[ac-bd180s9-shard-00-01.yvjbs2l.mongodb.net:27017, ac-bd180s9-shard-00-02.yvjbs2l.mongodb.net:27017, ac-bd180s9-shard-00-00.yvjbs2l.mongodb.net:27017], passives=[], arbiters=[], primary='ac-bd180s9-shard-00-02.yvjbs2l.mongodb.net:27017', tagSet=TagSet{[Tag{name='availabilityZone', value='aps1-az3'}, Tag{name='cacheState', value='READY'}, Tag{name='diskState', value='READY'}, Tag{name='nodeType', value='ELECTABLE'}, Tag{name='provider', value='AWS'}, Tag{name='region', value='AP_SOUTH_1'}, Tag{name='workloadType', value='OPERATIONAL'}]}, electionId=null, setVersion=297, topologyVersion=TopologyVersion{processId=6a7b3fc5ee64108dce410aaf, counter=5}, lastWriteDate=Mon Aug 17 19:58:11 IST 2026, lastUpdateTimeNanos=72680752876600}
2026-08-17 19:58:10 INFO  org.mongodb.driver.connection - Opened connection [connectionId{localValue:4, serverValue:163339}] to ac-bd180s9-shard-00-00.yvjbs2l.mongodb.net:27017
2026-08-17 19:58:10 INFO  org.mongodb.driver.cluster - Monitor thread successfully connected to server with description ServerDescription{address=ac-bd180s9-shard-00-00.yvjbs2l.mongodb.net:27017, type=REPLICA_SET_SECONDARY, state=CONNECTED, ok=true, minWireVersion=0, maxWireVersion=25, maxDocumentSize=16777216, logicalSessionTimeoutMinutes=30, roundTripTimeNanos=659296300, setName='atlas-lpe6sk-shard-0', canonicalAddress=ac-bd180s9-shard-00-00.yvjbs2l.mongodb.net:27017, hosts=[ac-bd180s9-shard-00-01.yvjbs2l.mongodb.net:27017, ac-bd180s9-shard-00-02.yvjbs2l.mongodb.net:27017, ac-bd180s9-shard-00-00.yvjbs2l.mongodb.net:27017], passives=[], arbiters=[], primary='ac-bd180s9-shard-00-02.yvjbs2l.mongodb.net:27017', tagSet=TagSet{[Tag{name='availabilityZone', value='aps1-az1'}, Tag{name='cacheState', value='READY'}, Tag{name='diskState', value='READY'}, Tag{name='nodeType', value='ELECTABLE'}, Tag{name='provider', value='AWS'}, Tag{name='region', value='AP_SOUTH_1'}, Tag{name='workloadType', value='OPERATIONAL'}]}, electionId=null, setVersion=297, topologyVersion=TopologyVersion{processId=6a7b3ab66a60f4deb1771140, counter=10}, lastWriteDate=Mon Aug 17 19:58:11 IST 2026, lastUpdateTimeNanos=72680756150700}
2026-08-17 19:58:10 INFO  org.mongodb.driver.connection - Opened connection [connectionId{localValue:6, serverValue:163312}] to ac-bd180s9-shard-00-00.yvjbs2l.mongodb.net:27017
2026-08-17 19:58:10 INFO  org.mongodb.driver.cluster - Setting max election id to 7fffffff000000000000012d from replica set primary ac-bd180s9-shard-00-02.yvjbs2l.mongodb.net:27017
2026-08-17 19:58:10 INFO  org.mongodb.driver.cluster - Setting max set version to 297 from replica set primary ac-bd180s9-shard-00-02.yvjbs2l.mongodb.net:27017
2026-08-17 19:58:10 INFO  org.mongodb.driver.cluster - Discovered replica set primary ac-bd180s9-shard-00-02.yvjbs2l.mongodb.net:27017
2026-08-17 19:58:10 INFO  org.mongodb.driver.connection - Opened connection [connectionId{localValue:5, serverValue:165951}] to ac-bd180s9-shard-00-02.yvjbs2l.mongodb.net:27017
2026-08-17 19:58:11 INFO  org.mongodb.driver.connection - Opened connection [connectionId{localValue:7, serverValue:165645}] to ac-bd180s9-shard-00-02.yvjbs2l.mongodb.net:27017
2026-08-17 19:58:12 WARN  o.s.b.w.s.c.AnnotationConfigServletWebServerApplicationContext - Exception encountered during context initialization - cancelling refresh attempt: org.springframework.beans.factory.UnsatisfiedDependencyException: Error creating bean with name 'userController': Unsatisfied dependency expressed through field 'weatherService'; nested exception is org.springframework.beans.factory.UnsatisfiedDependencyException: Error creating bean with name 'weatherService': Unsatisfied dependency expressed through field 'restTemplate'; nested exception is org.springframework.beans.factory.NoSuchBeanDefinitionException: No qualifying bean of type 'org.springframework.web.client.RestTemplate' available: expected at least 1 bean which qualifies as autowire candidate. Dependency annotations: {@org.springframework.beans.factory.annotation.Autowired(required=true)}
2026-08-17 19:58:12 INFO  o.a.catalina.core.StandardService - Stopping service [Tomcat]
2026-08-17 19:58:12 INFO  o.s.b.a.l.ConditionEvaluationReportLoggingListener - 

Error starting ApplicationContext. To display the conditions report re-run your application with 'debug' enabled.
2026-08-17 19:58:12 ERROR o.s.b.d.LoggingFailureAnalysisReporter - 

***************************
APPLICATION FAILED TO START
***************************

Description:

Field restTemplate in com.journalApp.service.WeatherService required a bean of type 'org.springframework.web.client.RestTemplate' that could not be found.

The injection point has the following annotations:
	- @org.springframework.beans.factory.annotation.Autowired(required=true)


Action:

Consider defining a bean of type 'org.springframework.web.client.RestTemplate' in your configuration.

2026-08-17 20:05:25 INFO  com.journalApp.JournalAppApplication - Starting JournalAppApplication using Java 21.0.4 on SHAHID with PID 23728 (C:\Users\MD SHAHID ANSARI\IdeaProjects\journalApp\journalApp\target\classes started by MD SHAHID ANSARI in C:\Users\MD SHAHID ANSARI\IdeaProjects\journalApp)
2026-08-17 20:05:25 INFO  com.journalApp.JournalAppApplication - The following 1 profile is active: "dev"
2026-08-17 20:05:27 INFO  o.s.d.r.c.RepositoryConfigurationDelegate - Bootstrapping Spring Data MongoDB repositories in DEFAULT mode.
2026-08-17 20:05:27 INFO  o.s.d.r.c.RepositoryConfigurationDelegate - Finished Spring Data repository scanning in 176 ms. Found 2 MongoDB repository interfaces.
2026-08-17 20:05:29 INFO  o.s.b.w.e.tomcat.TomcatWebServer - Tomcat initialized with port(s): 8080 (http)
2026-08-17 20:05:29 INFO  o.a.coyote.http11.Http11NioProtocol - Initializing ProtocolHandler ["http-nio-8080"]
2026-08-17 20:05:29 INFO  o.a.catalina.core.StandardService - Starting service [Tomcat]
2026-08-17 20:05:29 INFO  o.a.catalina.core.StandardEngine - Starting Servlet engine: [Apache Tomcat/9.0.83]
2026-08-17 20:05:29 INFO  o.a.c.c.C.[.[localhost].[/journal] - Initializing Spring embedded WebApplicationContext
2026-08-17 20:05:29 INFO  o.s.b.w.s.c.ServletWebServerApplicationContext - Root WebApplicationContext: initialization completed in 4217 ms
2026-08-17 20:05:31 INFO  org.mongodb.driver.client - MongoClient with metadata {"driver": {"name": "mongo-java-driver|sync|spring-boot", "version": "4.6.1"}, "os": {"type": "Windows", "name": "Windows 11", "architecture": "amd64", "version": "10.0"}, "platform": "Java/Oracle Corporation/21.0.4+8-LTS-274", "application": {"name": "Cluster0"}} created with settings MongoClientSettings{readPreference=primary, writeConcern=WriteConcern{w=null, wTimeout=null ms, journal=null}, retryWrites=true, retryReads=true, readConcern=ReadConcern{level=null}, credential=MongoCredential{mechanism=null, userName='mdshahidans2005_db_user', source='admin', password=<hidden>, mechanismProperties=<hidden>}, streamFactoryFactory=null, commandListeners=[], codecRegistry=ProvidersCodecRegistry{codecProviders=[ValueCodecProvider{}, BsonValueCodecProvider{}, DBRefCodecProvider{}, DBObjectCodecProvider{}, DocumentCodecProvider{}, IterableCodecProvider{}, MapCodecProvider{}, GeoJsonCodecProvider{}, GridFSFileCodecProvider{}, Jsr310CodecProvider{}, JsonObjectCodecProvider{}, BsonCodecProvider{}, EnumCodecProvider{}, com.mongodb.Jep395RecordCodecProvider@66223d94]}, clusterSettings={hosts=[127.0.0.1:27017], srvHost=cluster0.yvjbs2l.mongodb.net, srvServiceName=mongodb, mode=MULTIPLE, requiredClusterType=REPLICA_SET, requiredReplicaSetName='atlas-lpe6sk-shard-0', serverSelector='null', clusterListeners='[]', serverSelectionTimeout='30000 ms', localThreshold='30000 ms'}, socketSettings=SocketSettings{connectTimeoutMS=10000, readTimeoutMS=0, receiveBufferSize=0, sendBufferSize=0}, heartbeatSocketSettings=SocketSettings{connectTimeoutMS=10000, readTimeoutMS=10000, receiveBufferSize=0, sendBufferSize=0}, connectionPoolSettings=ConnectionPoolSettings{maxSize=100, minSize=0, maxWaitTimeMS=120000, maxConnectionLifeTimeMS=0, maxConnectionIdleTimeMS=0, maintenanceInitialDelayMS=0, maintenanceFrequencyMS=60000, connectionPoolListeners=[], maxConnecting=2}, serverSettings=ServerSettings{heartbeatFrequencyMS=10000, minHeartbeatFrequencyMS=500, serverListeners='[]', serverMonitorListeners='[]'}, sslSettings=SslSettings{enabled=true, invalidHostNameAllowed=false, context=null}, applicationName='Cluster0', compressorList=[], uuidRepresentation=JAVA_LEGACY, serverApi=null, autoEncryptionSettings=null, contextProvider=null}
2026-08-17 20:05:31 INFO  org.mongodb.driver.cluster - Adding discovered server ac-bd180s9-shard-00-00.yvjbs2l.mongodb.net:27017 to client view of cluster
2026-08-17 20:05:31 INFO  org.mongodb.driver.cluster - Adding discovered server ac-bd180s9-shard-00-01.yvjbs2l.mongodb.net:27017 to client view of cluster
2026-08-17 20:05:31 INFO  org.mongodb.driver.cluster - Adding discovered server ac-bd180s9-shard-00-02.yvjbs2l.mongodb.net:27017 to client view of cluster
2026-08-17 20:05:32 INFO  org.mongodb.driver.cluster - No server chosen by com.mongodb.client.internal.MongoClientDelegate$1@68a305eb from cluster description ClusterDescription{type=REPLICA_SET, connectionMode=MULTIPLE, serverDescriptions=[ServerDescription{address=ac-bd180s9-shard-00-00.yvjbs2l.mongodb.net:27017, type=UNKNOWN, state=CONNECTING}, ServerDescription{address=ac-bd180s9-shard-00-02.yvjbs2l.mongodb.net:27017, type=UNKNOWN, state=CONNECTING}, ServerDescription{address=ac-bd180s9-shard-00-01.yvjbs2l.mongodb.net:27017, type=UNKNOWN, state=CONNECTING}]}. Waiting for 30000 ms before timing out
2026-08-17 20:05:32 INFO  org.mongodb.driver.connection - Opened connection [connectionId{localValue:3, serverValue:160966}] to ac-bd180s9-shard-00-01.yvjbs2l.mongodb.net:27017
2026-08-17 20:05:32 INFO  org.mongodb.driver.connection - Opened connection [connectionId{localValue:5, serverValue:166193}] to ac-bd180s9-shard-00-02.yvjbs2l.mongodb.net:27017
2026-08-17 20:05:32 INFO  org.mongodb.driver.connection - Opened connection [connectionId{localValue:4, serverValue:160966}] to ac-bd180s9-shard-00-01.yvjbs2l.mongodb.net:27017
2026-08-17 20:05:32 INFO  org.mongodb.driver.connection - Opened connection [connectionId{localValue:2, serverValue:166193}] to ac-bd180s9-shard-00-02.yvjbs2l.mongodb.net:27017
2026-08-17 20:05:32 INFO  org.mongodb.driver.connection - Opened connection [connectionId{localValue:1, serverValue:163465}] to ac-bd180s9-shard-00-00.yvjbs2l.mongodb.net:27017
2026-08-17 20:05:32 INFO  org.mongodb.driver.cluster - Monitor thread successfully connected to server with description ServerDescription{address=ac-bd180s9-shard-00-01.yvjbs2l.mongodb.net:27017, type=REPLICA_SET_SECONDARY, state=CONNECTED, ok=true, minWireVersion=0, maxWireVersion=25, maxDocumentSize=16777216, logicalSessionTimeoutMinutes=30, roundTripTimeNanos=789613600, setName='atlas-lpe6sk-shard-0', canonicalAddress=ac-bd180s9-shard-00-01.yvjbs2l.mongodb.net:27017, hosts=[ac-bd180s9-shard-00-01.yvjbs2l.mongodb.net:27017, ac-bd180s9-shard-00-02.yvjbs2l.mongodb.net:27017, ac-bd180s9-shard-00-00.yvjbs2l.mongodb.net:27017], passives=[], arbiters=[], primary='ac-bd180s9-shard-00-02.yvjbs2l.mongodb.net:27017', tagSet=TagSet{[Tag{name='availabilityZone', value='aps1-az3'}, Tag{name='cacheState', value='READY'}, Tag{name='diskState', value='READY'}, Tag{name='nodeType', value='ELECTABLE'}, Tag{name='provider', value='AWS'}, Tag{name='region', value='AP_SOUTH_1'}, Tag{name='workloadType', value='OPERATIONAL'}]}, electionId=null, setVersion=297, topologyVersion=TopologyVersion{processId=6a7b3fc5ee64108dce410aaf, counter=5}, lastWriteDate=Mon Aug 17 20:05:33 IST 2026, lastUpdateTimeNanos=73122738866400}
2026-08-17 20:05:32 INFO  org.mongodb.driver.connection - Opened connection [connectionId{localValue:6, serverValue:163465}] to ac-bd180s9-shard-00-00.yvjbs2l.mongodb.net:27017
2026-08-17 20:05:32 INFO  org.mongodb.driver.cluster - Monitor thread successfully connected to server with description ServerDescription{address=ac-bd180s9-shard-00-02.yvjbs2l.mongodb.net:27017, type=REPLICA_SET_PRIMARY, state=CONNECTED, ok=true, minWireVersion=0, maxWireVersion=25, maxDocumentSize=16777216, logicalSessionTimeoutMinutes=30, roundTripTimeNanos=789598000, setName='atlas-lpe6sk-shard-0', canonicalAddress=ac-bd180s9-shard-00-02.yvjbs2l.mongodb.net:27017, hosts=[ac-bd180s9-shard-00-01.yvjbs2l.mongodb.net:27017, ac-bd180s9-shard-00-02.yvjbs2l.mongodb.net:27017, ac-bd180s9-shard-00-00.yvjbs2l.mongodb.net:27017], passives=[], arbiters=[], primary='ac-bd180s9-shard-00-02.yvjbs2l.mongodb.net:27017', tagSet=TagSet{[Tag{name='availabilityZone', value='aps1-az2'}, Tag{name='cacheState', value='READY'}, Tag{name='diskState', value='READY'}, Tag{name='nodeType', value='ELECTABLE'}, Tag{name='provider', value='AWS'}, Tag{name='region', value='AP_SOUTH_1'}, Tag{name='workloadType', value='OPERATIONAL'}]}, electionId=7fffffff000000000000012d, setVersion=297, topologyVersion=TopologyVersion{processId=6a7b3d358e68804eae9a242f, counter=10}, lastWriteDate=Mon Aug 17 20:05:33 IST 2026, lastUpdateTimeNanos=73122738884200}
2026-08-17 20:05:32 INFO  org.mongodb.driver.cluster - Monitor thread successfully connected to server with description ServerDescription{address=ac-bd180s9-shard-00-00.yvjbs2l.mongodb.net:27017, type=REPLICA_SET_SECONDARY, state=CONNECTED, ok=true, minWireVersion=0, maxWireVersion=25, maxDocumentSize=16777216, logicalSessionTimeoutMinutes=30, roundTripTimeNanos=789576400, setName='atlas-lpe6sk-shard-0', canonicalAddress=ac-bd180s9-shard-00-00.yvjbs2l.mongodb.net:27017, hosts=[ac-bd180s9-shard-00-01.yvjbs2l.mongodb.net:27017, ac-bd180s9-shard-00-02.yvjbs2l.mongodb.net:27017, ac-bd180s9-shard-00-00.yvjbs2l.mongodb.net:27017], passives=[], arbiters=[], primary='ac-bd180s9-shard-00-02.yvjbs2l.mongodb.net:27017', tagSet=TagSet{[Tag{name='availabilityZone', value='aps1-az1'}, Tag{name='cacheState', value='READY'}, Tag{name='diskState', value='READY'}, Tag{name='nodeType', value='ELECTABLE'}, Tag{name='provider', value='AWS'}, Tag{name='region', value='AP_SOUTH_1'}, Tag{name='workloadType', value='OPERATIONAL'}]}, electionId=null, setVersion=297, topologyVersion=TopologyVersion{processId=6a7b3ab66a60f4deb1771140, counter=10}, lastWriteDate=Mon Aug 17 20:05:33 IST 2026, lastUpdateTimeNanos=73122738867100}
2026-08-17 20:05:32 INFO  org.mongodb.driver.cluster - Setting max election id to 7fffffff000000000000012d from replica set primary ac-bd180s9-shard-00-02.yvjbs2l.mongodb.net:27017
2026-08-17 20:05:32 INFO  org.mongodb.driver.cluster - Setting max set version to 297 from replica set primary ac-bd180s9-shard-00-02.yvjbs2l.mongodb.net:27017
2026-08-17 20:05:32 INFO  org.mongodb.driver.cluster - Discovered replica set primary ac-bd180s9-shard-00-02.yvjbs2l.mongodb.net:27017
2026-08-17 20:05:33 INFO  org.mongodb.driver.connection - Opened connection [connectionId{localValue:7, serverValue:166209}] to ac-bd180s9-shard-00-02.yvjbs2l.mongodb.net:27017
2026-08-17 20:05:34 INFO  o.s.s.web.DefaultSecurityFilterChain - Will secure any request with [org.springframework.security.web.session.DisableEncodeUrlFilter@2dac2e1b, org.springframework.security.web.context.request.async.WebAsyncManagerIntegrationFilter@38c761e9, org.springframework.security.web.context.SecurityContextPersistenceFilter@1a88c4f5, org.springframework.security.web.header.HeaderWriterFilter@159ac15f, org.springframework.security.web.authentication.logout.LogoutFilter@61b838f2, org.springframework.security.web.authentication.www.BasicAuthenticationFilter@6826b70f, org.springframework.security.web.savedrequest.RequestCacheAwareFilter@1144a02b, org.springframework.security.web.servletapi.SecurityContextHolderAwareRequestFilter@70b33256, org.springframework.security.web.authentication.AnonymousAuthenticationFilter@1cee2e10, org.springframework.security.web.session.SessionManagementFilter@11826398, org.springframework.security.web.access.ExceptionTranslationFilter@799f354a, org.springframework.security.web.access.intercept.FilterSecurityInterceptor@36551e97]
2026-08-17 20:05:35 INFO  o.a.coyote.http11.Http11NioProtocol - Starting ProtocolHandler ["http-nio-8080"]
2026-08-17 20:05:35 INFO  o.s.b.w.e.tomcat.TomcatWebServer - Tomcat started on port(s): 8080 (http) with context path '/journal'
2026-08-17 20:05:35 INFO  com.journalApp.JournalAppApplication - Started JournalAppApplication in 11.986 seconds (JVM running for 13.827)
2026-08-17 20:08:38 INFO  o.a.c.c.C.[.[localhost].[/journal] - Initializing Spring DispatcherServlet 'dispatcherServlet'
2026-08-17 20:08:38 INFO  o.s.web.servlet.DispatcherServlet - Initializing Servlet 'dispatcherServlet'
2026-08-17 20:08:38 INFO  o.s.web.servlet.DispatcherServlet - Completed initialization in 77 ms
2026-08-17 20:08:41 ERROR o.a.c.c.C.[.[.[.[dispatcherServlet] - Servlet.service() for servlet [dispatcherServlet] in context with path [/journal] threw exception [Request processing failed; nested exception is org.springframework.http.converter.HttpMessageConversionException: Type definition error: [simple type, class com.journalApp.api.response.WeatherResponse$Astro]; nested exception is com.fasterxml.jackson.databind.exc.InvalidDefinitionException: Cannot construct instance of `com.journalApp.api.response.WeatherResponse$Astro`: non-static inner classes like this can only by instantiated using default, no-argument constructor
 at [Source: (org.springframework.util.StreamUtils$NonClosingInputStream); line: 1, column: 512] (through reference chain: com.journalApp.api.response.WeatherResponse["current"]->com.journalApp.api.response.WeatherResponse$Current["astro"])] with root cause
com.fasterxml.jackson.databind.exc.InvalidDefinitionException: Cannot construct instance of `com.journalApp.api.response.WeatherResponse$Astro`: non-static inner classes like this can only by instantiated using default, no-argument constructor
 at [Source: (org.springframework.util.StreamUtils$NonClosingInputStream); line: 1, column: 512] (through reference chain: com.journalApp.api.response.WeatherResponse["current"]->com.journalApp.api.response.WeatherResponse$Current["astro"])
	at com.fasterxml.jackson.databind.exc.InvalidDefinitionException.from(InvalidDefinitionException.java:67)
	at com.fasterxml.jackson.databind.DeserializationContext.reportBadDefinition(DeserializationContext.java:1904)
	at com.fasterxml.jackson.databind.DatabindContext.reportBadDefinition(DatabindContext.java:400)
	at com.fasterxml.jackson.databind.DeserializationContext.handleMissingInstantiator(DeserializationContext.java:1344)
	at com.fasterxml.jackson.databind.deser.BeanDeserializerBase.deserializeFromObjectUsingNonDefault(BeanDeserializerBase.java:1412)
	at com.fasterxml.jackson.databind.deser.BeanDeserializer.deserializeFromObject(BeanDeserializer.java:352)
	at com.fasterxml.jackson.databind.deser.BeanDeserializer.deserialize(BeanDeserializer.java:185)
	at com.fasterxml.jackson.databind.deser.impl.MethodProperty.deserializeAndSet(MethodProperty.java:129)
	at com.fasterxml.jackson.databind.deser.BeanDeserializer.deserialize(BeanDeserializer.java:278)
	at com.fasterxml.jackson.databind.deser.impl.InnerClassProperty.deserializeAndSet(InnerClassProperty.java:90)
	at com.fasterxml.jackson.databind.deser.BeanDeserializer.deserializeFromObject(BeanDeserializer.java:392)
	at com.fasterxml.jackson.databind.deser.BeanDeserializer.deserialize(BeanDeserializer.java:185)
	at com.fasterxml.jackson.databind.deser.DefaultDeserializationContext.readRootValue(DefaultDeserializationContext.java:323)
	at com.fasterxml.jackson.databind.ObjectMapper._readMapAndClose(ObjectMapper.java:4674)
	at com.fasterxml.jackson.databind.ObjectMapper.readValue(ObjectMapper.java:3682)
	at org.springframework.http.converter.json.AbstractJackson2HttpMessageConverter.readJavaType(AbstractJackson2HttpMessageConverter.java:380)
	at org.springframework.http.converter.json.AbstractJackson2HttpMessageConverter.read(AbstractJackson2HttpMessageConverter.java:343)
	at org.springframework.web.client.HttpMessageConverterExtractor.extractData(HttpMessageConverterExtractor.java:105)
	at org.springframework.web.client.RestTemplate.doExecute(RestTemplate.java:784)
	at org.springframework.web.client.RestTemplate.execute(RestTemplate.java:717)
	at org.springframework.web.client.RestTemplate.getForObject(RestTemplate.java:340)
	at com.journalApp.service.WeatherService.getWeather(WeatherService.java:24)
	at com.journalApp.controller.UserController.greeting(UserController.java:70)
	at java.base/jdk.internal.reflect.DirectMethodHandleAccessor.invoke(DirectMethodHandleAccessor.java:103)
	at java.base/java.lang.reflect.Method.invoke(Method.java:580)
	at org.springframework.web.method.support.InvocableHandlerMethod.doInvoke(InvocableHandlerMethod.java:205)
	at org.springframework.web.method.support.InvocableHandlerMethod.invokeForRequest(InvocableHandlerMethod.java:150)
	at org.springframework.web.servlet.mvc.method.annotation.ServletInvocableHandlerMethod.invokeAndHandle(ServletInvocableHandlerMethod.java:117)
	at org.springframework.web.servlet.mvc.method.annotation.RequestMappingHandlerAdapter.invokeHandlerMethod(RequestMappingHandlerAdapter.java:895)
	at org.springframework.web.servlet.mvc.method.annotation.RequestMappingHandlerAdapter.handleInternal(RequestMappingHandlerAdapter.java:808)
	at org.springframework.web.servlet.mvc.method.AbstractHandlerMethodAdapter.handle(AbstractHandlerMethodAdapter.java:87)
	at org.springframework.web.servlet.DispatcherServlet.doDispatch(DispatcherServlet.java:1072)
	at org.springframework.web.servlet.DispatcherServlet.doService(DispatcherServlet.java:965)
	at org.springframework.web.servlet.FrameworkServlet.processRequest(FrameworkServlet.java:1006)
	at org.springframework.web.servlet.FrameworkServlet.doGet(FrameworkServlet.java:898)
	at javax.servlet.http.HttpServlet.service(HttpServlet.java:529)
	at org.springframework.web.servlet.FrameworkServlet.service(FrameworkServlet.java:883)
	at javax.servlet.http.HttpServlet.service(HttpServlet.java:623)
	at org.apache.catalina.core.ApplicationFilterChain.internalDoFilter(ApplicationFilterChain.java:209)
	at org.apache.catalina.core.ApplicationFilterChain.doFilter(ApplicationFilterChain.java:153)
	at org.apache.tomcat.websocket.server.WsFilter.doFilter(WsFilter.java:51)
	at org.apache.catalina.core.ApplicationFilterChain.internalDoFilter(ApplicationFilterChain.java:178)
	at org.apache.catalina.core.ApplicationFilterChain.doFilter(ApplicationFilterChain.java:153)
	at org.springframework.security.web.FilterChainProxy$VirtualFilterChain.doFilter(FilterChainProxy.java:337)
	at org.springframework.security.web.access.intercept.FilterSecurityInterceptor.invoke(FilterSecurityInterceptor.java:115)
	at org.springframework.security.web.access.intercept.FilterSecurityInterceptor.doFilter(FilterSecurityInterceptor.java:81)
	at org.springframework.security.web.FilterChainProxy$VirtualFilterChain.doFilter(FilterChainProxy.java:346)
	at org.springframework.security.web.access.ExceptionTranslationFilter.doFilter(ExceptionTranslationFilter.java:122)
	at org.springframework.security.web.access.ExceptionTranslationFilter.doFilter(ExceptionTranslationFilter.java:116)
	at org.springframework.security.web.FilterChainProxy$VirtualFilterChain.doFilter(FilterChainProxy.java:346)
	at org.springframework.security.web.session.SessionManagementFilter.doFilter(SessionManagementFilter.java:126)
	at org.springframework.security.web.session.SessionManagementFilter.doFilter(SessionManagementFilter.java:81)
	at org.springframework.security.web.FilterChainProxy$VirtualFilterChain.doFilter(FilterChainProxy.java:346)
	at org.springframework.security.web.authentication.AnonymousAuthenticationFilter.doFilter(AnonymousAuthenticationFilter.java:109)
	at org.springframework.security.web.FilterChainProxy$VirtualFilterChain.doFilter(FilterChainProxy.java:346)
	at org.springframework.security.web.servletapi.SecurityContextHolderAwareRequestFilter.doFilter(SecurityContextHolderAwareRequestFilter.java:149)
	at org.springframework.security.web.FilterChainProxy$VirtualFilterChain.doFilter(FilterChainProxy.java:346)
	at org.springframework.security.web.savedrequest.RequestCacheAwareFilter.doFilter(RequestCacheAwareFilter.java:63)
	at org.springframework.security.web.FilterChainProxy$VirtualFilterChain.doFilter(FilterChainProxy.java:346)
	at org.springframework.security.web.authentication.www.BasicAuthenticationFilter.doFilterInternal(BasicAuthenticationFilter.java:196)
	at org.springframework.web.filter.OncePerRequestFilter.doFilter(OncePerRequestFilter.java:117)
	at org.springframework.security.web.FilterChainProxy$VirtualFilterChain.doFilter(FilterChainProxy.java:346)
	at org.springframework.security.web.authentication.logout.LogoutFilter.doFilter(LogoutFilter.java:103)
	at org.springframework.security.web.authentication.logout.LogoutFilter.doFilter(LogoutFilter.java:89)
	at org.springframework.security.web.FilterChainProxy$VirtualFilterChain.doFilter(FilterChainProxy.java:346)
	at org.springframework.security.web.header.HeaderWriterFilter.doHeadersAfter(HeaderWriterFilter.java:90)
	at org.springframework.security.web.header.HeaderWriterFilter.doFilterInternal(HeaderWriterFilter.java:75)
	at org.springframework.web.filter.OncePerRequestFilter.doFilter(OncePerRequestFilter.java:117)
	at org.springframework.security.web.FilterChainProxy$VirtualFilterChain.doFilter(FilterChainProxy.java:346)
	at org.springframework.security.web.context.SecurityContextPersistenceFilter.doFilter(SecurityContextPersistenceFilter.java:112)
	at org.springframework.security.web.context.SecurityContextPersistenceFilter.doFilter(SecurityContextPersistenceFilter.java:82)
	at org.springframework.security.web.FilterChainProxy$VirtualFilterChain.doFilter(FilterChainProxy.java:346)
	at org.springframework.security.web.context.request.async.WebAsyncManagerIntegrationFilter.doFilterInternal(WebAsyncManagerIntegrationFilter.java:55)
	at org.springframework.web.filter.OncePerRequestFilter.doFilter(OncePerRequestFilter.java:117)
	at org.springframework.security.web.FilterChainProxy$VirtualFilterChain.doFilter(FilterChainProxy.java:346)
	at org.springframework.security.web.session.DisableEncodeUrlFilter.doFilterInternal(DisableEncodeUrlFilter.java:42)
	at org.springframework.web.filter.OncePerRequestFilter.doFilter(OncePerRequestFilter.java:117)
	at org.springframework.security.web.FilterChainProxy$VirtualFilterChain.doFilter(FilterChainProxy.java:346)
	at org.springframework.security.web.FilterChainProxy.doFilterInternal(FilterChainProxy.java:221)
	at org.springframework.security.web.FilterChainProxy.doFilter(FilterChainProxy.java:186)
	at org.springframework.web.filter.DelegatingFilterProxy.invokeDelegate(DelegatingFilterProxy.java:354)
	at org.springframework.web.filter.DelegatingFilterProxy.doFilter(DelegatingFilterProxy.java:267)
	at org.apache.catalina.core.ApplicationFilterChain.internalDoFilter(ApplicationFilterChain.java:178)
	at org.apache.catalina.core.ApplicationFilterChain.doFilter(ApplicationFilterChain.java:153)
	at org.springframework.web.filter.RequestContextFilter.doFilterInternal(RequestContextFilter.java:100)
	at org.springframework.web.filter.OncePerRequestFilter.doFilter(OncePerRequestFilter.java:117)
	at org.apache.catalina.core.ApplicationFilterChain.internalDoFilter(ApplicationFilterChain.java:178)
	at org.apache.catalina.core.ApplicationFilterChain.doFilter(ApplicationFilterChain.java:153)
	at org.springframework.web.filter.FormContentFilter.doFilterInternal(FormContentFilter.java:93)
	at org.springframework.web.filter.OncePerRequestFilter.doFilter(OncePerRequestFilter.java:117)
	at org.apache.catalina.core.ApplicationFilterChain.internalDoFilter(ApplicationFilterChain.java:178)
	at org.apache.catalina.core.ApplicationFilterChain.doFilter(ApplicationFilterChain.java:153)
	at org.springframework.web.filter.CharacterEncodingFilter.doFilterInternal(CharacterEncodingFilter.java:201)
	at org.springframework.web.filter.OncePerRequestFilter.doFilter(OncePerRequestFilter.java:117)
	at org.apache.catalina.core.ApplicationFilterChain.internalDoFilter(ApplicationFilterChain.java:178)
	at org.apache.catalina.core.ApplicationFilterChain.doFilter(ApplicationFilterChain.java:153)
	at org.apache.catalina.core.StandardWrapperValve.invoke(StandardWrapperValve.java:168)
	at org.apache.catalina.core.StandardContextValve.invoke(StandardContextValve.java:90)
	at org.apache.catalina.authenticator.AuthenticatorBase.invoke(AuthenticatorBase.java:481)
	at org.apache.catalina.core.StandardHostValve.invoke(StandardHostValve.java:130)
	at org.apache.catalina.valves.ErrorReportValve.invoke(ErrorReportValve.java:93)
	at org.apache.catalina.core.StandardEngineValve.invoke(StandardEngineValve.java:74)
	at org.apache.catalina.connector.CoyoteAdapter.service(CoyoteAdapter.java:342)
	at org.apache.coyote.http11.Http11Processor.service(Http11Processor.java:390)
	at org.apache.coyote.AbstractProcessorLight.process(AbstractProcessorLight.java:63)
	at org.apache.coyote.AbstractProtocol$ConnectionHandler.process(AbstractProtocol.java:928)
	at org.apache.tomcat.util.net.NioEndpoint$SocketProcessor.doRun(NioEndpoint.java:1794)
	at org.apache.tomcat.util.net.SocketProcessorBase.run(SocketProcessorBase.java:52)
	at org.apache.tomcat.util.threads.ThreadPoolExecutor.runWorker(ThreadPoolExecutor.java:1191)
	at org.apache.tomcat.util.threads.ThreadPoolExecutor$Worker.run(ThreadPoolExecutor.java:659)
	at org.apache.tomcat.util.threads.TaskThread$WrappingRunnable.run(TaskThread.java:61)
	at java.base/java.lang.Thread.run(Thread.java:1583)
2026-08-17 20:19:48 INFO  com.journalApp.JournalAppApplication - Starting JournalAppApplication using Java 21.0.4 on SHAHID with PID 19412 (C:\Users\MD SHAHID ANSARI\IdeaProjects\journalApp\journalApp\target\classes started by MD SHAHID ANSARI in C:\Users\MD SHAHID ANSARI\IdeaProjects\journalApp)
2026-08-17 20:19:48 INFO  com.journalApp.JournalAppApplication - The following 1 profile is active: "dev"
2026-08-17 20:19:51 INFO  o.s.d.r.c.RepositoryConfigurationDelegate - Bootstrapping Spring Data MongoDB repositories in DEFAULT mode.
2026-08-17 20:19:51 INFO  o.s.d.r.c.RepositoryConfigurationDelegate - Finished Spring Data repository scanning in 258 ms. Found 2 MongoDB repository interfaces.
2026-08-17 20:19:55 INFO  o.s.b.w.e.tomcat.TomcatWebServer - Tomcat initialized with port(s): 8080 (http)
2026-08-17 20:19:55 INFO  o.a.coyote.http11.Http11NioProtocol - Initializing ProtocolHandler ["http-nio-8080"]
2026-08-17 20:19:55 INFO  o.a.catalina.core.StandardService - Starting service [Tomcat]
2026-08-17 20:19:55 INFO  o.a.catalina.core.StandardEngine - Starting Servlet engine: [Apache Tomcat/9.0.83]
2026-08-17 20:19:56 INFO  o.a.c.c.C.[.[localhost].[/journal] - Initializing Spring embedded WebApplicationContext
2026-08-17 20:19:56 INFO  o.s.b.w.s.c.ServletWebServerApplicationContext - Root WebApplicationContext: initialization completed in 8140 ms
2026-08-17 20:19:59 INFO  org.mongodb.driver.client - MongoClient with metadata {"driver": {"name": "mongo-java-driver|sync|spring-boot", "version": "4.6.1"}, "os": {"type": "Windows", "name": "Windows 11", "architecture": "amd64", "version": "10.0"}, "platform": "Java/Oracle Corporation/21.0.4+8-LTS-274", "application": {"name": "Cluster0"}} created with settings MongoClientSettings{readPreference=primary, writeConcern=WriteConcern{w=null, wTimeout=null ms, journal=null}, retryWrites=true, retryReads=true, readConcern=ReadConcern{level=null}, credential=MongoCredential{mechanism=null, userName='mdshahidans2005_db_user', source='admin', password=<hidden>, mechanismProperties=<hidden>}, streamFactoryFactory=null, commandListeners=[], codecRegistry=ProvidersCodecRegistry{codecProviders=[ValueCodecProvider{}, BsonValueCodecProvider{}, DBRefCodecProvider{}, DBObjectCodecProvider{}, DocumentCodecProvider{}, IterableCodecProvider{}, MapCodecProvider{}, GeoJsonCodecProvider{}, GridFSFileCodecProvider{}, Jsr310CodecProvider{}, JsonObjectCodecProvider{}, BsonCodecProvider{}, EnumCodecProvider{}, com.mongodb.Jep395RecordCodecProvider@54b2fc58]}, clusterSettings={hosts=[127.0.0.1:27017], srvHost=cluster0.yvjbs2l.mongodb.net, srvServiceName=mongodb, mode=MULTIPLE, requiredClusterType=REPLICA_SET, requiredReplicaSetName='atlas-lpe6sk-shard-0', serverSelector='null', clusterListeners='[]', serverSelectionTimeout='30000 ms', localThreshold='30000 ms'}, socketSettings=SocketSettings{connectTimeoutMS=10000, readTimeoutMS=0, receiveBufferSize=0, sendBufferSize=0}, heartbeatSocketSettings=SocketSettings{connectTimeoutMS=10000, readTimeoutMS=10000, receiveBufferSize=0, sendBufferSize=0}, connectionPoolSettings=ConnectionPoolSettings{maxSize=100, minSize=0, maxWaitTimeMS=120000, maxConnectionLifeTimeMS=0, maxConnectionIdleTimeMS=0, maintenanceInitialDelayMS=0, maintenanceFrequencyMS=60000, connectionPoolListeners=[], maxConnecting=2}, serverSettings=ServerSettings{heartbeatFrequencyMS=10000, minHeartbeatFrequencyMS=500, serverListeners='[]', serverMonitorListeners='[]'}, sslSettings=SslSettings{enabled=true, invalidHostNameAllowed=false, context=null}, applicationName='Cluster0', compressorList=[], uuidRepresentation=JAVA_LEGACY, serverApi=null, autoEncryptionSettings=null, contextProvider=null}
2026-08-17 20:19:59 INFO  org.mongodb.driver.cluster - Adding discovered server ac-bd180s9-shard-00-00.yvjbs2l.mongodb.net:27017 to client view of cluster
2026-08-17 20:19:59 INFO  org.mongodb.driver.cluster - Adding discovered server ac-bd180s9-shard-00-01.yvjbs2l.mongodb.net:27017 to client view of cluster
2026-08-17 20:19:59 INFO  org.mongodb.driver.cluster - Adding discovered server ac-bd180s9-shard-00-02.yvjbs2l.mongodb.net:27017 to client view of cluster
2026-08-17 20:20:00 INFO  org.mongodb.driver.cluster - No server chosen by com.mongodb.client.internal.MongoClientDelegate$1@798cb6d9 from cluster description ClusterDescription{type=REPLICA_SET, connectionMode=MULTIPLE, serverDescriptions=[ServerDescription{address=ac-bd180s9-shard-00-00.yvjbs2l.mongodb.net:27017, type=UNKNOWN, state=CONNECTING}, ServerDescription{address=ac-bd180s9-shard-00-02.yvjbs2l.mongodb.net:27017, type=UNKNOWN, state=CONNECTING}, ServerDescription{address=ac-bd180s9-shard-00-01.yvjbs2l.mongodb.net:27017, type=UNKNOWN, state=CONNECTING}]}. Waiting for 30000 ms before timing out
2026-08-17 20:20:01 INFO  org.mongodb.driver.connection - Opened connection [connectionId{localValue:6, serverValue:166379}] to ac-bd180s9-shard-00-02.yvjbs2l.mongodb.net:27017
2026-08-17 20:20:01 INFO  org.mongodb.driver.connection - Opened connection [connectionId{localValue:3, serverValue:163702}] to ac-bd180s9-shard-00-00.yvjbs2l.mongodb.net:27017
2026-08-17 20:20:01 INFO  org.mongodb.driver.connection - Opened connection [connectionId{localValue:5, serverValue:161234}] to ac-bd180s9-shard-00-01.yvjbs2l.mongodb.net:27017
2026-08-17 20:20:01 INFO  org.mongodb.driver.connection - Opened connection [connectionId{localValue:1, serverValue:163702}] to ac-bd180s9-shard-00-00.yvjbs2l.mongodb.net:27017
2026-08-17 20:20:01 INFO  org.mongodb.driver.connection - Opened connection [connectionId{localValue:4, serverValue:166321}] to ac-bd180s9-shard-00-02.yvjbs2l.mongodb.net:27017
2026-08-17 20:20:01 INFO  org.mongodb.driver.connection - Opened connection [connectionId{localValue:2, serverValue:161173}] to ac-bd180s9-shard-00-01.yvjbs2l.mongodb.net:27017
2026-08-17 20:20:01 INFO  org.mongodb.driver.cluster - Monitor thread successfully connected to server with description ServerDescription{address=ac-bd180s9-shard-00-00.yvjbs2l.mongodb.net:27017, type=REPLICA_SET_SECONDARY, state=CONNECTED, ok=true, minWireVersion=0, maxWireVersion=25, maxDocumentSize=16777216, logicalSessionTimeoutMinutes=30, roundTripTimeNanos=1019121600, setName='atlas-lpe6sk-shard-0', canonicalAddress=ac-bd180s9-shard-00-00.yvjbs2l.mongodb.net:27017, hosts=[ac-bd180s9-shard-00-01.yvjbs2l.mongodb.net:27017, ac-bd180s9-shard-00-02.yvjbs2l.mongodb.net:27017, ac-bd180s9-shard-00-00.yvjbs2l.mongodb.net:27017], passives=[], arbiters=[], primary='ac-bd180s9-shard-00-02.yvjbs2l.mongodb.net:27017', tagSet=TagSet{[Tag{name='availabilityZone', value='aps1-az1'}, Tag{name='cacheState', value='READY'}, Tag{name='diskState', value='READY'}, Tag{name='nodeType', value='ELECTABLE'}, Tag{name='provider', value='AWS'}, Tag{name='region', value='AP_SOUTH_1'}, Tag{name='workloadType', value='OPERATIONAL'}]}, electionId=null, setVersion=297, topologyVersion=TopologyVersion{processId=6a7b3ab66a60f4deb1771140, counter=10}, lastWriteDate=Mon Aug 17 20:20:01 IST 2026, lastUpdateTimeNanos=73991125580600}
2026-08-17 20:20:01 INFO  org.mongodb.driver.cluster - Monitor thread successfully connected to server with description ServerDescription{address=ac-bd180s9-shard-00-02.yvjbs2l.mongodb.net:27017, type=REPLICA_SET_PRIMARY, state=CONNECTED, ok=true, minWireVersion=0, maxWireVersion=25, maxDocumentSize=16777216, logicalSessionTimeoutMinutes=30, roundTripTimeNanos=1018576600, setName='atlas-lpe6sk-shard-0', canonicalAddress=ac-bd180s9-shard-00-02.yvjbs2l.mongodb.net:27017, hosts=[ac-bd180s9-shard-00-01.yvjbs2l.mongodb.net:27017, ac-bd180s9-shard-00-02.yvjbs2l.mongodb.net:27017, ac-bd180s9-shard-00-00.yvjbs2l.mongodb.net:27017], passives=[], arbiters=[], primary='ac-bd180s9-shard-00-02.yvjbs2l.mongodb.net:27017', tagSet=TagSet{[Tag{name='availabilityZone', value='aps1-az2'}, Tag{name='cacheState', value='READY'}, Tag{name='diskState', value='READY'}, Tag{name='nodeType', value='ELECTABLE'}, Tag{name='provider', value='AWS'}, Tag{name='region', value='AP_SOUTH_1'}, Tag{name='workloadType', value='OPERATIONAL'}]}, electionId=7fffffff000000000000012d, setVersion=297, topologyVersion=TopologyVersion{processId=6a7b3d358e68804eae9a242f, counter=10}, lastWriteDate=Mon Aug 17 20:20:01 IST 2026, lastUpdateTimeNanos=73991125043100}
2026-08-17 20:20:01 INFO  org.mongodb.driver.cluster - Monitor thread successfully connected to server with description ServerDescription{address=ac-bd180s9-shard-00-01.yvjbs2l.mongodb.net:27017, type=REPLICA_SET_SECONDARY, state=CONNECTED, ok=true, minWireVersion=0, maxWireVersion=25, maxDocumentSize=16777216, logicalSessionTimeoutMinutes=30, roundTripTimeNanos=1018574300, setName='atlas-lpe6sk-shard-0', canonicalAddress=ac-bd180s9-shard-00-01.yvjbs2l.mongodb.net:27017, hosts=[ac-bd180s9-shard-00-01.yvjbs2l.mongodb.net:27017, ac-bd180s9-shard-00-02.yvjbs2l.mongodb.net:27017, ac-bd180s9-shard-00-00.yvjbs2l.mongodb.net:27017], passives=[], arbiters=[], primary='ac-bd180s9-shard-00-02.yvjbs2l.mongodb.net:27017', tagSet=TagSet{[Tag{name='availabilityZone', value='aps1-az3'}, Tag{name='cacheState', value='READY'}, Tag{name='diskState', value='READY'}, Tag{name='nodeType', value='ELECTABLE'}, Tag{name='provider', value='AWS'}, Tag{name='region', value='AP_SOUTH_1'}, Tag{name='workloadType', value='OPERATIONAL'}]}, electionId=null, setVersion=297, topologyVersion=TopologyVersion{processId=6a7b3fc5ee64108dce410aaf, counter=5}, lastWriteDate=Mon Aug 17 20:20:01 IST 2026, lastUpdateTimeNanos=73991125043200}
2026-08-17 20:20:01 INFO  org.mongodb.driver.cluster - Setting max election id to 7fffffff000000000000012d from replica set primary ac-bd180s9-shard-00-02.yvjbs2l.mongodb.net:27017
2026-08-17 20:20:01 INFO  org.mongodb.driver.cluster - Setting max set version to 297 from replica set primary ac-bd180s9-shard-00-02.yvjbs2l.mongodb.net:27017
2026-08-17 20:20:01 INFO  org.mongodb.driver.cluster - Discovered replica set primary ac-bd180s9-shard-00-02.yvjbs2l.mongodb.net:27017
2026-08-17 20:20:01 INFO  org.mongodb.driver.connection - Opened connection [connectionId{localValue:7, serverValue:166456}] to ac-bd180s9-shard-00-02.yvjbs2l.mongodb.net:27017
2026-08-17 20:20:03 INFO  o.s.s.web.DefaultSecurityFilterChain - Will secure any request with [org.springframework.security.web.session.DisableEncodeUrlFilter@ac4915e, org.springframework.security.web.context.request.async.WebAsyncManagerIntegrationFilter@10fb4575, org.springframework.security.web.context.SecurityContextPersistenceFilter@4f5c30b1, org.springframework.security.web.header.HeaderWriterFilter@37b01ce2, org.springframework.security.web.authentication.logout.LogoutFilter@2a484710, org.springframework.security.web.authentication.www.BasicAuthenticationFilter@c5e69a5, org.springframework.security.web.savedrequest.RequestCacheAwareFilter@5d7f8467, org.springframework.security.web.servletapi.SecurityContextHolderAwareRequestFilter@38087342, org.springframework.security.web.authentication.AnonymousAuthenticationFilter@7cc2c551, org.springframework.security.web.session.SessionManagementFilter@63f9ddf9, org.springframework.security.web.access.ExceptionTranslationFilter@11826398, org.springframework.security.web.access.intercept.FilterSecurityInterceptor@421ead7e]
2026-08-17 20:20:04 INFO  o.a.coyote.http11.Http11NioProtocol - Starting ProtocolHandler ["http-nio-8080"]
2026-08-17 20:20:04 INFO  o.s.b.w.e.tomcat.TomcatWebServer - Tomcat started on port(s): 8080 (http) with context path '/journal'
2026-08-17 20:20:04 INFO  com.journalApp.JournalAppApplication - Started JournalAppApplication in 18.317 seconds (JVM running for 21.583)
2026-08-17 20:20:15 INFO  o.a.c.c.C.[.[localhost].[/journal] - Initializing Spring DispatcherServlet 'dispatcherServlet'
2026-08-17 20:20:15 INFO  o.s.web.servlet.DispatcherServlet - Initializing Servlet 'dispatcherServlet'
2026-08-17 20:20:15 INFO  o.s.web.servlet.DispatcherServlet - Completed initialization in 3 ms
2026-08-17 20:20:16 INFO  org.mongodb.driver.connection - Opened connection [connectionId{localValue:8, serverValue:166405}] to ac-bd180s9-shard-00-02.yvjbs2l.mongodb.net:27017
2026-08-17 20:20:17 ERROR o.a.c.c.C.[.[.[.[dispatcherServlet] - Servlet.service() for servlet [dispatcherServlet] in context with path [/journal] threw exception [Request processing failed; nested exception is org.springframework.web.client.HttpClientErrorException$TooManyRequests: 429 Too Many Requests: "{"success":false,"error":{"code":106,"type":"rate_limit_reached","info":"You have exceeded the maximum rate limitation allowed on your subscription plan. Please refer to the \"Rate Limits\" section of the API Documentation for details. "}}"] with root cause
org.springframework.web.client.HttpClientErrorException$TooManyRequests: 429 Too Many Requests: "{"success":false,"error":{"code":106,"type":"rate_limit_reached","info":"You have exceeded the maximum rate limitation allowed on your subscription plan. Please refer to the \"Rate Limits\" section of the API Documentation for details. "}}"
	at org.springframework.web.client.HttpClientErrorException.create(HttpClientErrorException.java:137)
	at org.springframework.web.client.DefaultResponseErrorHandler.handleError(DefaultResponseErrorHandler.java:168)
	at org.springframework.web.client.DefaultResponseErrorHandler.handleError(DefaultResponseErrorHandler.java:122)
	at org.springframework.web.client.ResponseErrorHandler.handleError(ResponseErrorHandler.java:63)
	at org.springframework.web.client.RestTemplate.handleResponse(RestTemplate.java:825)
	at org.springframework.web.client.RestTemplate.doExecute(RestTemplate.java:783)
	at org.springframework.web.client.RestTemplate.execute(RestTemplate.java:717)
	at org.springframework.web.client.RestTemplate.getForObject(RestTemplate.java:340)
	at com.journalApp.service.WeatherService.getWeather(WeatherService.java:24)
	at com.journalApp.controller.UserController.greeting(UserController.java:70)
	at java.base/jdk.internal.reflect.DirectMethodHandleAccessor.invoke(DirectMethodHandleAccessor.java:103)
	at java.base/java.lang.reflect.Method.invoke(Method.java:580)
	at org.springframework.web.method.support.InvocableHandlerMethod.doInvoke(InvocableHandlerMethod.java:205)
	at org.springframework.web.method.support.InvocableHandlerMethod.invokeForRequest(InvocableHandlerMethod.java:150)
	at org.springframework.web.servlet.mvc.method.annotation.ServletInvocableHandlerMethod.invokeAndHandle(ServletInvocableHandlerMethod.java:117)
	at org.springframework.web.servlet.mvc.method.annotation.RequestMappingHandlerAdapter.invokeHandlerMethod(RequestMappingHandlerAdapter.java:895)
	at org.springframework.web.servlet.mvc.method.annotation.RequestMappingHandlerAdapter.handleInternal(RequestMappingHandlerAdapter.java:808)
	at org.springframework.web.servlet.mvc.method.AbstractHandlerMethodAdapter.handle(AbstractHandlerMethodAdapter.java:87)
	at org.springframework.web.servlet.DispatcherServlet.doDispatch(DispatcherServlet.java:1072)
	at org.springframework.web.servlet.DispatcherServlet.doService(DispatcherServlet.java:965)
	at org.springframework.web.servlet.FrameworkServlet.processRequest(FrameworkServlet.java:1006)
	at org.springframework.web.servlet.FrameworkServlet.doGet(FrameworkServlet.java:898)
	at javax.servlet.http.HttpServlet.service(HttpServlet.java:529)
	at org.springframework.web.servlet.FrameworkServlet.service(FrameworkServlet.java:883)
	at javax.servlet.http.HttpServlet.service(HttpServlet.java:623)
	at org.apache.catalina.core.ApplicationFilterChain.internalDoFilter(ApplicationFilterChain.java:209)
	at org.apache.catalina.core.ApplicationFilterChain.doFilter(ApplicationFilterChain.java:153)
	at org.apache.tomcat.websocket.server.WsFilter.doFilter(WsFilter.java:51)
	at org.apache.catalina.core.ApplicationFilterChain.internalDoFilter(ApplicationFilterChain.java:178)
	at org.apache.catalina.core.ApplicationFilterChain.doFilter(ApplicationFilterChain.java:153)
	at org.springframework.security.web.FilterChainProxy$VirtualFilterChain.doFilter(FilterChainProxy.java:337)
	at org.springframework.security.web.access.intercept.FilterSecurityInterceptor.invoke(FilterSecurityInterceptor.java:115)
	at org.springframework.security.web.access.intercept.FilterSecurityInterceptor.doFilter(FilterSecurityInterceptor.java:81)
	at org.springframework.security.web.FilterChainProxy$VirtualFilterChain.doFilter(FilterChainProxy.java:346)
	at org.springframework.security.web.access.ExceptionTranslationFilter.doFilter(ExceptionTranslationFilter.java:122)
	at org.springframework.security.web.access.ExceptionTranslationFilter.doFilter(ExceptionTranslationFilter.java:116)
	at org.springframework.security.web.FilterChainProxy$VirtualFilterChain.doFilter(FilterChainProxy.java:346)
	at org.springframework.security.web.session.SessionManagementFilter.doFilter(SessionManagementFilter.java:126)
	at org.springframework.security.web.session.SessionManagementFilter.doFilter(SessionManagementFilter.java:81)
	at org.springframework.security.web.FilterChainProxy$VirtualFilterChain.doFilter(FilterChainProxy.java:346)
	at org.springframework.security.web.authentication.AnonymousAuthenticationFilter.doFilter(AnonymousAuthenticationFilter.java:109)
	at org.springframework.security.web.FilterChainProxy$VirtualFilterChain.doFilter(FilterChainProxy.java:346)
	at org.springframework.security.web.servletapi.SecurityContextHolderAwareRequestFilter.doFilter(SecurityContextHolderAwareRequestFilter.java:149)
	at org.springframework.security.web.FilterChainProxy$VirtualFilterChain.doFilter(FilterChainProxy.java:346)
	at org.springframework.security.web.savedrequest.RequestCacheAwareFilter.doFilter(RequestCacheAwareFilter.java:63)
	at org.springframework.security.web.FilterChainProxy$VirtualFilterChain.doFilter(FilterChainProxy.java:346)
	at org.springframework.security.web.authentication.www.BasicAuthenticationFilter.doFilterInternal(BasicAuthenticationFilter.java:196)
	at org.springframework.web.filter.OncePerRequestFilter.doFilter(OncePerRequestFilter.java:117)
	at org.springframework.security.web.FilterChainProxy$VirtualFilterChain.doFilter(FilterChainProxy.java:346)
	at org.springframework.security.web.authentication.logout.LogoutFilter.doFilter(LogoutFilter.java:103)
	at org.springframework.security.web.authentication.logout.LogoutFilter.doFilter(LogoutFilter.java:89)
	at org.springframework.security.web.FilterChainProxy$VirtualFilterChain.doFilter(FilterChainProxy.java:346)
	at org.springframework.security.web.header.HeaderWriterFilter.doHeadersAfter(HeaderWriterFilter.java:90)
	at org.springframework.security.web.header.HeaderWriterFilter.doFilterInternal(HeaderWriterFilter.java:75)
	at org.springframework.web.filter.OncePerRequestFilter.doFilter(OncePerRequestFilter.java:117)
	at org.springframework.security.web.FilterChainProxy$VirtualFilterChain.doFilter(FilterChainProxy.java:346)
	at org.springframework.security.web.context.SecurityContextPersistenceFilter.doFilter(SecurityContextPersistenceFilter.java:112)
	at org.springframework.security.web.context.SecurityContextPersistenceFilter.doFilter(SecurityContextPersistenceFilter.java:82)
	at org.springframework.security.web.FilterChainProxy$VirtualFilterChain.doFilter(FilterChainProxy.java:346)
	at org.springframework.security.web.context.request.async.WebAsyncManagerIntegrationFilter.doFilterInternal(WebAsyncManagerIntegrationFilter.java:55)
	at org.springframework.web.filter.OncePerRequestFilter.doFilter(OncePerRequestFilter.java:117)
	at org.springframework.security.web.FilterChainProxy$VirtualFilterChain.doFilter(FilterChainProxy.java:346)
	at org.springframework.security.web.session.DisableEncodeUrlFilter.doFilterInternal(DisableEncodeUrlFilter.java:42)
	at org.springframework.web.filter.OncePerRequestFilter.doFilter(OncePerRequestFilter.java:117)
	at org.springframework.security.web.FilterChainProxy$VirtualFilterChain.doFilter(FilterChainProxy.java:346)
	at org.springframework.security.web.FilterChainProxy.doFilterInternal(FilterChainProxy.java:221)
	at org.springframework.security.web.FilterChainProxy.doFilter(FilterChainProxy.java:186)
	at org.springframework.web.filter.DelegatingFilterProxy.invokeDelegate(DelegatingFilterProxy.java:354)
	at org.springframework.web.filter.DelegatingFilterProxy.doFilter(DelegatingFilterProxy.java:267)
	at org.apache.catalina.core.ApplicationFilterChain.internalDoFilter(ApplicationFilterChain.java:178)
	at org.apache.catalina.core.ApplicationFilterChain.doFilter(ApplicationFilterChain.java:153)
	at org.springframework.web.filter.RequestContextFilter.doFilterInternal(RequestContextFilter.java:100)
	at org.springframework.web.filter.OncePerRequestFilter.doFilter(OncePerRequestFilter.java:117)
	at org.apache.catalina.core.ApplicationFilterChain.internalDoFilter(ApplicationFilterChain.java:178)
	at org.apache.catalina.core.ApplicationFilterChain.doFilter(ApplicationFilterChain.java:153)
	at org.springframework.web.filter.FormContentFilter.doFilterInternal(FormContentFilter.java:93)
	at org.springframework.web.filter.OncePerRequestFilter.doFilter(OncePerRequestFilter.java:117)
	at org.apache.catalina.core.ApplicationFilterChain.internalDoFilter(ApplicationFilterChain.java:178)
	at org.apache.catalina.core.ApplicationFilterChain.doFilter(ApplicationFilterChain.java:153)
	at org.springframework.web.filter.CharacterEncodingFilter.doFilterInternal(CharacterEncodingFilter.java:201)
	at org.springframework.web.filter.OncePerRequestFilter.doFilter(OncePerRequestFilter.java:117)
	at org.apache.catalina.core.ApplicationFilterChain.internalDoFilter(ApplicationFilterChain.java:178)
	at org.apache.catalina.core.ApplicationFilterChain.doFilter(ApplicationFilterChain.java:153)
	at org.apache.catalina.core.StandardWrapperValve.invoke(StandardWrapperValve.java:168)
	at org.apache.catalina.core.StandardContextValve.invoke(StandardContextValve.java:90)
	at org.apache.catalina.authenticator.AuthenticatorBase.invoke(AuthenticatorBase.java:481)
	at org.apache.catalina.core.StandardHostValve.invoke(StandardHostValve.java:130)
	at org.apache.catalina.valves.ErrorReportValve.invoke(ErrorReportValve.java:93)
	at org.apache.catalina.core.StandardEngineValve.invoke(StandardEngineValve.java:74)
	at org.apache.catalina.connector.CoyoteAdapter.service(CoyoteAdapter.java:342)
	at org.apache.coyote.http11.Http11Processor.service(Http11Processor.java:390)
	at org.apache.coyote.AbstractProcessorLight.process(AbstractProcessorLight.java:63)
	at org.apache.coyote.AbstractProtocol$ConnectionHandler.process(AbstractProtocol.java:928)
	at org.apache.tomcat.util.net.NioEndpoint$SocketProcessor.doRun(NioEndpoint.java:1794)
	at org.apache.tomcat.util.net.SocketProcessorBase.run(SocketProcessorBase.java:52)
	at org.apache.tomcat.util.threads.ThreadPoolExecutor.runWorker(ThreadPoolExecutor.java:1191)
	at org.apache.tomcat.util.threads.ThreadPoolExecutor$Worker.run(ThreadPoolExecutor.java:659)
	at org.apache.tomcat.util.threads.TaskThread$WrappingRunnable.run(TaskThread.java:61)
	at java.base/java.lang.Thread.run(Thread.java:1583)
2026-08-17 20:20:17 ERROR o.a.c.c.C.[.[.[.[dispatcherServlet] - Servlet.service() for servlet [dispatcherServlet] in context with path [/journal] threw exception [Request processing failed; nested exception is org.springframework.http.converter.HttpMessageConversionException: Type definition error: [simple type, class com.journalApp.api.response.WeatherResponse$Astro]; nested exception is com.fasterxml.jackson.databind.exc.InvalidDefinitionException: Cannot construct instance of `com.journalApp.api.response.WeatherResponse$Astro`: non-static inner classes like this can only by instantiated using default, no-argument constructor
 at [Source: (org.springframework.util.StreamUtils$NonClosingInputStream); line: 1, column: 512] (through reference chain: com.journalApp.api.response.WeatherResponse["current"]->com.journalApp.api.response.WeatherResponse$Current["astro"])] with root cause
com.fasterxml.jackson.databind.exc.InvalidDefinitionException: Cannot construct instance of `com.journalApp.api.response.WeatherResponse$Astro`: non-static inner classes like this can only by instantiated using default, no-argument constructor
 at [Source: (org.springframework.util.StreamUtils$NonClosingInputStream); line: 1, column: 512] (through reference chain: com.journalApp.api.response.WeatherResponse["current"]->com.journalApp.api.response.WeatherResponse$Current["astro"])
	at com.fasterxml.jackson.databind.exc.InvalidDefinitionException.from(InvalidDefinitionException.java:67)
	at com.fasterxml.jackson.databind.DeserializationContext.reportBadDefinition(DeserializationContext.java:1904)
	at com.fasterxml.jackson.databind.DatabindContext.reportBadDefinition(DatabindContext.java:400)
	at com.fasterxml.jackson.databind.DeserializationContext.handleMissingInstantiator(DeserializationContext.java:1344)
	at com.fasterxml.jackson.databind.deser.BeanDeserializerBase.deserializeFromObjectUsingNonDefault(BeanDeserializerBase.java:1412)
	at com.fasterxml.jackson.databind.deser.BeanDeserializer.deserializeFromObject(BeanDeserializer.java:352)
	at com.fasterxml.jackson.databind.deser.BeanDeserializer.deserialize(BeanDeserializer.java:185)
	at com.fasterxml.jackson.databind.deser.impl.MethodProperty.deserializeAndSet(MethodProperty.java:129)
	at com.fasterxml.jackson.databind.deser.BeanDeserializer.deserialize(BeanDeserializer.java:278)
	at com.fasterxml.jackson.databind.deser.impl.InnerClassProperty.deserializeAndSet(InnerClassProperty.java:90)
	at com.fasterxml.jackson.databind.deser.BeanDeserializer.deserializeFromObject(BeanDeserializer.java:392)
	at com.fasterxml.jackson.databind.deser.BeanDeserializer.deserialize(BeanDeserializer.java:185)
	at com.fasterxml.jackson.databind.deser.DefaultDeserializationContext.readRootValue(DefaultDeserializationContext.java:323)
	at com.fasterxml.jackson.databind.ObjectMapper._readMapAndClose(ObjectMapper.java:4674)
	at com.fasterxml.jackson.databind.ObjectMapper.readValue(ObjectMapper.java:3682)
	at org.springframework.http.converter.json.AbstractJackson2HttpMessageConverter.readJavaType(AbstractJackson2HttpMessageConverter.java:380)
	at org.springframework.http.converter.json.AbstractJackson2HttpMessageConverter.read(AbstractJackson2HttpMessageConverter.java:343)
	at org.springframework.web.client.HttpMessageConverterExtractor.extractData(HttpMessageConverterExtractor.java:105)
	at org.springframework.web.client.RestTemplate.doExecute(RestTemplate.java:784)
	at org.springframework.web.client.RestTemplate.execute(RestTemplate.java:717)
	at org.springframework.web.client.RestTemplate.getForObject(RestTemplate.java:340)
	at com.journalApp.service.WeatherService.getWeather(WeatherService.java:24)
	at com.journalApp.controller.UserController.greeting(UserController.java:70)
	at java.base/jdk.internal.reflect.DirectMethodHandleAccessor.invoke(DirectMethodHandleAccessor.java:103)
	at java.base/java.lang.reflect.Method.invoke(Method.java:580)
	at org.springframework.web.method.support.InvocableHandlerMethod.doInvoke(InvocableHandlerMethod.java:205)
	at org.springframework.web.method.support.InvocableHandlerMethod.invokeForRequest(InvocableHandlerMethod.java:150)
	at org.springframework.web.servlet.mvc.method.annotation.ServletInvocableHandlerMethod.invokeAndHandle(ServletInvocableHandlerMethod.java:117)
	at org.springframework.web.servlet.mvc.method.annotation.RequestMappingHandlerAdapter.invokeHandlerMethod(RequestMappingHandlerAdapter.java:895)
	at org.springframework.web.servlet.mvc.method.annotation.RequestMappingHandlerAdapter.handleInternal(RequestMappingHandlerAdapter.java:808)
	at org.springframework.web.servlet.mvc.method.AbstractHandlerMethodAdapter.handle(AbstractHandlerMethodAdapter.java:87)
	at org.springframework.web.servlet.DispatcherServlet.doDispatch(DispatcherServlet.java:1072)
	at org.springframework.web.servlet.DispatcherServlet.doService(DispatcherServlet.java:965)
	at org.springframework.web.servlet.FrameworkServlet.processRequest(FrameworkServlet.java:1006)
	at org.springframework.web.servlet.FrameworkServlet.doGet(FrameworkServlet.java:898)
	at javax.servlet.http.HttpServlet.service(HttpServlet.java:529)
	at org.springframework.web.servlet.FrameworkServlet.service(FrameworkServlet.java:883)
	at javax.servlet.http.HttpServlet.service(HttpServlet.java:623)
	at org.apache.catalina.core.ApplicationFilterChain.internalDoFilter(ApplicationFilterChain.java:209)
	at org.apache.catalina.core.ApplicationFilterChain.doFilter(ApplicationFilterChain.java:153)
	at org.apache.tomcat.websocket.server.WsFilter.doFilter(WsFilter.java:51)
	at org.apache.catalina.core.ApplicationFilterChain.internalDoFilter(ApplicationFilterChain.java:178)
	at org.apache.catalina.core.ApplicationFilterChain.doFilter(ApplicationFilterChain.java:153)
	at org.springframework.security.web.FilterChainProxy$VirtualFilterChain.doFilter(FilterChainProxy.java:337)
	at org.springframework.security.web.access.intercept.FilterSecurityInterceptor.invoke(FilterSecurityInterceptor.java:115)
	at org.springframework.security.web.access.intercept.FilterSecurityInterceptor.doFilter(FilterSecurityInterceptor.java:81)
	at org.springframework.security.web.FilterChainProxy$VirtualFilterChain.doFilter(FilterChainProxy.java:346)
	at org.springframework.security.web.access.ExceptionTranslationFilter.doFilter(ExceptionTranslationFilter.java:122)
	at org.springframework.security.web.access.ExceptionTranslationFilter.doFilter(ExceptionTranslationFilter.java:116)
	at org.springframework.security.web.FilterChainProxy$VirtualFilterChain.doFilter(FilterChainProxy.java:346)
	at org.springframework.security.web.session.SessionManagementFilter.doFilter(SessionManagementFilter.java:126)
	at org.springframework.security.web.session.SessionManagementFilter.doFilter(SessionManagementFilter.java:81)
	at org.springframework.security.web.FilterChainProxy$VirtualFilterChain.doFilter(FilterChainProxy.java:346)
	at org.springframework.security.web.authentication.AnonymousAuthenticationFilter.doFilter(AnonymousAuthenticationFilter.java:109)
	at org.springframework.security.web.FilterChainProxy$VirtualFilterChain.doFilter(FilterChainProxy.java:346)
	at org.springframework.security.web.servletapi.SecurityContextHolderAwareRequestFilter.doFilter(SecurityContextHolderAwareRequestFilter.java:149)
	at org.springframework.security.web.FilterChainProxy$VirtualFilterChain.doFilter(FilterChainProxy.java:346)
	at org.springframework.security.web.savedrequest.RequestCacheAwareFilter.doFilter(RequestCacheAwareFilter.java:63)
	at org.springframework.security.web.FilterChainProxy$VirtualFilterChain.doFilter(FilterChainProxy.java:346)
	at org.springframework.security.web.authentication.www.BasicAuthenticationFilter.doFilterInternal(BasicAuthenticationFilter.java:196)
	at org.springframework.web.filter.OncePerRequestFilter.doFilter(OncePerRequestFilter.java:117)
	at org.springframework.security.web.FilterChainProxy$VirtualFilterChain.doFilter(FilterChainProxy.java:346)
	at org.springframework.security.web.authentication.logout.LogoutFilter.doFilter(LogoutFilter.java:103)
	at org.springframework.security.web.authentication.logout.LogoutFilter.doFilter(LogoutFilter.java:89)
	at org.springframework.security.web.FilterChainProxy$VirtualFilterChain.doFilter(FilterChainProxy.java:346)
	at org.springframework.security.web.header.HeaderWriterFilter.doHeadersAfter(HeaderWriterFilter.java:90)
	at org.springframework.security.web.header.HeaderWriterFilter.doFilterInternal(HeaderWriterFilter.java:75)
	at org.springframework.web.filter.OncePerRequestFilter.doFilter(OncePerRequestFilter.java:117)
	at org.springframework.security.web.FilterChainProxy$VirtualFilterChain.doFilter(FilterChainProxy.java:346)
	at org.springframework.security.web.context.SecurityContextPersistenceFilter.doFilter(SecurityContextPersistenceFilter.java:112)
	at org.springframework.security.web.context.SecurityContextPersistenceFilter.doFilter(SecurityContextPersistenceFilter.java:82)
	at org.springframework.security.web.FilterChainProxy$VirtualFilterChain.doFilter(FilterChainProxy.java:346)
	at org.springframework.security.web.context.request.async.WebAsyncManagerIntegrationFilter.doFilterInternal(WebAsyncManagerIntegrationFilter.java:55)
	at org.springframework.web.filter.OncePerRequestFilter.doFilter(OncePerRequestFilter.java:117)
	at org.springframework.security.web.FilterChainProxy$VirtualFilterChain.doFilter(FilterChainProxy.java:346)
	at org.springframework.security.web.session.DisableEncodeUrlFilter.doFilterInternal(DisableEncodeUrlFilter.java:42)
	at org.springframework.web.filter.OncePerRequestFilter.doFilter(OncePerRequestFilter.java:117)
	at org.springframework.security.web.FilterChainProxy$VirtualFilterChain.doFilter(FilterChainProxy.java:346)
	at org.springframework.security.web.FilterChainProxy.doFilterInternal(FilterChainProxy.java:221)
	at org.springframework.security.web.FilterChainProxy.doFilter(FilterChainProxy.java:186)
	at org.springframework.web.filter.DelegatingFilterProxy.invokeDelegate(DelegatingFilterProxy.java:354)
	at org.springframework.web.filter.DelegatingFilterProxy.doFilter(DelegatingFilterProxy.java:267)
	at org.apache.catalina.core.ApplicationFilterChain.internalDoFilter(ApplicationFilterChain.java:178)
	at org.apache.catalina.core.ApplicationFilterChain.doFilter(ApplicationFilterChain.java:153)
	at org.springframework.web.filter.RequestContextFilter.doFilterInternal(RequestContextFilter.java:100)
	at org.springframework.web.filter.OncePerRequestFilter.doFilter(OncePerRequestFilter.java:117)
	at org.apache.catalina.core.ApplicationFilterChain.internalDoFilter(ApplicationFilterChain.java:178)
	at org.apache.catalina.core.ApplicationFilterChain.doFilter(ApplicationFilterChain.java:153)
	at org.springframework.web.filter.FormContentFilter.doFilterInternal(FormContentFilter.java:93)
	at org.springframework.web.filter.OncePerRequestFilter.doFilter(OncePerRequestFilter.java:117)
	at org.apache.catalina.core.ApplicationFilterChain.internalDoFilter(ApplicationFilterChain.java:178)
	at org.apache.catalina.core.ApplicationFilterChain.doFilter(ApplicationFilterChain.java:153)
	at org.springframework.web.filter.CharacterEncodingFilter.doFilterInternal(CharacterEncodingFilter.java:201)
	at org.springframework.web.filter.OncePerRequestFilter.doFilter(OncePerRequestFilter.java:117)
	at org.apache.catalina.core.ApplicationFilterChain.internalDoFilter(ApplicationFilterChain.java:178)
	at org.apache.catalina.core.ApplicationFilterChain.doFilter(ApplicationFilterChain.java:153)
	at org.apache.catalina.core.StandardWrapperValve.invoke(StandardWrapperValve.java:168)
	at org.apache.catalina.core.StandardContextValve.invoke(StandardContextValve.java:90)
	at org.apache.catalina.authenticator.AuthenticatorBase.invoke(AuthenticatorBase.java:481)
	at org.apache.catalina.core.StandardHostValve.invoke(StandardHostValve.java:130)
	at org.apache.catalina.valves.ErrorReportValve.invoke(ErrorReportValve.java:93)
	at org.apache.catalina.core.StandardEngineValve.invoke(StandardEngineValve.java:74)
	at org.apache.catalina.connector.CoyoteAdapter.service(CoyoteAdapter.java:342)
	at org.apache.coyote.http11.Http11Processor.service(Http11Processor.java:390)
	at org.apache.coyote.AbstractProcessorLight.process(AbstractProcessorLight.java:63)
	at org.apache.coyote.AbstractProtocol$ConnectionHandler.process(AbstractProtocol.java:928)
	at org.apache.tomcat.util.net.NioEndpoint$SocketProcessor.doRun(NioEndpoint.java:1794)
	at org.apache.tomcat.util.net.SocketProcessorBase.run(SocketProcessorBase.java:52)
	at org.apache.tomcat.util.threads.ThreadPoolExecutor.runWorker(ThreadPoolExecutor.java:1191)
	at org.apache.tomcat.util.threads.ThreadPoolExecutor$Worker.run(ThreadPoolExecutor.java:659)
	at org.apache.tomcat.util.threads.TaskThread$WrappingRunnable.run(TaskThread.java:61)
	at java.base/java.lang.Thread.run(Thread.java:1583)
2026-08-17 20:21:54 INFO  com.journalApp.JournalAppApplication - Starting JournalAppApplication using Java 21.0.4 on SHAHID with PID 20004 (C:\Users\MD SHAHID ANSARI\IdeaProjects\journalApp\journalApp\target\classes started by MD SHAHID ANSARI in C:\Users\MD SHAHID ANSARI\IdeaProjects\journalApp)
2026-08-17 20:21:54 INFO  com.journalApp.JournalAppApplication - The following 1 profile is active: "dev"
2026-08-17 20:21:55 INFO  o.s.d.r.c.RepositoryConfigurationDelegate - Bootstrapping Spring Data MongoDB repositories in DEFAULT mode.
2026-08-17 20:21:55 INFO  o.s.d.r.c.RepositoryConfigurationDelegate - Finished Spring Data repository scanning in 184 ms. Found 2 MongoDB repository interfaces.
2026-08-17 20:21:57 INFO  o.s.b.w.e.tomcat.TomcatWebServer - Tomcat initialized with port(s): 8080 (http)
2026-08-17 20:21:57 INFO  o.a.coyote.http11.Http11NioProtocol - Initializing ProtocolHandler ["http-nio-8080"]
2026-08-17 20:21:57 INFO  o.a.catalina.core.StandardService - Starting service [Tomcat]
2026-08-17 20:21:57 INFO  o.a.catalina.core.StandardEngine - Starting Servlet engine: [Apache Tomcat/9.0.83]
2026-08-17 20:21:57 INFO  o.a.c.c.C.[.[localhost].[/journal] - Initializing Spring embedded WebApplicationContext
2026-08-17 20:21:57 INFO  o.s.b.w.s.c.ServletWebServerApplicationContext - Root WebApplicationContext: initialization completed in 3580 ms
2026-08-17 20:21:58 INFO  org.mongodb.driver.client - MongoClient with metadata {"driver": {"name": "mongo-java-driver|sync|spring-boot", "version": "4.6.1"}, "os": {"type": "Windows", "name": "Windows 11", "architecture": "amd64", "version": "10.0"}, "platform": "Java/Oracle Corporation/21.0.4+8-LTS-274", "application": {"name": "Cluster0"}} created with settings MongoClientSettings{readPreference=primary, writeConcern=WriteConcern{w=null, wTimeout=null ms, journal=null}, retryWrites=true, retryReads=true, readConcern=ReadConcern{level=null}, credential=MongoCredential{mechanism=null, userName='mdshahidans2005_db_user', source='admin', password=<hidden>, mechanismProperties=<hidden>}, streamFactoryFactory=null, commandListeners=[], codecRegistry=ProvidersCodecRegistry{codecProviders=[ValueCodecProvider{}, BsonValueCodecProvider{}, DBRefCodecProvider{}, DBObjectCodecProvider{}, DocumentCodecProvider{}, IterableCodecProvider{}, MapCodecProvider{}, GeoJsonCodecProvider{}, GridFSFileCodecProvider{}, Jsr310CodecProvider{}, JsonObjectCodecProvider{}, BsonCodecProvider{}, EnumCodecProvider{}, com.mongodb.Jep395RecordCodecProvider@40bb4f87]}, clusterSettings={hosts=[127.0.0.1:27017], srvHost=cluster0.yvjbs2l.mongodb.net, srvServiceName=mongodb, mode=MULTIPLE, requiredClusterType=REPLICA_SET, requiredReplicaSetName='atlas-lpe6sk-shard-0', serverSelector='null', clusterListeners='[]', serverSelectionTimeout='30000 ms', localThreshold='30000 ms'}, socketSettings=SocketSettings{connectTimeoutMS=10000, readTimeoutMS=0, receiveBufferSize=0, sendBufferSize=0}, heartbeatSocketSettings=SocketSettings{connectTimeoutMS=10000, readTimeoutMS=10000, receiveBufferSize=0, sendBufferSize=0}, connectionPoolSettings=ConnectionPoolSettings{maxSize=100, minSize=0, maxWaitTimeMS=120000, maxConnectionLifeTimeMS=0, maxConnectionIdleTimeMS=0, maintenanceInitialDelayMS=0, maintenanceFrequencyMS=60000, connectionPoolListeners=[], maxConnecting=2}, serverSettings=ServerSettings{heartbeatFrequencyMS=10000, minHeartbeatFrequencyMS=500, serverListeners='[]', serverMonitorListeners='[]'}, sslSettings=SslSettings{enabled=true, invalidHostNameAllowed=false, context=null}, applicationName='Cluster0', compressorList=[], uuidRepresentation=JAVA_LEGACY, serverApi=null, autoEncryptionSettings=null, contextProvider=null}
2026-08-17 20:21:58 INFO  org.mongodb.driver.cluster - Adding discovered server ac-bd180s9-shard-00-00.yvjbs2l.mongodb.net:27017 to client view of cluster
2026-08-17 20:21:58 INFO  org.mongodb.driver.cluster - Adding discovered server ac-bd180s9-shard-00-01.yvjbs2l.mongodb.net:27017 to client view of cluster
2026-08-17 20:21:58 INFO  org.mongodb.driver.cluster - Adding discovered server ac-bd180s9-shard-00-02.yvjbs2l.mongodb.net:27017 to client view of cluster
2026-08-17 20:21:59 INFO  org.mongodb.driver.cluster - No server chosen by com.mongodb.client.internal.MongoClientDelegate$1@40943a6 from cluster description ClusterDescription{type=REPLICA_SET, connectionMode=MULTIPLE, serverDescriptions=[ServerDescription{address=ac-bd180s9-shard-00-00.yvjbs2l.mongodb.net:27017, type=UNKNOWN, state=CONNECTING}, ServerDescription{address=ac-bd180s9-shard-00-02.yvjbs2l.mongodb.net:27017, type=UNKNOWN, state=CONNECTING}, ServerDescription{address=ac-bd180s9-shard-00-01.yvjbs2l.mongodb.net:27017, type=UNKNOWN, state=CONNECTING}]}. Waiting for 30000 ms before timing out
2026-08-17 20:22:00 INFO  org.mongodb.driver.connection - Opened connection [connectionId{localValue:5, serverValue:163784}] to ac-bd180s9-shard-00-00.yvjbs2l.mongodb.net:27017
2026-08-17 20:22:00 INFO  org.mongodb.driver.connection - Opened connection [connectionId{localValue:3, serverValue:166343}] to ac-bd180s9-shard-00-02.yvjbs2l.mongodb.net:27017
2026-08-17 20:22:00 INFO  org.mongodb.driver.connection - Opened connection [connectionId{localValue:2, serverValue:163784}] to ac-bd180s9-shard-00-00.yvjbs2l.mongodb.net:27017
2026-08-17 20:22:00 INFO  org.mongodb.driver.connection - Opened connection [connectionId{localValue:4, serverValue:161256}] to ac-bd180s9-shard-00-01.yvjbs2l.mongodb.net:27017
2026-08-17 20:22:00 INFO  org.mongodb.driver.connection - Opened connection [connectionId{localValue:6, serverValue:161256}] to ac-bd180s9-shard-00-01.yvjbs2l.mongodb.net:27017
2026-08-17 20:22:00 INFO  org.mongodb.driver.cluster - Monitor thread successfully connected to server with description ServerDescription{address=ac-bd180s9-shard-00-02.yvjbs2l.mongodb.net:27017, type=REPLICA_SET_PRIMARY, state=CONNECTED, ok=true, minWireVersion=0, maxWireVersion=25, maxDocumentSize=16777216, logicalSessionTimeoutMinutes=30, roundTripTimeNanos=611892200, setName='atlas-lpe6sk-shard-0', canonicalAddress=ac-bd180s9-shard-00-02.yvjbs2l.mongodb.net:27017, hosts=[ac-bd180s9-shard-00-01.yvjbs2l.mongodb.net:27017, ac-bd180s9-shard-00-02.yvjbs2l.mongodb.net:27017, ac-bd180s9-shard-00-00.yvjbs2l.mongodb.net:27017], passives=[], arbiters=[], primary='ac-bd180s9-shard-00-02.yvjbs2l.mongodb.net:27017', tagSet=TagSet{[Tag{name='availabilityZone', value='aps1-az2'}, Tag{name='cacheState', value='READY'}, Tag{name='diskState', value='READY'}, Tag{name='nodeType', value='ELECTABLE'}, Tag{name='provider', value='AWS'}, Tag{name='region', value='AP_SOUTH_1'}, Tag{name='workloadType', value='OPERATIONAL'}]}, electionId=7fffffff000000000000012d, setVersion=297, topologyVersion=TopologyVersion{processId=6a7b3d358e68804eae9a242f, counter=10}, lastWriteDate=Mon Aug 17 20:22:00 IST 2026, lastUpdateTimeNanos=74110153239600}
2026-08-17 20:22:00 INFO  org.mongodb.driver.cluster - Monitor thread successfully connected to server with description ServerDescription{address=ac-bd180s9-shard-00-01.yvjbs2l.mongodb.net:27017, type=REPLICA_SET_SECONDARY, state=CONNECTED, ok=true, minWireVersion=0, maxWireVersion=25, maxDocumentSize=16777216, logicalSessionTimeoutMinutes=30, roundTripTimeNanos=611891900, setName='atlas-lpe6sk-shard-0', canonicalAddress=ac-bd180s9-shard-00-01.yvjbs2l.mongodb.net:27017, hosts=[ac-bd180s9-shard-00-01.yvjbs2l.mongodb.net:27017, ac-bd180s9-shard-00-02.yvjbs2l.mongodb.net:27017, ac-bd180s9-shard-00-00.yvjbs2l.mongodb.net:27017], passives=[], arbiters=[], primary='ac-bd180s9-shard-00-02.yvjbs2l.mongodb.net:27017', tagSet=TagSet{[Tag{name='availabilityZone', value='aps1-az3'}, Tag{name='cacheState', value='READY'}, Tag{name='diskState', value='READY'}, Tag{name='nodeType', value='ELECTABLE'}, Tag{name='provider', value='AWS'}, Tag{name='region', value='AP_SOUTH_1'}, Tag{name='workloadType', value='OPERATIONAL'}]}, electionId=null, setVersion=297, topologyVersion=TopologyVersion{processId=6a7b3fc5ee64108dce410aaf, counter=5}, lastWriteDate=Mon Aug 17 20:22:00 IST 2026, lastUpdateTimeNanos=74110153239300}
2026-08-17 20:22:00 INFO  org.mongodb.driver.cluster - Monitor thread successfully connected to server with description ServerDescription{address=ac-bd180s9-shard-00-00.yvjbs2l.mongodb.net:27017, type=REPLICA_SET_SECONDARY, state=CONNECTED, ok=true, minWireVersion=0, maxWireVersion=25, maxDocumentSize=16777216, logicalSessionTimeoutMinutes=30, roundTripTimeNanos=611864700, setName='atlas-lpe6sk-shard-0', canonicalAddress=ac-bd180s9-shard-00-00.yvjbs2l.mongodb.net:27017, hosts=[ac-bd180s9-shard-00-01.yvjbs2l.mongodb.net:27017, ac-bd180s9-shard-00-02.yvjbs2l.mongodb.net:27017, ac-bd180s9-shard-00-00.yvjbs2l.mongodb.net:27017], passives=[], arbiters=[], primary='ac-bd180s9-shard-00-02.yvjbs2l.mongodb.net:27017', tagSet=TagSet{[Tag{name='availabilityZone', value='aps1-az1'}, Tag{name='cacheState', value='READY'}, Tag{name='diskState', value='READY'}, Tag{name='nodeType', value='ELECTABLE'}, Tag{name='provider', value='AWS'}, Tag{name='region', value='AP_SOUTH_1'}, Tag{name='workloadType', value='OPERATIONAL'}]}, electionId=null, setVersion=297, topologyVersion=TopologyVersion{processId=6a7b3ab66a60f4deb1771140, counter=10}, lastWriteDate=Mon Aug 17 20:22:00 IST 2026, lastUpdateTimeNanos=74110153239800}
2026-08-17 20:22:00 INFO  org.mongodb.driver.cluster - Setting max election id to 7fffffff000000000000012d from replica set primary ac-bd180s9-shard-00-02.yvjbs2l.mongodb.net:27017
2026-08-17 20:22:00 INFO  org.mongodb.driver.cluster - Setting max set version to 297 from replica set primary ac-bd180s9-shard-00-02.yvjbs2l.mongodb.net:27017
2026-08-17 20:22:00 INFO  org.mongodb.driver.cluster - Discovered replica set primary ac-bd180s9-shard-00-02.yvjbs2l.mongodb.net:27017
2026-08-17 20:22:00 INFO  org.mongodb.driver.connection - Opened connection [connectionId{localValue:7, serverValue:166284}] to ac-bd180s9-shard-00-02.yvjbs2l.mongodb.net:27017
2026-08-17 20:22:01 INFO  org.mongodb.driver.connection - Opened connection [connectionId{localValue:1, serverValue:166284}] to ac-bd180s9-shard-00-02.yvjbs2l.mongodb.net:27017
2026-08-17 20:22:01 INFO  o.s.s.web.DefaultSecurityFilterChain - Will secure any request with [org.springframework.security.web.session.DisableEncodeUrlFilter@19eea77c, org.springframework.security.web.context.request.async.WebAsyncManagerIntegrationFilter@6682e6a5, org.springframework.security.web.context.SecurityContextPersistenceFilter@410fc508, org.springframework.security.web.header.HeaderWriterFilter@11826398, org.springframework.security.web.authentication.logout.LogoutFilter@274fdea6, org.springframework.security.web.authentication.www.BasicAuthenticationFilter@50f4b83d, org.springframework.security.web.savedrequest.RequestCacheAwareFilter@4f5c30b1, org.springframework.security.web.servletapi.SecurityContextHolderAwareRequestFilter@5c234920, org.springframework.security.web.authentication.AnonymousAuthenticationFilter@ac4915e, org.springframework.security.web.session.SessionManagementFilter@35e74e08, org.springframework.security.web.access.ExceptionTranslationFilter@55c1ced9, org.springframework.security.web.access.intercept.FilterSecurityInterceptor@35ac9ebd]
2026-08-17 20:22:02 INFO  o.a.coyote.http11.Http11NioProtocol - Starting ProtocolHandler ["http-nio-8080"]
2026-08-17 20:22:02 INFO  o.s.b.w.e.tomcat.TomcatWebServer - Tomcat started on port(s): 8080 (http) with context path '/journal'
2026-08-17 20:22:02 INFO  com.journalApp.JournalAppApplication - Started JournalAppApplication in 9.514 seconds (JVM running for 11.073)
2026-08-17 20:22:14 INFO  o.a.c.c.C.[.[localhost].[/journal] - Initializing Spring DispatcherServlet 'dispatcherServlet'
2026-08-17 20:22:14 INFO  o.s.web.servlet.DispatcherServlet - Initializing Servlet 'dispatcherServlet'
2026-08-17 20:22:14 INFO  o.s.web.servlet.DispatcherServlet - Completed initialization in 4 ms
2026-08-17 20:22:16 ERROR o.a.c.c.C.[.[.[.[dispatcherServlet] - Servlet.service() for servlet [dispatcherServlet] in context with path [/journal] threw exception [Request processing failed; nested exception is org.springframework.http.converter.HttpMessageConversionException: Type definition error: [simple type, class com.journalApp.api.response.WeatherResponse$Astro]; nested exception is com.fasterxml.jackson.databind.exc.InvalidDefinitionException: Cannot construct instance of `com.journalApp.api.response.WeatherResponse$Astro`: non-static inner classes like this can only by instantiated using default, no-argument constructor
 at [Source: (org.springframework.util.StreamUtils$NonClosingInputStream); line: 1, column: 512] (through reference chain: com.journalApp.api.response.WeatherResponse["current"]->com.journalApp.api.response.WeatherResponse$Current["astro"])] with root cause
com.fasterxml.jackson.databind.exc.InvalidDefinitionException: Cannot construct instance of `com.journalApp.api.response.WeatherResponse$Astro`: non-static inner classes like this can only by instantiated using default, no-argument constructor
 at [Source: (org.springframework.util.StreamUtils$NonClosingInputStream); line: 1, column: 512] (through reference chain: com.journalApp.api.response.WeatherResponse["current"]->com.journalApp.api.response.WeatherResponse$Current["astro"])
	at com.fasterxml.jackson.databind.exc.InvalidDefinitionException.from(InvalidDefinitionException.java:67)
	at com.fasterxml.jackson.databind.DeserializationContext.reportBadDefinition(DeserializationContext.java:1904)
	at com.fasterxml.jackson.databind.DatabindContext.reportBadDefinition(DatabindContext.java:400)
	at com.fasterxml.jackson.databind.DeserializationContext.handleMissingInstantiator(DeserializationContext.java:1344)
	at com.fasterxml.jackson.databind.deser.BeanDeserializerBase.deserializeFromObjectUsingNonDefault(BeanDeserializerBase.java:1412)
	at com.fasterxml.jackson.databind.deser.BeanDeserializer.deserializeFromObject(BeanDeserializer.java:352)
	at com.fasterxml.jackson.databind.deser.BeanDeserializer.deserialize(BeanDeserializer.java:185)
	at com.fasterxml.jackson.databind.deser.impl.MethodProperty.deserializeAndSet(MethodProperty.java:129)
	at com.fasterxml.jackson.databind.deser.BeanDeserializer.deserialize(BeanDeserializer.java:278)
	at com.fasterxml.jackson.databind.deser.impl.InnerClassProperty.deserializeAndSet(InnerClassProperty.java:90)
	at com.fasterxml.jackson.databind.deser.BeanDeserializer.deserializeFromObject(BeanDeserializer.java:392)
	at com.fasterxml.jackson.databind.deser.BeanDeserializer.deserialize(BeanDeserializer.java:185)
	at com.fasterxml.jackson.databind.deser.DefaultDeserializationContext.readRootValue(DefaultDeserializationContext.java:323)
	at com.fasterxml.jackson.databind.ObjectMapper._readMapAndClose(ObjectMapper.java:4674)
	at com.fasterxml.jackson.databind.ObjectMapper.readValue(ObjectMapper.java:3682)
	at org.springframework.http.converter.json.AbstractJackson2HttpMessageConverter.readJavaType(AbstractJackson2HttpMessageConverter.java:380)
	at org.springframework.http.converter.json.AbstractJackson2HttpMessageConverter.read(AbstractJackson2HttpMessageConverter.java:343)
	at org.springframework.web.client.HttpMessageConverterExtractor.extractData(HttpMessageConverterExtractor.java:105)
	at org.springframework.web.client.RestTemplate.doExecute(RestTemplate.java:784)
	at org.springframework.web.client.RestTemplate.execute(RestTemplate.java:717)
	at org.springframework.web.client.RestTemplate.getForObject(RestTemplate.java:340)
	at com.journalApp.service.WeatherService.getWeather(WeatherService.java:24)
	at com.journalApp.controller.UserController.greeting(UserController.java:70)
	at java.base/jdk.internal.reflect.DirectMethodHandleAccessor.invoke(DirectMethodHandleAccessor.java:103)
	at java.base/java.lang.reflect.Method.invoke(Method.java:580)
	at org.springframework.web.method.support.InvocableHandlerMethod.doInvoke(InvocableHandlerMethod.java:205)
	at org.springframework.web.method.support.InvocableHandlerMethod.invokeForRequest(InvocableHandlerMethod.java:150)
	at org.springframework.web.servlet.mvc.method.annotation.ServletInvocableHandlerMethod.invokeAndHandle(ServletInvocableHandlerMethod.java:117)
	at org.springframework.web.servlet.mvc.method.annotation.RequestMappingHandlerAdapter.invokeHandlerMethod(RequestMappingHandlerAdapter.java:895)
	at org.springframework.web.servlet.mvc.method.annotation.RequestMappingHandlerAdapter.handleInternal(RequestMappingHandlerAdapter.java:808)
	at org.springframework.web.servlet.mvc.method.AbstractHandlerMethodAdapter.handle(AbstractHandlerMethodAdapter.java:87)
	at org.springframework.web.servlet.DispatcherServlet.doDispatch(DispatcherServlet.java:1072)
	at org.springframework.web.servlet.DispatcherServlet.doService(DispatcherServlet.java:965)
	at org.springframework.web.servlet.FrameworkServlet.processRequest(FrameworkServlet.java:1006)
	at org.springframework.web.servlet.FrameworkServlet.doGet(FrameworkServlet.java:898)
	at javax.servlet.http.HttpServlet.service(HttpServlet.java:529)
	at org.springframework.web.servlet.FrameworkServlet.service(FrameworkServlet.java:883)
	at javax.servlet.http.HttpServlet.service(HttpServlet.java:623)
	at org.apache.catalina.core.ApplicationFilterChain.internalDoFilter(ApplicationFilterChain.java:209)
	at org.apache.catalina.core.ApplicationFilterChain.doFilter(ApplicationFilterChain.java:153)
	at org.apache.tomcat.websocket.server.WsFilter.doFilter(WsFilter.java:51)
	at org.apache.catalina.core.ApplicationFilterChain.internalDoFilter(ApplicationFilterChain.java:178)
	at org.apache.catalina.core.ApplicationFilterChain.doFilter(ApplicationFilterChain.java:153)
	at org.springframework.security.web.FilterChainProxy$VirtualFilterChain.doFilter(FilterChainProxy.java:337)
	at org.springframework.security.web.access.intercept.FilterSecurityInterceptor.invoke(FilterSecurityInterceptor.java:115)
	at org.springframework.security.web.access.intercept.FilterSecurityInterceptor.doFilter(FilterSecurityInterceptor.java:81)
	at org.springframework.security.web.FilterChainProxy$VirtualFilterChain.doFilter(FilterChainProxy.java:346)
	at org.springframework.security.web.access.ExceptionTranslationFilter.doFilter(ExceptionTranslationFilter.java:122)
	at org.springframework.security.web.access.ExceptionTranslationFilter.doFilter(ExceptionTranslationFilter.java:116)
	at org.springframework.security.web.FilterChainProxy$VirtualFilterChain.doFilter(FilterChainProxy.java:346)
	at org.springframework.security.web.session.SessionManagementFilter.doFilter(SessionManagementFilter.java:126)
	at org.springframework.security.web.session.SessionManagementFilter.doFilter(SessionManagementFilter.java:81)
	at org.springframework.security.web.FilterChainProxy$VirtualFilterChain.doFilter(FilterChainProxy.java:346)
	at org.springframework.security.web.authentication.AnonymousAuthenticationFilter.doFilter(AnonymousAuthenticationFilter.java:109)
	at org.springframework.security.web.FilterChainProxy$VirtualFilterChain.doFilter(FilterChainProxy.java:346)
	at org.springframework.security.web.servletapi.SecurityContextHolderAwareRequestFilter.doFilter(SecurityContextHolderAwareRequestFilter.java:149)
	at org.springframework.security.web.FilterChainProxy$VirtualFilterChain.doFilter(FilterChainProxy.java:346)
	at org.springframework.security.web.savedrequest.RequestCacheAwareFilter.doFilter(RequestCacheAwareFilter.java:63)
	at org.springframework.security.web.FilterChainProxy$VirtualFilterChain.doFilter(FilterChainProxy.java:346)
	at org.springframework.security.web.authentication.www.BasicAuthenticationFilter.doFilterInternal(BasicAuthenticationFilter.java:196)
	at org.springframework.web.filter.OncePerRequestFilter.doFilter(OncePerRequestFilter.java:117)
	at org.springframework.security.web.FilterChainProxy$VirtualFilterChain.doFilter(FilterChainProxy.java:346)
	at org.springframework.security.web.authentication.logout.LogoutFilter.doFilter(LogoutFilter.java:103)
	at org.springframework.security.web.authentication.logout.LogoutFilter.doFilter(LogoutFilter.java:89)
	at org.springframework.security.web.FilterChainProxy$VirtualFilterChain.doFilter(FilterChainProxy.java:346)
	at org.springframework.security.web.header.HeaderWriterFilter.doHeadersAfter(HeaderWriterFilter.java:90)
	at org.springframework.security.web.header.HeaderWriterFilter.doFilterInternal(HeaderWriterFilter.java:75)
	at org.springframework.web.filter.OncePerRequestFilter.doFilter(OncePerRequestFilter.java:117)
	at org.springframework.security.web.FilterChainProxy$VirtualFilterChain.doFilter(FilterChainProxy.java:346)
	at org.springframework.security.web.context.SecurityContextPersistenceFilter.doFilter(SecurityContextPersistenceFilter.java:112)
	at org.springframework.security.web.context.SecurityContextPersistenceFilter.doFilter(SecurityContextPersistenceFilter.java:82)
	at org.springframework.security.web.FilterChainProxy$VirtualFilterChain.doFilter(FilterChainProxy.java:346)
	at org.springframework.security.web.context.request.async.WebAsyncManagerIntegrationFilter.doFilterInternal(WebAsyncManagerIntegrationFilter.java:55)
	at org.springframework.web.filter.OncePerRequestFilter.doFilter(OncePerRequestFilter.java:117)
	at org.springframework.security.web.FilterChainProxy$VirtualFilterChain.doFilter(FilterChainProxy.java:346)
	at org.springframework.security.web.session.DisableEncodeUrlFilter.doFilterInternal(DisableEncodeUrlFilter.java:42)
	at org.springframework.web.filter.OncePerRequestFilter.doFilter(OncePerRequestFilter.java:117)
	at org.springframework.security.web.FilterChainProxy$VirtualFilterChain.doFilter(FilterChainProxy.java:346)
	at org.springframework.security.web.FilterChainProxy.doFilterInternal(FilterChainProxy.java:221)
	at org.springframework.security.web.FilterChainProxy.doFilter(FilterChainProxy.java:186)
	at org.springframework.web.filter.DelegatingFilterProxy.invokeDelegate(DelegatingFilterProxy.java:354)
	at org.springframework.web.filter.DelegatingFilterProxy.doFilter(DelegatingFilterProxy.java:267)
	at org.apache.catalina.core.ApplicationFilterChain.internalDoFilter(ApplicationFilterChain.java:178)
	at org.apache.catalina.core.ApplicationFilterChain.doFilter(ApplicationFilterChain.java:153)
	at org.springframework.web.filter.RequestContextFilter.doFilterInternal(RequestContextFilter.java:100)
	at org.springframework.web.filter.OncePerRequestFilter.doFilter(OncePerRequestFilter.java:117)
	at org.apache.catalina.core.ApplicationFilterChain.internalDoFilter(ApplicationFilterChain.java:178)
	at org.apache.catalina.core.ApplicationFilterChain.doFilter(ApplicationFilterChain.java:153)
	at org.springframework.web.filter.FormContentFilter.doFilterInternal(FormContentFilter.java:93)
	at org.springframework.web.filter.OncePerRequestFilter.doFilter(OncePerRequestFilter.java:117)
	at org.apache.catalina.core.ApplicationFilterChain.internalDoFilter(ApplicationFilterChain.java:178)
	at org.apache.catalina.core.ApplicationFilterChain.doFilter(ApplicationFilterChain.java:153)
	at org.springframework.web.filter.CharacterEncodingFilter.doFilterInternal(CharacterEncodingFilter.java:201)
	at org.springframework.web.filter.OncePerRequestFilter.doFilter(OncePerRequestFilter.java:117)
	at org.apache.catalina.core.ApplicationFilterChain.internalDoFilter(ApplicationFilterChain.java:178)
	at org.apache.catalina.core.ApplicationFilterChain.doFilter(ApplicationFilterChain.java:153)
	at org.apache.catalina.core.StandardWrapperValve.invoke(StandardWrapperValve.java:168)
	at org.apache.catalina.core.StandardContextValve.invoke(StandardContextValve.java:90)
	at org.apache.catalina.authenticator.AuthenticatorBase.invoke(AuthenticatorBase.java:481)
	at org.apache.catalina.core.StandardHostValve.invoke(StandardHostValve.java:130)
	at org.apache.catalina.valves.ErrorReportValve.invoke(ErrorReportValve.java:93)
	at org.apache.catalina.core.StandardEngineValve.invoke(StandardEngineValve.java:74)
	at org.apache.catalina.connector.CoyoteAdapter.service(CoyoteAdapter.java:342)
	at org.apache.coyote.http11.Http11Processor.service(Http11Processor.java:390)
	at org.apache.coyote.AbstractProcessorLight.process(AbstractProcessorLight.java:63)
	at org.apache.coyote.AbstractProtocol$ConnectionHandler.process(AbstractProtocol.java:928)
	at org.apache.tomcat.util.net.NioEndpoint$SocketProcessor.doRun(NioEndpoint.java:1794)
	at org.apache.tomcat.util.net.SocketProcessorBase.run(SocketProcessorBase.java:52)
	at org.apache.tomcat.util.threads.ThreadPoolExecutor.runWorker(ThreadPoolExecutor.java:1191)
	at org.apache.tomcat.util.threads.ThreadPoolExecutor$Worker.run(ThreadPoolExecutor.java:659)
	at org.apache.tomcat.util.threads.TaskThread$WrappingRunnable.run(TaskThread.java:61)
	at java.base/java.lang.Thread.run(Thread.java:1583)
2026-08-17 20:24:39 INFO  com.journalApp.JournalAppApplication - Starting JournalAppApplication using Java 21.0.4 on SHAHID with PID 20960 (C:\Users\MD SHAHID ANSARI\IdeaProjects\journalApp\journalApp\target\classes started by MD SHAHID ANSARI in C:\Users\MD SHAHID ANSARI\IdeaProjects\journalApp)
2026-08-17 20:24:39 INFO  com.journalApp.JournalAppApplication - The following 1 profile is active: "dev"
2026-08-17 20:24:41 INFO  o.s.d.r.c.RepositoryConfigurationDelegate - Bootstrapping Spring Data MongoDB repositories in DEFAULT mode.
2026-08-17 20:24:41 INFO  o.s.d.r.c.RepositoryConfigurationDelegate - Finished Spring Data repository scanning in 162 ms. Found 2 MongoDB repository interfaces.
2026-08-17 20:24:42 INFO  o.s.b.w.e.tomcat.TomcatWebServer - Tomcat initialized with port(s): 8080 (http)
2026-08-17 20:24:42 INFO  o.a.coyote.http11.Http11NioProtocol - Initializing ProtocolHandler ["http-nio-8080"]
2026-08-17 20:24:42 INFO  o.a.catalina.core.StandardService - Starting service [Tomcat]
2026-08-17 20:24:42 INFO  o.a.catalina.core.StandardEngine - Starting Servlet engine: [Apache Tomcat/9.0.83]
2026-08-17 20:24:42 INFO  o.a.c.c.C.[.[localhost].[/journal] - Initializing Spring embedded WebApplicationContext
2026-08-17 20:24:42 INFO  o.s.b.w.s.c.ServletWebServerApplicationContext - Root WebApplicationContext: initialization completed in 3067 ms
2026-08-17 20:24:44 INFO  org.mongodb.driver.client - MongoClient with metadata {"driver": {"name": "mongo-java-driver|sync|spring-boot", "version": "4.6.1"}, "os": {"type": "Windows", "name": "Windows 11", "architecture": "amd64", "version": "10.0"}, "platform": "Java/Oracle Corporation/21.0.4+8-LTS-274", "application": {"name": "Cluster0"}} created with settings MongoClientSettings{readPreference=primary, writeConcern=WriteConcern{w=null, wTimeout=null ms, journal=null}, retryWrites=true, retryReads=true, readConcern=ReadConcern{level=null}, credential=MongoCredential{mechanism=null, userName='mdshahidans2005_db_user', source='admin', password=<hidden>, mechanismProperties=<hidden>}, streamFactoryFactory=null, commandListeners=[], codecRegistry=ProvidersCodecRegistry{codecProviders=[ValueCodecProvider{}, BsonValueCodecProvider{}, DBRefCodecProvider{}, DBObjectCodecProvider{}, DocumentCodecProvider{}, IterableCodecProvider{}, MapCodecProvider{}, GeoJsonCodecProvider{}, GridFSFileCodecProvider{}, Jsr310CodecProvider{}, JsonObjectCodecProvider{}, BsonCodecProvider{}, EnumCodecProvider{}, com.mongodb.Jep395RecordCodecProvider@6ec63f8]}, clusterSettings={hosts=[127.0.0.1:27017], srvHost=cluster0.yvjbs2l.mongodb.net, srvServiceName=mongodb, mode=MULTIPLE, requiredClusterType=REPLICA_SET, requiredReplicaSetName='atlas-lpe6sk-shard-0', serverSelector='null', clusterListeners='[]', serverSelectionTimeout='30000 ms', localThreshold='30000 ms'}, socketSettings=SocketSettings{connectTimeoutMS=10000, readTimeoutMS=0, receiveBufferSize=0, sendBufferSize=0}, heartbeatSocketSettings=SocketSettings{connectTimeoutMS=10000, readTimeoutMS=10000, receiveBufferSize=0, sendBufferSize=0}, connectionPoolSettings=ConnectionPoolSettings{maxSize=100, minSize=0, maxWaitTimeMS=120000, maxConnectionLifeTimeMS=0, maxConnectionIdleTimeMS=0, maintenanceInitialDelayMS=0, maintenanceFrequencyMS=60000, connectionPoolListeners=[], maxConnecting=2}, serverSettings=ServerSettings{heartbeatFrequencyMS=10000, minHeartbeatFrequencyMS=500, serverListeners='[]', serverMonitorListeners='[]'}, sslSettings=SslSettings{enabled=true, invalidHostNameAllowed=false, context=null}, applicationName='Cluster0', compressorList=[], uuidRepresentation=JAVA_LEGACY, serverApi=null, autoEncryptionSettings=null, contextProvider=null}
2026-08-17 20:24:44 INFO  org.mongodb.driver.cluster - Adding discovered server ac-bd180s9-shard-00-00.yvjbs2l.mongodb.net:27017 to client view of cluster
2026-08-17 20:24:44 INFO  org.mongodb.driver.cluster - Adding discovered server ac-bd180s9-shard-00-01.yvjbs2l.mongodb.net:27017 to client view of cluster
2026-08-17 20:24:44 INFO  org.mongodb.driver.cluster - Adding discovered server ac-bd180s9-shard-00-02.yvjbs2l.mongodb.net:27017 to client view of cluster
2026-08-17 20:24:44 INFO  org.mongodb.driver.cluster - No server chosen by com.mongodb.client.internal.MongoClientDelegate$1@6637a365 from cluster description ClusterDescription{type=REPLICA_SET, connectionMode=MULTIPLE, serverDescriptions=[ServerDescription{address=ac-bd180s9-shard-00-00.yvjbs2l.mongodb.net:27017, type=UNKNOWN, state=CONNECTING}, ServerDescription{address=ac-bd180s9-shard-00-02.yvjbs2l.mongodb.net:27017, type=UNKNOWN, state=CONNECTING}, ServerDescription{address=ac-bd180s9-shard-00-01.yvjbs2l.mongodb.net:27017, type=UNKNOWN, state=CONNECTING}]}. Waiting for 30000 ms before timing out
2026-08-17 20:24:45 INFO  org.mongodb.driver.connection - Opened connection [connectionId{localValue:1, serverValue:166453}] to ac-bd180s9-shard-00-02.yvjbs2l.mongodb.net:27017
2026-08-17 20:24:45 INFO  org.mongodb.driver.connection - Opened connection [connectionId{localValue:6, serverValue:161288}] to ac-bd180s9-shard-00-01.yvjbs2l.mongodb.net:27017
2026-08-17 20:24:45 INFO  org.mongodb.driver.connection - Opened connection [connectionId{localValue:4, serverValue:166453}] to ac-bd180s9-shard-00-02.yvjbs2l.mongodb.net:27017
2026-08-17 20:24:45 INFO  org.mongodb.driver.connection - Opened connection [connectionId{localValue:2, serverValue:163829}] to ac-bd180s9-shard-00-00.yvjbs2l.mongodb.net:27017
2026-08-17 20:24:45 INFO  org.mongodb.driver.connection - Opened connection [connectionId{localValue:5, serverValue:161288}] to ac-bd180s9-shard-00-01.yvjbs2l.mongodb.net:27017
2026-08-17 20:24:45 INFO  org.mongodb.driver.connection - Opened connection [connectionId{localValue:3, serverValue:163817}] to ac-bd180s9-shard-00-00.yvjbs2l.mongodb.net:27017
2026-08-17 20:24:45 INFO  org.mongodb.driver.cluster - Monitor thread successfully connected to server with description ServerDescription{address=ac-bd180s9-shard-00-01.yvjbs2l.mongodb.net:27017, type=REPLICA_SET_SECONDARY, state=CONNECTED, ok=true, minWireVersion=0, maxWireVersion=25, maxDocumentSize=16777216, logicalSessionTimeoutMinutes=30, roundTripTimeNanos=439793000, setName='atlas-lpe6sk-shard-0', canonicalAddress=ac-bd180s9-shard-00-01.yvjbs2l.mongodb.net:27017, hosts=[ac-bd180s9-shard-00-01.yvjbs2l.mongodb.net:27017, ac-bd180s9-shard-00-02.yvjbs2l.mongodb.net:27017, ac-bd180s9-shard-00-00.yvjbs2l.mongodb.net:27017], passives=[], arbiters=[], primary='ac-bd180s9-shard-00-02.yvjbs2l.mongodb.net:27017', tagSet=TagSet{[Tag{name='availabilityZone', value='aps1-az3'}, Tag{name='cacheState', value='READY'}, Tag{name='diskState', value='READY'}, Tag{name='nodeType', value='ELECTABLE'}, Tag{name='provider', value='AWS'}, Tag{name='region', value='AP_SOUTH_1'}, Tag{name='workloadType', value='OPERATIONAL'}]}, electionId=null, setVersion=297, topologyVersion=TopologyVersion{processId=6a7b3fc5ee64108dce410aaf, counter=5}, lastWriteDate=Mon Aug 17 20:24:46 IST 2026, lastUpdateTimeNanos=74275194418500}
2026-08-17 20:24:45 INFO  org.mongodb.driver.cluster - Monitor thread successfully connected to server with description ServerDescription{address=ac-bd180s9-shard-00-02.yvjbs2l.mongodb.net:27017, type=REPLICA_SET_PRIMARY, state=CONNECTED, ok=true, minWireVersion=0, maxWireVersion=25, maxDocumentSize=16777216, logicalSessionTimeoutMinutes=30, roundTripTimeNanos=439832900, setName='atlas-lpe6sk-shard-0', canonicalAddress=ac-bd180s9-shard-00-02.yvjbs2l.mongodb.net:27017, hosts=[ac-bd180s9-shard-00-01.yvjbs2l.mongodb.net:27017, ac-bd180s9-shard-00-02.yvjbs2l.mongodb.net:27017, ac-bd180s9-shard-00-00.yvjbs2l.mongodb.net:27017], passives=[], arbiters=[], primary='ac-bd180s9-shard-00-02.yvjbs2l.mongodb.net:27017', tagSet=TagSet{[Tag{name='availabilityZone', value='aps1-az2'}, Tag{name='cacheState', value='READY'}, Tag{name='diskState', value='READY'}, Tag{name='nodeType', value='ELECTABLE'}, Tag{name='provider', value='AWS'}, Tag{name='region', value='AP_SOUTH_1'}, Tag{name='workloadType', value='OPERATIONAL'}]}, electionId=7fffffff000000000000012d, setVersion=297, topologyVersion=TopologyVersion{processId=6a7b3d358e68804eae9a242f, counter=10}, lastWriteDate=Mon Aug 17 20:24:46 IST 2026, lastUpdateTimeNanos=74275194417500}
2026-08-17 20:24:45 INFO  org.mongodb.driver.cluster - Monitor thread successfully connected to server with description ServerDescription{address=ac-bd180s9-shard-00-00.yvjbs2l.mongodb.net:27017, type=REPLICA_SET_SECONDARY, state=CONNECTED, ok=true, minWireVersion=0, maxWireVersion=25, maxDocumentSize=16777216, logicalSessionTimeoutMinutes=30, roundTripTimeNanos=439832200, setName='atlas-lpe6sk-shard-0', canonicalAddress=ac-bd180s9-shard-00-00.yvjbs2l.mongodb.net:27017, hosts=[ac-bd180s9-shard-00-01.yvjbs2l.mongodb.net:27017, ac-bd180s9-shard-00-02.yvjbs2l.mongodb.net:27017, ac-bd180s9-shard-00-00.yvjbs2l.mongodb.net:27017], passives=[], arbiters=[], primary='ac-bd180s9-shard-00-02.yvjbs2l.mongodb.net:27017', tagSet=TagSet{[Tag{name='availabilityZone', value='aps1-az1'}, Tag{name='cacheState', value='READY'}, Tag{name='diskState', value='READY'}, Tag{name='nodeType', value='ELECTABLE'}, Tag{name='provider', value='AWS'}, Tag{name='region', value='AP_SOUTH_1'}, Tag{name='workloadType', value='OPERATIONAL'}]}, electionId=null, setVersion=297, topologyVersion=TopologyVersion{processId=6a7b3ab66a60f4deb1771140, counter=10}, lastWriteDate=Mon Aug 17 20:24:46 IST 2026, lastUpdateTimeNanos=74275194417900}
2026-08-17 20:24:45 INFO  org.mongodb.driver.cluster - Setting max election id to 7fffffff000000000000012d from replica set primary ac-bd180s9-shard-00-02.yvjbs2l.mongodb.net:27017
2026-08-17 20:24:45 INFO  org.mongodb.driver.cluster - Setting max set version to 297 from replica set primary ac-bd180s9-shard-00-02.yvjbs2l.mongodb.net:27017
2026-08-17 20:24:45 INFO  org.mongodb.driver.cluster - Discovered replica set primary ac-bd180s9-shard-00-02.yvjbs2l.mongodb.net:27017
2026-08-17 20:24:45 INFO  org.mongodb.driver.connection - Opened connection [connectionId{localValue:7, serverValue:166423}] to ac-bd180s9-shard-00-02.yvjbs2l.mongodb.net:27017
2026-08-17 20:24:46 INFO  o.s.s.web.DefaultSecurityFilterChain - Will secure any request with [org.springframework.security.web.session.DisableEncodeUrlFilter@5d66ae3a, org.springframework.security.web.context.request.async.WebAsyncManagerIntegrationFilter@50f4b83d, org.springframework.security.web.context.SecurityContextPersistenceFilter@7159d601, org.springframework.security.web.header.HeaderWriterFilter@4e48462d, org.springframework.security.web.authentication.logout.LogoutFilter@25c1f5ee, org.springframework.security.web.authentication.www.BasicAuthenticationFilter@38c761e9, org.springframework.security.web.savedrequest.RequestCacheAwareFilter@33d230ce, org.springframework.security.web.servletapi.SecurityContextHolderAwareRequestFilter@4e17442f, org.springframework.security.web.authentication.AnonymousAuthenticationFilter@10131289, org.springframework.security.web.session.SessionManagementFilter@26a4f9ed, org.springframework.security.web.access.ExceptionTranslationFilter@642c6461, org.springframework.security.web.access.intercept.FilterSecurityInterceptor@100bba26]
2026-08-17 20:24:46 INFO  o.a.coyote.http11.Http11NioProtocol - Starting ProtocolHandler ["http-nio-8080"]
2026-08-17 20:24:46 INFO  o.s.b.w.e.tomcat.TomcatWebServer - Tomcat started on port(s): 8080 (http) with context path '/journal'
2026-08-17 20:24:46 INFO  com.journalApp.JournalAppApplication - Started JournalAppApplication in 8.169 seconds (JVM running for 9.44)
2026-08-17 20:25:00 INFO  o.a.c.c.C.[.[localhost].[/journal] - Initializing Spring DispatcherServlet 'dispatcherServlet'
2026-08-17 20:25:01 INFO  o.s.web.servlet.DispatcherServlet - Initializing Servlet 'dispatcherServlet'
2026-08-17 20:25:01 INFO  o.s.web.servlet.DispatcherServlet - Completed initialization in 30 ms
2026-08-17 20:31:00 INFO  com.journalApp.JournalAppApplication - Starting JournalAppApplication using Java 21.0.4 on SHAHID with PID 25848 (C:\Users\MD SHAHID ANSARI\IdeaProjects\journalApp\journalApp\target\classes started by MD SHAHID ANSARI in C:\Users\MD SHAHID ANSARI\IdeaProjects\journalApp)
2026-08-17 20:31:00 INFO  com.journalApp.JournalAppApplication - The following 1 profile is active: "dev"
2026-08-17 20:31:02 INFO  o.s.d.r.c.RepositoryConfigurationDelegate - Bootstrapping Spring Data MongoDB repositories in DEFAULT mode.
2026-08-17 20:31:02 INFO  o.s.d.r.c.RepositoryConfigurationDelegate - Finished Spring Data repository scanning in 136 ms. Found 2 MongoDB repository interfaces.
2026-08-17 20:31:03 INFO  o.s.b.w.e.tomcat.TomcatWebServer - Tomcat initialized with port(s): 8080 (http)
2026-08-17 20:31:03 INFO  o.a.coyote.http11.Http11NioProtocol - Initializing ProtocolHandler ["http-nio-8080"]
2026-08-17 20:31:03 INFO  o.a.catalina.core.StandardService - Starting service [Tomcat]
2026-08-17 20:31:03 INFO  o.a.catalina.core.StandardEngine - Starting Servlet engine: [Apache Tomcat/9.0.83]
2026-08-17 20:31:03 INFO  o.a.c.c.C.[.[localhost].[/journal] - Initializing Spring embedded WebApplicationContext
2026-08-17 20:31:03 INFO  o.s.b.w.s.c.ServletWebServerApplicationContext - Root WebApplicationContext: initialization completed in 2944 ms
2026-08-17 20:31:04 INFO  org.mongodb.driver.client - MongoClient with metadata {"driver": {"name": "mongo-java-driver|sync|spring-boot", "version": "4.6.1"}, "os": {"type": "Windows", "name": "Windows 11", "architecture": "amd64", "version": "10.0"}, "platform": "Java/Oracle Corporation/21.0.4+8-LTS-274", "application": {"name": "Cluster0"}} created with settings MongoClientSettings{readPreference=primary, writeConcern=WriteConcern{w=null, wTimeout=null ms, journal=null}, retryWrites=true, retryReads=true, readConcern=ReadConcern{level=null}, credential=MongoCredential{mechanism=null, userName='mdshahidans2005_db_user', source='admin', password=<hidden>, mechanismProperties=<hidden>}, streamFactoryFactory=null, commandListeners=[], codecRegistry=ProvidersCodecRegistry{codecProviders=[ValueCodecProvider{}, BsonValueCodecProvider{}, DBRefCodecProvider{}, DBObjectCodecProvider{}, DocumentCodecProvider{}, IterableCodecProvider{}, MapCodecProvider{}, GeoJsonCodecProvider{}, GridFSFileCodecProvider{}, Jsr310CodecProvider{}, JsonObjectCodecProvider{}, BsonCodecProvider{}, EnumCodecProvider{}, com.mongodb.Jep395RecordCodecProvider@7a6ea47d]}, clusterSettings={hosts=[127.0.0.1:27017], srvHost=cluster0.yvjbs2l.mongodb.net, srvServiceName=mongodb, mode=MULTIPLE, requiredClusterType=REPLICA_SET, requiredReplicaSetName='atlas-lpe6sk-shard-0', serverSelector='null', clusterListeners='[]', serverSelectionTimeout='30000 ms', localThreshold='30000 ms'}, socketSettings=SocketSettings{connectTimeoutMS=10000, readTimeoutMS=0, receiveBufferSize=0, sendBufferSize=0}, heartbeatSocketSettings=SocketSettings{connectTimeoutMS=10000, readTimeoutMS=10000, receiveBufferSize=0, sendBufferSize=0}, connectionPoolSettings=ConnectionPoolSettings{maxSize=100, minSize=0, maxWaitTimeMS=120000, maxConnectionLifeTimeMS=0, maxConnectionIdleTimeMS=0, maintenanceInitialDelayMS=0, maintenanceFrequencyMS=60000, connectionPoolListeners=[], maxConnecting=2}, serverSettings=ServerSettings{heartbeatFrequencyMS=10000, minHeartbeatFrequencyMS=500, serverListeners='[]', serverMonitorListeners='[]'}, sslSettings=SslSettings{enabled=true, invalidHostNameAllowed=false, context=null}, applicationName='Cluster0', compressorList=[], uuidRepresentation=JAVA_LEGACY, serverApi=null, autoEncryptionSettings=null, contextProvider=null}
2026-08-17 20:31:04 INFO  org.mongodb.driver.cluster - Adding discovered server ac-bd180s9-shard-00-00.yvjbs2l.mongodb.net:27017 to client view of cluster
2026-08-17 20:31:04 INFO  org.mongodb.driver.cluster - Adding discovered server ac-bd180s9-shard-00-01.yvjbs2l.mongodb.net:27017 to client view of cluster
2026-08-17 20:31:04 INFO  org.mongodb.driver.cluster - Adding discovered server ac-bd180s9-shard-00-02.yvjbs2l.mongodb.net:27017 to client view of cluster
2026-08-17 20:31:05 INFO  org.mongodb.driver.cluster - No server chosen by com.mongodb.client.internal.MongoClientDelegate$1@5e50df2e from cluster description ClusterDescription{type=REPLICA_SET, connectionMode=MULTIPLE, serverDescriptions=[ServerDescription{address=ac-bd180s9-shard-00-00.yvjbs2l.mongodb.net:27017, type=UNKNOWN, state=CONNECTING}, ServerDescription{address=ac-bd180s9-shard-00-02.yvjbs2l.mongodb.net:27017, type=UNKNOWN, state=CONNECTING}, ServerDescription{address=ac-bd180s9-shard-00-01.yvjbs2l.mongodb.net:27017, type=UNKNOWN, state=CONNECTING}]}. Waiting for 30000 ms before timing out
2026-08-17 20:31:06 INFO  org.mongodb.driver.connection - Opened connection [connectionId{localValue:2, serverValue:166581}] to ac-bd180s9-shard-00-02.yvjbs2l.mongodb.net:27017
2026-08-17 20:31:06 INFO  org.mongodb.driver.connection - Opened connection [connectionId{localValue:5, serverValue:163915}] to ac-bd180s9-shard-00-00.yvjbs2l.mongodb.net:27017
2026-08-17 20:31:06 INFO  org.mongodb.driver.connection - Opened connection [connectionId{localValue:4, serverValue:163915}] to ac-bd180s9-shard-00-00.yvjbs2l.mongodb.net:27017
2026-08-17 20:31:06 INFO  org.mongodb.driver.connection - Opened connection [connectionId{localValue:6, serverValue:161384}] to ac-bd180s9-shard-00-01.yvjbs2l.mongodb.net:27017
2026-08-17 20:31:06 INFO  org.mongodb.driver.connection - Opened connection [connectionId{localValue:3, serverValue:161365}] to ac-bd180s9-shard-00-01.yvjbs2l.mongodb.net:27017
2026-08-17 20:31:06 INFO  org.mongodb.driver.connection - Opened connection [connectionId{localValue:1, serverValue:166581}] to ac-bd180s9-shard-00-02.yvjbs2l.mongodb.net:27017
2026-08-17 20:31:06 INFO  org.mongodb.driver.cluster - Monitor thread successfully connected to server with description ServerDescription{address=ac-bd180s9-shard-00-02.yvjbs2l.mongodb.net:27017, type=REPLICA_SET_PRIMARY, state=CONNECTED, ok=true, minWireVersion=0, maxWireVersion=25, maxDocumentSize=16777216, logicalSessionTimeoutMinutes=30, roundTripTimeNanos=1151238400, setName='atlas-lpe6sk-shard-0', canonicalAddress=ac-bd180s9-shard-00-02.yvjbs2l.mongodb.net:27017, hosts=[ac-bd180s9-shard-00-01.yvjbs2l.mongodb.net:27017, ac-bd180s9-shard-00-02.yvjbs2l.mongodb.net:27017, ac-bd180s9-shard-00-00.yvjbs2l.mongodb.net:27017], passives=[], arbiters=[], primary='ac-bd180s9-shard-00-02.yvjbs2l.mongodb.net:27017', tagSet=TagSet{[Tag{name='availabilityZone', value='aps1-az2'}, Tag{name='cacheState', value='READY'}, Tag{name='diskState', value='READY'}, Tag{name='nodeType', value='ELECTABLE'}, Tag{name='provider', value='AWS'}, Tag{name='region', value='AP_SOUTH_1'}, Tag{name='workloadType', value='OPERATIONAL'}]}, electionId=7fffffff000000000000012d, setVersion=297, topologyVersion=TopologyVersion{processId=6a7b3d358e68804eae9a242f, counter=10}, lastWriteDate=Mon Aug 17 20:31:06 IST 2026, lastUpdateTimeNanos=74656476536800}
2026-08-17 20:31:06 INFO  org.mongodb.driver.cluster - Monitor thread successfully connected to server with description ServerDescription{address=ac-bd180s9-shard-00-00.yvjbs2l.mongodb.net:27017, type=REPLICA_SET_SECONDARY, state=CONNECTED, ok=true, minWireVersion=0, maxWireVersion=25, maxDocumentSize=16777216, logicalSessionTimeoutMinutes=30, roundTripTimeNanos=1151151100, setName='atlas-lpe6sk-shard-0', canonicalAddress=ac-bd180s9-shard-00-00.yvjbs2l.mongodb.net:27017, hosts=[ac-bd180s9-shard-00-01.yvjbs2l.mongodb.net:27017, ac-bd180s9-shard-00-02.yvjbs2l.mongodb.net:27017, ac-bd180s9-shard-00-00.yvjbs2l.mongodb.net:27017], passives=[], arbiters=[], primary='ac-bd180s9-shard-00-02.yvjbs2l.mongodb.net:27017', tagSet=TagSet{[Tag{name='availabilityZone', value='aps1-az1'}, Tag{name='cacheState', value='READY'}, Tag{name='diskState', value='READY'}, Tag{name='nodeType', value='ELECTABLE'}, Tag{name='provider', value='AWS'}, Tag{name='region', value='AP_SOUTH_1'}, Tag{name='workloadType', value='OPERATIONAL'}]}, electionId=null, setVersion=297, topologyVersion=TopologyVersion{processId=6a7b3ab66a60f4deb1771140, counter=10}, lastWriteDate=Mon Aug 17 20:31:06 IST 2026, lastUpdateTimeNanos=74656476394600}
2026-08-17 20:31:06 INFO  org.mongodb.driver.cluster - Monitor thread successfully connected to server with description ServerDescription{address=ac-bd180s9-shard-00-01.yvjbs2l.mongodb.net:27017, type=REPLICA_SET_SECONDARY, state=CONNECTED, ok=true, minWireVersion=0, maxWireVersion=25, maxDocumentSize=16777216, logicalSessionTimeoutMinutes=30, roundTripTimeNanos=1151149300, setName='atlas-lpe6sk-shard-0', canonicalAddress=ac-bd180s9-shard-00-01.yvjbs2l.mongodb.net:27017, hosts=[ac-bd180s9-shard-00-01.yvjbs2l.mongodb.net:27017, ac-bd180s9-shard-00-02.yvjbs2l.mongodb.net:27017, ac-bd180s9-shard-00-00.yvjbs2l.mongodb.net:27017], passives=[], arbiters=[], primary='ac-bd180s9-shard-00-02.yvjbs2l.mongodb.net:27017', tagSet=TagSet{[Tag{name='availabilityZone', value='aps1-az3'}, Tag{name='cacheState', value='READY'}, Tag{name='diskState', value='READY'}, Tag{name='nodeType', value='ELECTABLE'}, Tag{name='provider', value='AWS'}, Tag{name='region', value='AP_SOUTH_1'}, Tag{name='workloadType', value='OPERATIONAL'}]}, electionId=null, setVersion=297, topologyVersion=TopologyVersion{processId=6a7b3fc5ee64108dce410aaf, counter=5}, lastWriteDate=Mon Aug 17 20:31:06 IST 2026, lastUpdateTimeNanos=74656476394200}
2026-08-17 20:31:06 INFO  org.mongodb.driver.cluster - Setting max election id to 7fffffff000000000000012d from replica set primary ac-bd180s9-shard-00-02.yvjbs2l.mongodb.net:27017
2026-08-17 20:31:06 INFO  org.mongodb.driver.cluster - Setting max set version to 297 from replica set primary ac-bd180s9-shard-00-02.yvjbs2l.mongodb.net:27017
2026-08-17 20:31:06 INFO  org.mongodb.driver.cluster - Discovered replica set primary ac-bd180s9-shard-00-02.yvjbs2l.mongodb.net:27017
2026-08-17 20:31:08 INFO  org.mongodb.driver.connection - Opened connection [connectionId{localValue:7, serverValue:166581}] to ac-bd180s9-shard-00-02.yvjbs2l.mongodb.net:27017
2026-08-17 20:31:08 INFO  o.s.s.web.DefaultSecurityFilterChain - Will secure any request with [org.springframework.security.web.session.DisableEncodeUrlFilter@23648d2d, org.springframework.security.web.context.request.async.WebAsyncManagerIntegrationFilter@69feb4d9, org.springframework.security.web.context.SecurityContextPersistenceFilter@7caf1e5, org.springframework.security.web.header.HeaderWriterFilter@26a4f9ed, org.springframework.security.web.authentication.logout.LogoutFilter@2ad7bd26, org.springframework.security.web.authentication.www.BasicAuthenticationFilter@6682e6a5, org.springframework.security.web.savedrequest.RequestCacheAwareFilter@7ddeb27f, org.springframework.security.web.servletapi.SecurityContextHolderAwareRequestFilter@5d9d2119, org.springframework.security.web.authentication.AnonymousAuthenticationFilter@37c1cfa, org.springframework.security.web.session.SessionManagementFilter@62e73ab6, org.springframework.security.web.access.ExceptionTranslationFilter@1894fa9f, org.springframework.security.web.access.intercept.FilterSecurityInterceptor@6826b70f]
2026-08-17 20:31:09 INFO  o.a.coyote.http11.Http11NioProtocol - Starting ProtocolHandler ["http-nio-8080"]
2026-08-17 20:31:09 INFO  o.s.b.w.e.tomcat.TomcatWebServer - Tomcat started on port(s): 8080 (http) with context path '/journal'
2026-08-17 20:31:09 INFO  com.journalApp.JournalAppApplication - Started JournalAppApplication in 9.965 seconds (JVM running for 11.372)
2026-08-17 20:31:19 INFO  o.a.c.c.C.[.[localhost].[/journal] - Initializing Spring DispatcherServlet 'dispatcherServlet'
2026-08-17 20:31:19 INFO  o.s.web.servlet.DispatcherServlet - Initializing Servlet 'dispatcherServlet'
2026-08-17 20:31:19 INFO  o.s.web.servlet.DispatcherServlet - Completed initialization in 3 ms
2026-08-17 20:31:22 ERROR o.a.c.c.C.[.[.[.[dispatcherServlet] - Servlet.service() for servlet [dispatcherServlet] in context with path [/journal] threw exception [Request processing failed; nested exception is org.springframework.http.converter.HttpMessageConversionException: Type definition error: [simple type, class com.journalApp.api.response.WeatherResponse$Astro]; nested exception is com.fasterxml.jackson.databind.exc.InvalidDefinitionException: Cannot construct instance of `com.journalApp.api.response.WeatherResponse$Astro`: non-static inner classes like this can only by instantiated using default, no-argument constructor
 at [Source: (org.springframework.util.StreamUtils$NonClosingInputStream); line: 1, column: 512] (through reference chain: com.journalApp.api.response.WeatherResponse["current"]->com.journalApp.api.response.WeatherResponse$Current["astro"])] with root cause
com.fasterxml.jackson.databind.exc.InvalidDefinitionException: Cannot construct instance of `com.journalApp.api.response.WeatherResponse$Astro`: non-static inner classes like this can only by instantiated using default, no-argument constructor
 at [Source: (org.springframework.util.StreamUtils$NonClosingInputStream); line: 1, column: 512] (through reference chain: com.journalApp.api.response.WeatherResponse["current"]->com.journalApp.api.response.WeatherResponse$Current["astro"])
	at com.fasterxml.jackson.databind.exc.InvalidDefinitionException.from(InvalidDefinitionException.java:67)
	at com.fasterxml.jackson.databind.DeserializationContext.reportBadDefinition(DeserializationContext.java:1904)
	at com.fasterxml.jackson.databind.DatabindContext.reportBadDefinition(DatabindContext.java:400)
	at com.fasterxml.jackson.databind.DeserializationContext.handleMissingInstantiator(DeserializationContext.java:1344)
	at com.fasterxml.jackson.databind.deser.BeanDeserializerBase.deserializeFromObjectUsingNonDefault(BeanDeserializerBase.java:1412)
	at com.fasterxml.jackson.databind.deser.BeanDeserializer.deserializeFromObject(BeanDeserializer.java:352)
	at com.fasterxml.jackson.databind.deser.BeanDeserializer.deserialize(BeanDeserializer.java:185)
	at com.fasterxml.jackson.databind.deser.impl.MethodProperty.deserializeAndSet(MethodProperty.java:129)
	at com.fasterxml.jackson.databind.deser.BeanDeserializer.deserialize(BeanDeserializer.java:278)
	at com.fasterxml.jackson.databind.deser.impl.InnerClassProperty.deserializeAndSet(InnerClassProperty.java:90)
	at com.fasterxml.jackson.databind.deser.BeanDeserializer.deserializeFromObject(BeanDeserializer.java:392)
	at com.fasterxml.jackson.databind.deser.BeanDeserializer.deserialize(BeanDeserializer.java:185)
	at com.fasterxml.jackson.databind.deser.DefaultDeserializationContext.readRootValue(DefaultDeserializationContext.java:323)
	at com.fasterxml.jackson.databind.ObjectMapper._readMapAndClose(ObjectMapper.java:4674)
	at com.fasterxml.jackson.databind.ObjectMapper.readValue(ObjectMapper.java:3682)
	at org.springframework.http.converter.json.AbstractJackson2HttpMessageConverter.readJavaType(AbstractJackson2HttpMessageConverter.java:380)
	at org.springframework.http.converter.json.AbstractJackson2HttpMessageConverter.read(AbstractJackson2HttpMessageConverter.java:343)
	at org.springframework.web.client.HttpMessageConverterExtractor.extractData(HttpMessageConverterExtractor.java:105)
	at org.springframework.web.client.RestTemplate.doExecute(RestTemplate.java:784)
	at org.springframework.web.client.RestTemplate.execute(RestTemplate.java:717)
	at org.springframework.web.client.RestTemplate.getForObject(RestTemplate.java:340)
	at com.journalApp.service.WeatherService.getWeather(WeatherService.java:24)
	at com.journalApp.controller.UserController.greeting(UserController.java:71)
	at java.base/jdk.internal.reflect.DirectMethodHandleAccessor.invoke(DirectMethodHandleAccessor.java:103)
	at java.base/java.lang.reflect.Method.invoke(Method.java:580)
	at org.springframework.web.method.support.InvocableHandlerMethod.doInvoke(InvocableHandlerMethod.java:205)
	at org.springframework.web.method.support.InvocableHandlerMethod.invokeForRequest(InvocableHandlerMethod.java:150)
	at org.springframework.web.servlet.mvc.method.annotation.ServletInvocableHandlerMethod.invokeAndHandle(ServletInvocableHandlerMethod.java:117)
	at org.springframework.web.servlet.mvc.method.annotation.RequestMappingHandlerAdapter.invokeHandlerMethod(RequestMappingHandlerAdapter.java:895)
	at org.springframework.web.servlet.mvc.method.annotation.RequestMappingHandlerAdapter.handleInternal(RequestMappingHandlerAdapter.java:808)
	at org.springframework.web.servlet.mvc.method.AbstractHandlerMethodAdapter.handle(AbstractHandlerMethodAdapter.java:87)
	at org.springframework.web.servlet.DispatcherServlet.doDispatch(DispatcherServlet.java:1072)
	at org.springframework.web.servlet.DispatcherServlet.doService(DispatcherServlet.java:965)
	at org.springframework.web.servlet.FrameworkServlet.processRequest(FrameworkServlet.java:1006)
	at org.springframework.web.servlet.FrameworkServlet.doGet(FrameworkServlet.java:898)
	at javax.servlet.http.HttpServlet.service(HttpServlet.java:529)
	at org.springframework.web.servlet.FrameworkServlet.service(FrameworkServlet.java:883)
	at javax.servlet.http.HttpServlet.service(HttpServlet.java:623)
	at org.apache.catalina.core.ApplicationFilterChain.internalDoFilter(ApplicationFilterChain.java:209)
	at org.apache.catalina.core.ApplicationFilterChain.doFilter(ApplicationFilterChain.java:153)
	at org.apache.tomcat.websocket.server.WsFilter.doFilter(WsFilter.java:51)
	at org.apache.catalina.core.ApplicationFilterChain.internalDoFilter(ApplicationFilterChain.java:178)
	at org.apache.catalina.core.ApplicationFilterChain.doFilter(ApplicationFilterChain.java:153)
	at org.springframework.security.web.FilterChainProxy$VirtualFilterChain.doFilter(FilterChainProxy.java:337)
	at org.springframework.security.web.access.intercept.FilterSecurityInterceptor.invoke(FilterSecurityInterceptor.java:115)
	at org.springframework.security.web.access.intercept.FilterSecurityInterceptor.doFilter(FilterSecurityInterceptor.java:81)
	at org.springframework.security.web.FilterChainProxy$VirtualFilterChain.doFilter(FilterChainProxy.java:346)
	at org.springframework.security.web.access.ExceptionTranslationFilter.doFilter(ExceptionTranslationFilter.java:122)
	at org.springframework.security.web.access.ExceptionTranslationFilter.doFilter(ExceptionTranslationFilter.java:116)
	at org.springframework.security.web.FilterChainProxy$VirtualFilterChain.doFilter(FilterChainProxy.java:346)
	at org.springframework.security.web.session.SessionManagementFilter.doFilter(SessionManagementFilter.java:126)
	at org.springframework.security.web.session.SessionManagementFilter.doFilter(SessionManagementFilter.java:81)
	at org.springframework.security.web.FilterChainProxy$VirtualFilterChain.doFilter(FilterChainProxy.java:346)
	at org.springframework.security.web.authentication.AnonymousAuthenticationFilter.doFilter(AnonymousAuthenticationFilter.java:109)
	at org.springframework.security.web.FilterChainProxy$VirtualFilterChain.doFilter(FilterChainProxy.java:346)
	at org.springframework.security.web.servletapi.SecurityContextHolderAwareRequestFilter.doFilter(SecurityContextHolderAwareRequestFilter.java:149)
	at org.springframework.security.web.FilterChainProxy$VirtualFilterChain.doFilter(FilterChainProxy.java:346)
	at org.springframework.security.web.savedrequest.RequestCacheAwareFilter.doFilter(RequestCacheAwareFilter.java:63)
	at org.springframework.security.web.FilterChainProxy$VirtualFilterChain.doFilter(FilterChainProxy.java:346)
	at org.springframework.security.web.authentication.www.BasicAuthenticationFilter.doFilterInternal(BasicAuthenticationFilter.java:196)
	at org.springframework.web.filter.OncePerRequestFilter.doFilter(OncePerRequestFilter.java:117)
	at org.springframework.security.web.FilterChainProxy$VirtualFilterChain.doFilter(FilterChainProxy.java:346)
	at org.springframework.security.web.authentication.logout.LogoutFilter.doFilter(LogoutFilter.java:103)
	at org.springframework.security.web.authentication.logout.LogoutFilter.doFilter(LogoutFilter.java:89)
	at org.springframework.security.web.FilterChainProxy$VirtualFilterChain.doFilter(FilterChainProxy.java:346)
	at org.springframework.security.web.header.HeaderWriterFilter.doHeadersAfter(HeaderWriterFilter.java:90)
	at org.springframework.security.web.header.HeaderWriterFilter.doFilterInternal(HeaderWriterFilter.java:75)
	at org.springframework.web.filter.OncePerRequestFilter.doFilter(OncePerRequestFilter.java:117)
	at org.springframework.security.web.FilterChainProxy$VirtualFilterChain.doFilter(FilterChainProxy.java:346)
	at org.springframework.security.web.context.SecurityContextPersistenceFilter.doFilter(SecurityContextPersistenceFilter.java:112)
	at org.springframework.security.web.context.SecurityContextPersistenceFilter.doFilter(SecurityContextPersistenceFilter.java:82)
	at org.springframework.security.web.FilterChainProxy$VirtualFilterChain.doFilter(FilterChainProxy.java:346)
	at org.springframework.security.web.context.request.async.WebAsyncManagerIntegrationFilter.doFilterInternal(WebAsyncManagerIntegrationFilter.java:55)
	at org.springframework.web.filter.OncePerRequestFilter.doFilter(OncePerRequestFilter.java:117)
	at org.springframework.security.web.FilterChainProxy$VirtualFilterChain.doFilter(FilterChainProxy.java:346)
	at org.springframework.security.web.session.DisableEncodeUrlFilter.doFilterInternal(DisableEncodeUrlFilter.java:42)
	at org.springframework.web.filter.OncePerRequestFilter.doFilter(OncePerRequestFilter.java:117)
	at org.springframework.security.web.FilterChainProxy$VirtualFilterChain.doFilter(FilterChainProxy.java:346)
	at org.springframework.security.web.FilterChainProxy.doFilterInternal(FilterChainProxy.java:221)
	at org.springframework.security.web.FilterChainProxy.doFilter(FilterChainProxy.java:186)
	at org.springframework.web.filter.DelegatingFilterProxy.invokeDelegate(DelegatingFilterProxy.java:354)
	at org.springframework.web.filter.DelegatingFilterProxy.doFilter(DelegatingFilterProxy.java:267)
	at org.apache.catalina.core.ApplicationFilterChain.internalDoFilter(ApplicationFilterChain.java:178)
	at org.apache.catalina.core.ApplicationFilterChain.doFilter(ApplicationFilterChain.java:153)
	at org.springframework.web.filter.RequestContextFilter.doFilterInternal(RequestContextFilter.java:100)
	at org.springframework.web.filter.OncePerRequestFilter.doFilter(OncePerRequestFilter.java:117)
	at org.apache.catalina.core.ApplicationFilterChain.internalDoFilter(ApplicationFilterChain.java:178)
	at org.apache.catalina.core.ApplicationFilterChain.doFilter(ApplicationFilterChain.java:153)
	at org.springframework.web.filter.FormContentFilter.doFilterInternal(FormContentFilter.java:93)
	at org.springframework.web.filter.OncePerRequestFilter.doFilter(OncePerRequestFilter.java:117)
	at org.apache.catalina.core.ApplicationFilterChain.internalDoFilter(ApplicationFilterChain.java:178)
	at org.apache.catalina.core.ApplicationFilterChain.doFilter(ApplicationFilterChain.java:153)
	at org.springframework.web.filter.CharacterEncodingFilter.doFilterInternal(CharacterEncodingFilter.java:201)
	at org.springframework.web.filter.OncePerRequestFilter.doFilter(OncePerRequestFilter.java:117)
	at org.apache.catalina.core.ApplicationFilterChain.internalDoFilter(ApplicationFilterChain.java:178)
	at org.apache.catalina.core.ApplicationFilterChain.doFilter(ApplicationFilterChain.java:153)
	at org.apache.catalina.core.StandardWrapperValve.invoke(StandardWrapperValve.java:168)
	at org.apache.catalina.core.StandardContextValve.invoke(StandardContextValve.java:90)
	at org.apache.catalina.authenticator.AuthenticatorBase.invoke(AuthenticatorBase.java:481)
	at org.apache.catalina.core.StandardHostValve.invoke(StandardHostValve.java:130)
	at org.apache.catalina.valves.ErrorReportValve.invoke(ErrorReportValve.java:93)
	at org.apache.catalina.core.StandardEngineValve.invoke(StandardEngineValve.java:74)
	at org.apache.catalina.connector.CoyoteAdapter.service(CoyoteAdapter.java:342)
	at org.apache.coyote.http11.Http11Processor.service(Http11Processor.java:390)
	at org.apache.coyote.AbstractProcessorLight.process(AbstractProcessorLight.java:63)
	at org.apache.coyote.AbstractProtocol$ConnectionHandler.process(AbstractProtocol.java:928)
	at org.apache.tomcat.util.net.NioEndpoint$SocketProcessor.doRun(NioEndpoint.java:1794)
	at org.apache.tomcat.util.net.SocketProcessorBase.run(SocketProcessorBase.java:52)
	at org.apache.tomcat.util.threads.ThreadPoolExecutor.runWorker(ThreadPoolExecutor.java:1191)
	at org.apache.tomcat.util.threads.ThreadPoolExecutor$Worker.run(ThreadPoolExecutor.java:659)
	at org.apache.tomcat.util.threads.TaskThread$WrappingRunnable.run(TaskThread.java:61)
	at java.base/java.lang.Thread.run(Thread.java:1583)
2026-08-17 20:32:27 INFO  com.journalApp.JournalAppApplication - Starting JournalAppApplication using Java 21.0.4 on SHAHID with PID 14572 (C:\Users\MD SHAHID ANSARI\IdeaProjects\journalApp\journalApp\target\classes started by MD SHAHID ANSARI in C:\Users\MD SHAHID ANSARI\IdeaProjects\journalApp)
2026-08-17 20:32:27 INFO  com.journalApp.JournalAppApplication - The following 1 profile is active: "dev"
2026-08-17 20:32:29 INFO  o.s.d.r.c.RepositoryConfigurationDelegate - Bootstrapping Spring Data MongoDB repositories in DEFAULT mode.
2026-08-17 20:32:29 INFO  o.s.d.r.c.RepositoryConfigurationDelegate - Finished Spring Data repository scanning in 136 ms. Found 2 MongoDB repository interfaces.
2026-08-17 20:32:31 INFO  o.s.b.w.e.tomcat.TomcatWebServer - Tomcat initialized with port(s): 8080 (http)
2026-08-17 20:32:31 INFO  o.a.coyote.http11.Http11NioProtocol - Initializing ProtocolHandler ["http-nio-8080"]
2026-08-17 20:32:31 INFO  o.a.catalina.core.StandardService - Starting service [Tomcat]
2026-08-17 20:32:31 INFO  o.a.catalina.core.StandardEngine - Starting Servlet engine: [Apache Tomcat/9.0.83]
2026-08-17 20:32:31 INFO  o.a.c.c.C.[.[localhost].[/journal] - Initializing Spring embedded WebApplicationContext
2026-08-17 20:32:31 INFO  o.s.b.w.s.c.ServletWebServerApplicationContext - Root WebApplicationContext: initialization completed in 3420 ms
2026-08-17 20:32:32 INFO  org.mongodb.driver.client - MongoClient with metadata {"driver": {"name": "mongo-java-driver|sync|spring-boot", "version": "4.6.1"}, "os": {"type": "Windows", "name": "Windows 11", "architecture": "amd64", "version": "10.0"}, "platform": "Java/Oracle Corporation/21.0.4+8-LTS-274", "application": {"name": "Cluster0"}} created with settings MongoClientSettings{readPreference=primary, writeConcern=WriteConcern{w=null, wTimeout=null ms, journal=null}, retryWrites=true, retryReads=true, readConcern=ReadConcern{level=null}, credential=MongoCredential{mechanism=null, userName='mdshahidans2005_db_user', source='admin', password=<hidden>, mechanismProperties=<hidden>}, streamFactoryFactory=null, commandListeners=[], codecRegistry=ProvidersCodecRegistry{codecProviders=[ValueCodecProvider{}, BsonValueCodecProvider{}, DBRefCodecProvider{}, DBObjectCodecProvider{}, DocumentCodecProvider{}, IterableCodecProvider{}, MapCodecProvider{}, GeoJsonCodecProvider{}, GridFSFileCodecProvider{}, Jsr310CodecProvider{}, JsonObjectCodecProvider{}, BsonCodecProvider{}, EnumCodecProvider{}, com.mongodb.Jep395RecordCodecProvider@2bc7db89]}, clusterSettings={hosts=[127.0.0.1:27017], srvHost=cluster0.yvjbs2l.mongodb.net, srvServiceName=mongodb, mode=MULTIPLE, requiredClusterType=REPLICA_SET, requiredReplicaSetName='atlas-lpe6sk-shard-0', serverSelector='null', clusterListeners='[]', serverSelectionTimeout='30000 ms', localThreshold='30000 ms'}, socketSettings=SocketSettings{connectTimeoutMS=10000, readTimeoutMS=0, receiveBufferSize=0, sendBufferSize=0}, heartbeatSocketSettings=SocketSettings{connectTimeoutMS=10000, readTimeoutMS=10000, receiveBufferSize=0, sendBufferSize=0}, connectionPoolSettings=ConnectionPoolSettings{maxSize=100, minSize=0, maxWaitTimeMS=120000, maxConnectionLifeTimeMS=0, maxConnectionIdleTimeMS=0, maintenanceInitialDelayMS=0, maintenanceFrequencyMS=60000, connectionPoolListeners=[], maxConnecting=2}, serverSettings=ServerSettings{heartbeatFrequencyMS=10000, minHeartbeatFrequencyMS=500, serverListeners='[]', serverMonitorListeners='[]'}, sslSettings=SslSettings{enabled=true, invalidHostNameAllowed=false, context=null}, applicationName='Cluster0', compressorList=[], uuidRepresentation=JAVA_LEGACY, serverApi=null, autoEncryptionSettings=null, contextProvider=null}
2026-08-17 20:32:32 INFO  org.mongodb.driver.cluster - Adding discovered server ac-bd180s9-shard-00-00.yvjbs2l.mongodb.net:27017 to client view of cluster
2026-08-17 20:32:32 INFO  org.mongodb.driver.cluster - Adding discovered server ac-bd180s9-shard-00-01.yvjbs2l.mongodb.net:27017 to client view of cluster
2026-08-17 20:32:32 INFO  org.mongodb.driver.cluster - Adding discovered server ac-bd180s9-shard-00-02.yvjbs2l.mongodb.net:27017 to client view of cluster
2026-08-17 20:32:33 INFO  org.mongodb.driver.cluster - No server chosen by com.mongodb.client.internal.MongoClientDelegate$1@1310fcb0 from cluster description ClusterDescription{type=REPLICA_SET, connectionMode=MULTIPLE, serverDescriptions=[ServerDescription{address=ac-bd180s9-shard-00-00.yvjbs2l.mongodb.net:27017, type=UNKNOWN, state=CONNECTING}, ServerDescription{address=ac-bd180s9-shard-00-02.yvjbs2l.mongodb.net:27017, type=UNKNOWN, state=CONNECTING}, ServerDescription{address=ac-bd180s9-shard-00-01.yvjbs2l.mongodb.net:27017, type=UNKNOWN, state=CONNECTING}]}. Waiting for 30000 ms before timing out
2026-08-17 20:32:33 INFO  org.mongodb.driver.connection - Opened connection [connectionId{localValue:4, serverValue:161428}] to ac-bd180s9-shard-00-01.yvjbs2l.mongodb.net:27017
2026-08-17 20:32:33 INFO  org.mongodb.driver.connection - Opened connection [connectionId{localValue:1, serverValue:163801}] to ac-bd180s9-shard-00-00.yvjbs2l.mongodb.net:27017
2026-08-17 20:32:33 INFO  org.mongodb.driver.connection - Opened connection [connectionId{localValue:5, serverValue:161428}] to ac-bd180s9-shard-00-01.yvjbs2l.mongodb.net:27017
2026-08-17 20:32:33 INFO  org.mongodb.driver.connection - Opened connection [connectionId{localValue:3, serverValue:166471}] to ac-bd180s9-shard-00-02.yvjbs2l.mongodb.net:27017
2026-08-17 20:32:33 INFO  org.mongodb.driver.connection - Opened connection [connectionId{localValue:6, serverValue:166657}] to ac-bd180s9-shard-00-02.yvjbs2l.mongodb.net:27017
2026-08-17 20:32:33 INFO  org.mongodb.driver.connection - Opened connection [connectionId{localValue:2, serverValue:163974}] to ac-bd180s9-shard-00-00.yvjbs2l.mongodb.net:27017
2026-08-17 20:32:33 INFO  org.mongodb.driver.cluster - Monitor thread successfully connected to server with description ServerDescription{address=ac-bd180s9-shard-00-01.yvjbs2l.mongodb.net:27017, type=REPLICA_SET_SECONDARY, state=CONNECTED, ok=true, minWireVersion=0, maxWireVersion=25, maxDocumentSize=16777216, logicalSessionTimeoutMinutes=30, roundTripTimeNanos=744157700, setName='atlas-lpe6sk-shard-0', canonicalAddress=ac-bd180s9-shard-00-01.yvjbs2l.mongodb.net:27017, hosts=[ac-bd180s9-shard-00-01.yvjbs2l.mongodb.net:27017, ac-bd180s9-shard-00-02.yvjbs2l.mongodb.net:27017, ac-bd180s9-shard-00-00.yvjbs2l.mongodb.net:27017], passives=[], arbiters=[], primary='ac-bd180s9-shard-00-02.yvjbs2l.mongodb.net:27017', tagSet=TagSet{[Tag{name='availabilityZone', value='aps1-az3'}, Tag{name='cacheState', value='READY'}, Tag{name='diskState', value='READY'}, Tag{name='nodeType', value='ELECTABLE'}, Tag{name='provider', value='AWS'}, Tag{name='region', value='AP_SOUTH_1'}, Tag{name='workloadType', value='OPERATIONAL'}]}, electionId=null, setVersion=297, topologyVersion=TopologyVersion{processId=6a7b3fc5ee64108dce410aaf, counter=5}, lastWriteDate=Mon Aug 17 20:32:34 IST 2026, lastUpdateTimeNanos=74743654069200}
2026-08-17 20:32:33 INFO  org.mongodb.driver.cluster - Monitor thread successfully connected to server with description ServerDescription{address=ac-bd180s9-shard-00-02.yvjbs2l.mongodb.net:27017, type=REPLICA_SET_PRIMARY, state=CONNECTED, ok=true, minWireVersion=0, maxWireVersion=25, maxDocumentSize=16777216, logicalSessionTimeoutMinutes=30, roundTripTimeNanos=744214600, setName='atlas-lpe6sk-shard-0', canonicalAddress=ac-bd180s9-shard-00-02.yvjbs2l.mongodb.net:27017, hosts=[ac-bd180s9-shard-00-01.yvjbs2l.mongodb.net:27017, ac-bd180s9-shard-00-02.yvjbs2l.mongodb.net:27017, ac-bd180s9-shard-00-00.yvjbs2l.mongodb.net:27017], passives=[], arbiters=[], primary='ac-bd180s9-shard-00-02.yvjbs2l.mongodb.net:27017', tagSet=TagSet{[Tag{name='availabilityZone', value='aps1-az2'}, Tag{name='cacheState', value='READY'}, Tag{name='diskState', value='READY'}, Tag{name='nodeType', value='ELECTABLE'}, Tag{name='provider', value='AWS'}, Tag{name='region', value='AP_SOUTH_1'}, Tag{name='workloadType', value='OPERATIONAL'}]}, electionId=7fffffff000000000000012d, setVersion=297, topologyVersion=TopologyVersion{processId=6a7b3d358e68804eae9a242f, counter=10}, lastWriteDate=Mon Aug 17 20:32:34 IST 2026, lastUpdateTimeNanos=74743654080300}
2026-08-17 20:32:33 INFO  org.mongodb.driver.cluster - Monitor thread successfully connected to server with description ServerDescription{address=ac-bd180s9-shard-00-00.yvjbs2l.mongodb.net:27017, type=REPLICA_SET_SECONDARY, state=CONNECTED, ok=true, minWireVersion=0, maxWireVersion=25, maxDocumentSize=16777216, logicalSessionTimeoutMinutes=30, roundTripTimeNanos=744156600, setName='atlas-lpe6sk-shard-0', canonicalAddress=ac-bd180s9-shard-00-00.yvjbs2l.mongodb.net:27017, hosts=[ac-bd180s9-shard-00-01.yvjbs2l.mongodb.net:27017, ac-bd180s9-shard-00-02.yvjbs2l.mongodb.net:27017, ac-bd180s9-shard-00-00.yvjbs2l.mongodb.net:27017], passives=[], arbiters=[], primary='ac-bd180s9-shard-00-02.yvjbs2l.mongodb.net:27017', tagSet=TagSet{[Tag{name='availabilityZone', value='aps1-az1'}, Tag{name='cacheState', value='READY'}, Tag{name='diskState', value='READY'}, Tag{name='nodeType', value='ELECTABLE'}, Tag{name='provider', value='AWS'}, Tag{name='region', value='AP_SOUTH_1'}, Tag{name='workloadType', value='OPERATIONAL'}]}, electionId=null, setVersion=297, topologyVersion=TopologyVersion{processId=6a7b3ab66a60f4deb1771140, counter=10}, lastWriteDate=Mon Aug 17 20:32:34 IST 2026, lastUpdateTimeNanos=74743654069500}
2026-08-17 20:32:33 INFO  org.mongodb.driver.cluster - Setting max election id to 7fffffff000000000000012d from replica set primary ac-bd180s9-shard-00-02.yvjbs2l.mongodb.net:27017
2026-08-17 20:32:33 INFO  org.mongodb.driver.cluster - Setting max set version to 297 from replica set primary ac-bd180s9-shard-00-02.yvjbs2l.mongodb.net:27017
2026-08-17 20:32:33 INFO  org.mongodb.driver.cluster - Discovered replica set primary ac-bd180s9-shard-00-02.yvjbs2l.mongodb.net:27017
2026-08-17 20:32:34 INFO  org.mongodb.driver.connection - Opened connection [connectionId{localValue:7, serverValue:166657}] to ac-bd180s9-shard-00-02.yvjbs2l.mongodb.net:27017
2026-08-17 20:32:34 INFO  o.s.s.web.DefaultSecurityFilterChain - Will secure any request with [org.springframework.security.web.session.DisableEncodeUrlFilter@10131289, org.springframework.security.web.context.request.async.WebAsyncManagerIntegrationFilter@c5e69a5, org.springframework.security.web.context.SecurityContextPersistenceFilter@33d230ce, org.springframework.security.web.header.HeaderWriterFilter@10a907ec, org.springframework.security.web.authentication.logout.LogoutFilter@7bf018dd, org.springframework.security.web.authentication.www.BasicAuthenticationFilter@7f4e5a39, org.springframework.security.web.savedrequest.RequestCacheAwareFilter@a316f6b, org.springframework.security.web.servletapi.SecurityContextHolderAwareRequestFilter@62e73ab6, org.springframework.security.web.authentication.AnonymousAuthenticationFilter@64a1116a, org.springframework.security.web.session.SessionManagementFilter@45287377, org.springframework.security.web.access.ExceptionTranslationFilter@4e48462d, org.springframework.security.web.access.intercept.FilterSecurityInterceptor@76d0ecd7]
2026-08-17 20:32:35 INFO  o.a.coyote.http11.Http11NioProtocol - Starting ProtocolHandler ["http-nio-8080"]
2026-08-17 20:32:35 INFO  o.s.b.w.e.tomcat.TomcatWebServer - Tomcat started on port(s): 8080 (http) with context path '/journal'
2026-08-17 20:32:35 INFO  com.journalApp.JournalAppApplication - Started JournalAppApplication in 9.104 seconds (JVM running for 10.376)
2026-08-17 20:32:47 INFO  o.a.c.c.C.[.[localhost].[/journal] - Initializing Spring DispatcherServlet 'dispatcherServlet'
2026-08-17 20:32:47 INFO  o.s.web.servlet.DispatcherServlet - Initializing Servlet 'dispatcherServlet'
2026-08-17 20:32:47 INFO  o.s.web.servlet.DispatcherServlet - Completed initialization in 3 ms
2026-08-17 20:36:34 INFO  com.journalApp.JournalAppApplication - Starting JournalAppApplication using Java 21.0.4 on SHAHID with PID 2172 (C:\Users\MD SHAHID ANSARI\IdeaProjects\journalApp\journalApp\target\classes started by MD SHAHID ANSARI in C:\Users\MD SHAHID ANSARI\IdeaProjects\journalApp)
2026-08-17 20:36:34 INFO  com.journalApp.JournalAppApplication - The following 1 profile is active: "dev"
2026-08-17 20:36:36 INFO  o.s.d.r.c.RepositoryConfigurationDelegate - Bootstrapping Spring Data MongoDB repositories in DEFAULT mode.
2026-08-17 20:36:36 INFO  o.s.d.r.c.RepositoryConfigurationDelegate - Finished Spring Data repository scanning in 123 ms. Found 2 MongoDB repository interfaces.
2026-08-17 20:36:38 INFO  o.s.b.w.e.tomcat.TomcatWebServer - Tomcat initialized with port(s): 8080 (http)
2026-08-17 20:36:38 INFO  o.a.coyote.http11.Http11NioProtocol - Initializing ProtocolHandler ["http-nio-8080"]
2026-08-17 20:36:38 INFO  o.a.catalina.core.StandardService - Starting service [Tomcat]
2026-08-17 20:36:38 INFO  o.a.catalina.core.StandardEngine - Starting Servlet engine: [Apache Tomcat/9.0.83]
2026-08-17 20:36:38 INFO  o.a.c.c.C.[.[localhost].[/journal] - Initializing Spring embedded WebApplicationContext
2026-08-17 20:36:38 INFO  o.s.b.w.s.c.ServletWebServerApplicationContext - Root WebApplicationContext: initialization completed in 3676 ms
2026-08-17 20:36:39 INFO  org.mongodb.driver.client - MongoClient with metadata {"driver": {"name": "mongo-java-driver|sync|spring-boot", "version": "4.6.1"}, "os": {"type": "Windows", "name": "Windows 11", "architecture": "amd64", "version": "10.0"}, "platform": "Java/Oracle Corporation/21.0.4+8-LTS-274", "application": {"name": "Cluster0"}} created with settings MongoClientSettings{readPreference=primary, writeConcern=WriteConcern{w=null, wTimeout=null ms, journal=null}, retryWrites=true, retryReads=true, readConcern=ReadConcern{level=null}, credential=MongoCredential{mechanism=null, userName='mdshahidans2005_db_user', source='admin', password=<hidden>, mechanismProperties=<hidden>}, streamFactoryFactory=null, commandListeners=[], codecRegistry=ProvidersCodecRegistry{codecProviders=[ValueCodecProvider{}, BsonValueCodecProvider{}, DBRefCodecProvider{}, DBObjectCodecProvider{}, DocumentCodecProvider{}, IterableCodecProvider{}, MapCodecProvider{}, GeoJsonCodecProvider{}, GridFSFileCodecProvider{}, Jsr310CodecProvider{}, JsonObjectCodecProvider{}, BsonCodecProvider{}, EnumCodecProvider{}, com.mongodb.Jep395RecordCodecProvider@7b1e5e55]}, clusterSettings={hosts=[127.0.0.1:27017], srvHost=cluster0.yvjbs2l.mongodb.net, srvServiceName=mongodb, mode=MULTIPLE, requiredClusterType=REPLICA_SET, requiredReplicaSetName='atlas-lpe6sk-shard-0', serverSelector='null', clusterListeners='[]', serverSelectionTimeout='30000 ms', localThreshold='30000 ms'}, socketSettings=SocketSettings{connectTimeoutMS=10000, readTimeoutMS=0, receiveBufferSize=0, sendBufferSize=0}, heartbeatSocketSettings=SocketSettings{connectTimeoutMS=10000, readTimeoutMS=10000, receiveBufferSize=0, sendBufferSize=0}, connectionPoolSettings=ConnectionPoolSettings{maxSize=100, minSize=0, maxWaitTimeMS=120000, maxConnectionLifeTimeMS=0, maxConnectionIdleTimeMS=0, maintenanceInitialDelayMS=0, maintenanceFrequencyMS=60000, connectionPoolListeners=[], maxConnecting=2}, serverSettings=ServerSettings{heartbeatFrequencyMS=10000, minHeartbeatFrequencyMS=500, serverListeners='[]', serverMonitorListeners='[]'}, sslSettings=SslSettings{enabled=true, invalidHostNameAllowed=false, context=null}, applicationName='Cluster0', compressorList=[], uuidRepresentation=JAVA_LEGACY, serverApi=null, autoEncryptionSettings=null, contextProvider=null}
2026-08-17 20:36:40 INFO  org.mongodb.driver.cluster - Adding discovered server ac-bd180s9-shard-00-00.yvjbs2l.mongodb.net:27017 to client view of cluster
2026-08-17 20:36:40 INFO  org.mongodb.driver.cluster - Adding discovered server ac-bd180s9-shard-00-01.yvjbs2l.mongodb.net:27017 to client view of cluster
2026-08-17 20:36:40 INFO  org.mongodb.driver.cluster - Adding discovered server ac-bd180s9-shard-00-02.yvjbs2l.mongodb.net:27017 to client view of cluster
2026-08-17 20:36:40 INFO  org.mongodb.driver.cluster - No server chosen by com.mongodb.client.internal.MongoClientDelegate$1@68a305eb from cluster description ClusterDescription{type=REPLICA_SET, connectionMode=MULTIPLE, serverDescriptions=[ServerDescription{address=ac-bd180s9-shard-00-00.yvjbs2l.mongodb.net:27017, type=UNKNOWN, state=CONNECTING}, ServerDescription{address=ac-bd180s9-shard-00-02.yvjbs2l.mongodb.net:27017, type=UNKNOWN, state=CONNECTING}, ServerDescription{address=ac-bd180s9-shard-00-01.yvjbs2l.mongodb.net:27017, type=UNKNOWN, state=CONNECTING}]}. Waiting for 30000 ms before timing out
2026-08-17 20:36:41 INFO  org.mongodb.driver.connection - Opened connection [connectionId{localValue:4, serverValue:166735}] to ac-bd180s9-shard-00-02.yvjbs2l.mongodb.net:27017
2026-08-17 20:36:41 INFO  org.mongodb.driver.connection - Opened connection [connectionId{localValue:6, serverValue:161508}] to ac-bd180s9-shard-00-01.yvjbs2l.mongodb.net:27017
2026-08-17 20:36:41 INFO  org.mongodb.driver.connection - Opened connection [connectionId{localValue:2, serverValue:161508}] to ac-bd180s9-shard-00-01.yvjbs2l.mongodb.net:27017
2026-08-17 20:36:41 INFO  org.mongodb.driver.connection - Opened connection [connectionId{localValue:5, serverValue:164051}] to ac-bd180s9-shard-00-00.yvjbs2l.mongodb.net:27017
2026-08-17 20:36:41 INFO  org.mongodb.driver.connection - Opened connection [connectionId{localValue:1, serverValue:164052}] to ac-bd180s9-shard-00-00.yvjbs2l.mongodb.net:27017
2026-08-17 20:36:41 INFO  org.mongodb.driver.connection - Opened connection [connectionId{localValue:3, serverValue:166715}] to ac-bd180s9-shard-00-02.yvjbs2l.mongodb.net:27017
2026-08-17 20:36:41 INFO  org.mongodb.driver.cluster - Monitor thread successfully connected to server with description ServerDescription{address=ac-bd180s9-shard-00-00.yvjbs2l.mongodb.net:27017, type=REPLICA_SET_SECONDARY, state=CONNECTED, ok=true, minWireVersion=0, maxWireVersion=25, maxDocumentSize=16777216, logicalSessionTimeoutMinutes=30, roundTripTimeNanos=685988200, setName='atlas-lpe6sk-shard-0', canonicalAddress=ac-bd180s9-shard-00-00.yvjbs2l.mongodb.net:27017, hosts=[ac-bd180s9-shard-00-01.yvjbs2l.mongodb.net:27017, ac-bd180s9-shard-00-02.yvjbs2l.mongodb.net:27017, ac-bd180s9-shard-00-00.yvjbs2l.mongodb.net:27017], passives=[], arbiters=[], primary='ac-bd180s9-shard-00-02.yvjbs2l.mongodb.net:27017', tagSet=TagSet{[Tag{name='availabilityZone', value='aps1-az1'}, Tag{name='cacheState', value='READY'}, Tag{name='diskState', value='READY'}, Tag{name='nodeType', value='ELECTABLE'}, Tag{name='provider', value='AWS'}, Tag{name='region', value='AP_SOUTH_1'}, Tag{name='workloadType', value='OPERATIONAL'}]}, electionId=null, setVersion=297, topologyVersion=TopologyVersion{processId=6a7b3ab66a60f4deb1771140, counter=10}, lastWriteDate=Mon Aug 17 20:36:42 IST 2026, lastUpdateTimeNanos=74991431101600}
2026-08-17 20:36:41 INFO  org.mongodb.driver.cluster - Monitor thread successfully connected to server with description ServerDescription{address=ac-bd180s9-shard-00-01.yvjbs2l.mongodb.net:27017, type=REPLICA_SET_SECONDARY, state=CONNECTED, ok=true, minWireVersion=0, maxWireVersion=25, maxDocumentSize=16777216, logicalSessionTimeoutMinutes=30, roundTripTimeNanos=437680900, setName='atlas-lpe6sk-shard-0', canonicalAddress=ac-bd180s9-shard-00-01.yvjbs2l.mongodb.net:27017, hosts=[ac-bd180s9-shard-00-01.yvjbs2l.mongodb.net:27017, ac-bd180s9-shard-00-02.yvjbs2l.mongodb.net:27017, ac-bd180s9-shard-00-00.yvjbs2l.mongodb.net:27017], passives=[], arbiters=[], primary='ac-bd180s9-shard-00-02.yvjbs2l.mongodb.net:27017', tagSet=TagSet{[Tag{name='availabilityZone', value='aps1-az3'}, Tag{name='cacheState', value='READY'}, Tag{name='diskState', value='READY'}, Tag{name='nodeType', value='ELECTABLE'}, Tag{name='provider', value='AWS'}, Tag{name='region', value='AP_SOUTH_1'}, Tag{name='workloadType', value='OPERATIONAL'}]}, electionId=null, setVersion=297, topologyVersion=TopologyVersion{processId=6a7b3fc5ee64108dce410aaf, counter=5}, lastWriteDate=Mon Aug 17 20:36:42 IST 2026, lastUpdateTimeNanos=74991431101600}
2026-08-17 20:36:41 INFO  org.mongodb.driver.cluster - Monitor thread successfully connected to server with description ServerDescription{address=ac-bd180s9-shard-00-02.yvjbs2l.mongodb.net:27017, type=REPLICA_SET_PRIMARY, state=CONNECTED, ok=true, minWireVersion=0, maxWireVersion=25, maxDocumentSize=16777216, logicalSessionTimeoutMinutes=30, roundTripTimeNanos=439386100, setName='atlas-lpe6sk-shard-0', canonicalAddress=ac-bd180s9-shard-00-02.yvjbs2l.mongodb.net:27017, hosts=[ac-bd180s9-shard-00-01.yvjbs2l.mongodb.net:27017, ac-bd180s9-shard-00-02.yvjbs2l.mongodb.net:27017, ac-bd180s9-shard-00-00.yvjbs2l.mongodb.net:27017], passives=[], arbiters=[], primary='ac-bd180s9-shard-00-02.yvjbs2l.mongodb.net:27017', tagSet=TagSet{[Tag{name='availabilityZone', value='aps1-az2'}, Tag{name='cacheState', value='READY'}, Tag{name='diskState', value='READY'}, Tag{name='nodeType', value='ELECTABLE'}, Tag{name='provider', value='AWS'}, Tag{name='region', value='AP_SOUTH_1'}, Tag{name='workloadType', value='OPERATIONAL'}]}, electionId=7fffffff000000000000012d, setVersion=297, topologyVersion=TopologyVersion{processId=6a7b3d358e68804eae9a242f, counter=10}, lastWriteDate=Mon Aug 17 20:36:42 IST 2026, lastUpdateTimeNanos=74991431101300}
2026-08-17 20:36:41 INFO  org.mongodb.driver.cluster - Setting max election id to 7fffffff000000000000012d from replica set primary ac-bd180s9-shard-00-02.yvjbs2l.mongodb.net:27017
2026-08-17 20:36:41 INFO  org.mongodb.driver.cluster - Setting max set version to 297 from replica set primary ac-bd180s9-shard-00-02.yvjbs2l.mongodb.net:27017
2026-08-17 20:36:41 INFO  org.mongodb.driver.cluster - Discovered replica set primary ac-bd180s9-shard-00-02.yvjbs2l.mongodb.net:27017
2026-08-17 20:36:41 INFO  org.mongodb.driver.connection - Opened connection [connectionId{localValue:7, serverValue:166734}] to ac-bd180s9-shard-00-02.yvjbs2l.mongodb.net:27017
2026-08-17 20:36:42 INFO  o.s.s.web.DefaultSecurityFilterChain - Will secure any request with [org.springframework.security.web.session.DisableEncodeUrlFilter@50f4b83d, org.springframework.security.web.context.request.async.WebAsyncManagerIntegrationFilter@10131289, org.springframework.security.web.context.SecurityContextPersistenceFilter@70b33256, org.springframework.security.web.header.HeaderWriterFilter@17216605, org.springframework.security.web.authentication.logout.LogoutFilter@4bce62b, org.springframework.security.web.authentication.www.BasicAuthenticationFilter@1cee2e10, org.springframework.security.web.savedrequest.RequestCacheAwareFilter@35e74e08, org.springframework.security.web.servletapi.SecurityContextHolderAwareRequestFilter@4f5c30b1, org.springframework.security.web.authentication.AnonymousAuthenticationFilter@c5e69a5, org.springframework.security.web.session.SessionManagementFilter@7a572ea0, org.springframework.security.web.access.ExceptionTranslationFilter@3ace6346, org.springframework.security.web.access.intercept.FilterSecurityInterceptor@4ae280da]
2026-08-17 20:36:43 INFO  o.a.coyote.http11.Http11NioProtocol - Starting ProtocolHandler ["http-nio-8080"]
2026-08-17 20:36:43 INFO  o.s.b.w.e.tomcat.TomcatWebServer - Tomcat started on port(s): 8080 (http) with context path '/journal'
2026-08-17 20:36:43 INFO  com.journalApp.JournalAppApplication - Started JournalAppApplication in 9.941 seconds (JVM running for 11.855)
2026-08-17 20:36:50 INFO  o.a.c.c.C.[.[localhost].[/journal] - Initializing Spring DispatcherServlet 'dispatcherServlet'
2026-08-17 20:36:50 INFO  o.s.web.servlet.DispatcherServlet - Initializing Servlet 'dispatcherServlet'
2026-08-17 20:36:50 INFO  o.s.web.servlet.DispatcherServlet - Completed initialization in 2 ms
2026-08-17 20:40:59 INFO  com.journalApp.JournalAppApplication - Starting JournalAppApplication using Java 21.0.4 on SHAHID with PID 25476 (C:\Users\MD SHAHID ANSARI\IdeaProjects\journalApp\journalApp\target\classes started by MD SHAHID ANSARI in C:\Users\MD SHAHID ANSARI\IdeaProjects\journalApp)
2026-08-17 20:40:59 INFO  com.journalApp.JournalAppApplication - The following 1 profile is active: "dev"
2026-08-17 20:41:00 INFO  o.s.d.r.c.RepositoryConfigurationDelegate - Bootstrapping Spring Data MongoDB repositories in DEFAULT mode.
2026-08-17 20:41:00 INFO  o.s.d.r.c.RepositoryConfigurationDelegate - Finished Spring Data repository scanning in 82 ms. Found 2 MongoDB repository interfaces.
2026-08-17 20:41:01 INFO  o.s.b.w.e.tomcat.TomcatWebServer - Tomcat initialized with port(s): 8080 (http)
2026-08-17 20:41:01 INFO  o.a.coyote.http11.Http11NioProtocol - Initializing ProtocolHandler ["http-nio-8080"]
2026-08-17 20:41:01 INFO  o.a.catalina.core.StandardService - Starting service [Tomcat]
2026-08-17 20:41:01 INFO  o.a.catalina.core.StandardEngine - Starting Servlet engine: [Apache Tomcat/9.0.83]
2026-08-17 20:41:01 INFO  o.a.c.c.C.[.[localhost].[/journal] - Initializing Spring embedded WebApplicationContext
2026-08-17 20:41:01 INFO  o.s.b.w.s.c.ServletWebServerApplicationContext - Root WebApplicationContext: initialization completed in 1915 ms
2026-08-17 20:41:01 INFO  org.mongodb.driver.client - MongoClient with metadata {"driver": {"name": "mongo-java-driver|sync|spring-boot", "version": "4.6.1"}, "os": {"type": "Windows", "name": "Windows 11", "architecture": "amd64", "version": "10.0"}, "platform": "Java/Oracle Corporation/21.0.4+8-LTS-274", "application": {"name": "Cluster0"}} created with settings MongoClientSettings{readPreference=primary, writeConcern=WriteConcern{w=null, wTimeout=null ms, journal=null}, retryWrites=true, retryReads=true, readConcern=ReadConcern{level=null}, credential=MongoCredential{mechanism=null, userName='mdshahidans2005_db_user', source='admin', password=<hidden>, mechanismProperties=<hidden>}, streamFactoryFactory=null, commandListeners=[], codecRegistry=ProvidersCodecRegistry{codecProviders=[ValueCodecProvider{}, BsonValueCodecProvider{}, DBRefCodecProvider{}, DBObjectCodecProvider{}, DocumentCodecProvider{}, IterableCodecProvider{}, MapCodecProvider{}, GeoJsonCodecProvider{}, GridFSFileCodecProvider{}, Jsr310CodecProvider{}, JsonObjectCodecProvider{}, BsonCodecProvider{}, EnumCodecProvider{}, com.mongodb.Jep395RecordCodecProvider@2bc7db89]}, clusterSettings={hosts=[127.0.0.1:27017], srvHost=cluster0.yvjbs2l.mongodb.net, srvServiceName=mongodb, mode=MULTIPLE, requiredClusterType=REPLICA_SET, requiredReplicaSetName='atlas-lpe6sk-shard-0', serverSelector='null', clusterListeners='[]', serverSelectionTimeout='30000 ms', localThreshold='30000 ms'}, socketSettings=SocketSettings{connectTimeoutMS=10000, readTimeoutMS=0, receiveBufferSize=0, sendBufferSize=0}, heartbeatSocketSettings=SocketSettings{connectTimeoutMS=10000, readTimeoutMS=10000, receiveBufferSize=0, sendBufferSize=0}, connectionPoolSettings=ConnectionPoolSettings{maxSize=100, minSize=0, maxWaitTimeMS=120000, maxConnectionLifeTimeMS=0, maxConnectionIdleTimeMS=0, maintenanceInitialDelayMS=0, maintenanceFrequencyMS=60000, connectionPoolListeners=[], maxConnecting=2}, serverSettings=ServerSettings{heartbeatFrequencyMS=10000, minHeartbeatFrequencyMS=500, serverListeners='[]', serverMonitorListeners='[]'}, sslSettings=SslSettings{enabled=true, invalidHostNameAllowed=false, context=null}, applicationName='Cluster0', compressorList=[], uuidRepresentation=JAVA_LEGACY, serverApi=null, autoEncryptionSettings=null, contextProvider=null}
2026-08-17 20:41:01 INFO  org.mongodb.driver.cluster - Adding discovered server ac-bd180s9-shard-00-00.yvjbs2l.mongodb.net:27017 to client view of cluster
2026-08-17 20:41:01 INFO  org.mongodb.driver.cluster - Adding discovered server ac-bd180s9-shard-00-01.yvjbs2l.mongodb.net:27017 to client view of cluster
2026-08-17 20:41:01 INFO  org.mongodb.driver.cluster - Adding discovered server ac-bd180s9-shard-00-02.yvjbs2l.mongodb.net:27017 to client view of cluster
2026-08-17 20:41:01 INFO  org.mongodb.driver.cluster - No server chosen by com.mongodb.client.internal.MongoClientDelegate$1@2fe2965c from cluster description ClusterDescription{type=REPLICA_SET, connectionMode=MULTIPLE, serverDescriptions=[ServerDescription{address=ac-bd180s9-shard-00-00.yvjbs2l.mongodb.net:27017, type=UNKNOWN, state=CONNECTING}, ServerDescription{address=ac-bd180s9-shard-00-02.yvjbs2l.mongodb.net:27017, type=UNKNOWN, state=CONNECTING}, ServerDescription{address=ac-bd180s9-shard-00-01.yvjbs2l.mongodb.net:27017, type=UNKNOWN, state=CONNECTING}]}. Waiting for 30000 ms before timing out
2026-08-17 20:41:02 INFO  org.mongodb.driver.connection - Opened connection [connectionId{localValue:1, serverValue:164152}] to ac-bd180s9-shard-00-00.yvjbs2l.mongodb.net:27017
2026-08-17 20:41:02 INFO  org.mongodb.driver.connection - Opened connection [connectionId{localValue:3, serverValue:166816}] to ac-bd180s9-shard-00-02.yvjbs2l.mongodb.net:27017
2026-08-17 20:41:02 INFO  org.mongodb.driver.connection - Opened connection [connectionId{localValue:2, serverValue:161610}] to ac-bd180s9-shard-00-01.yvjbs2l.mongodb.net:27017
2026-08-17 20:41:02 INFO  org.mongodb.driver.connection - Opened connection [connectionId{localValue:4, serverValue:166816}] to ac-bd180s9-shard-00-02.yvjbs2l.mongodb.net:27017
2026-08-17 20:41:02 INFO  org.mongodb.driver.connection - Opened connection [connectionId{localValue:6, serverValue:164152}] to ac-bd180s9-shard-00-00.yvjbs2l.mongodb.net:27017
2026-08-17 20:41:02 INFO  org.mongodb.driver.connection - Opened connection [connectionId{localValue:5, serverValue:161610}] to ac-bd180s9-shard-00-01.yvjbs2l.mongodb.net:27017
2026-08-17 20:41:02 INFO  org.mongodb.driver.cluster - Monitor thread successfully connected to server with description ServerDescription{address=ac-bd180s9-shard-00-02.yvjbs2l.mongodb.net:27017, type=REPLICA_SET_PRIMARY, state=CONNECTED, ok=true, minWireVersion=0, maxWireVersion=25, maxDocumentSize=16777216, logicalSessionTimeoutMinutes=30, roundTripTimeNanos=345036600, setName='atlas-lpe6sk-shard-0', canonicalAddress=ac-bd180s9-shard-00-02.yvjbs2l.mongodb.net:27017, hosts=[ac-bd180s9-shard-00-01.yvjbs2l.mongodb.net:27017, ac-bd180s9-shard-00-02.yvjbs2l.mongodb.net:27017, ac-bd180s9-shard-00-00.yvjbs2l.mongodb.net:27017], passives=[], arbiters=[], primary='ac-bd180s9-shard-00-02.yvjbs2l.mongodb.net:27017', tagSet=TagSet{[Tag{name='availabilityZone', value='aps1-az2'}, Tag{name='cacheState', value='READY'}, Tag{name='diskState', value='READY'}, Tag{name='nodeType', value='ELECTABLE'}, Tag{name='provider', value='AWS'}, Tag{name='region', value='AP_SOUTH_1'}, Tag{name='workloadType', value='OPERATIONAL'}]}, electionId=7fffffff000000000000012d, setVersion=297, topologyVersion=TopologyVersion{processId=6a7b3d358e68804eae9a242f, counter=10}, lastWriteDate=Mon Aug 17 20:41:03 IST 2026, lastUpdateTimeNanos=75252245814600}
2026-08-17 20:41:02 INFO  org.mongodb.driver.cluster - Monitor thread successfully connected to server with description ServerDescription{address=ac-bd180s9-shard-00-00.yvjbs2l.mongodb.net:27017, type=REPLICA_SET_SECONDARY, state=CONNECTED, ok=true, minWireVersion=0, maxWireVersion=25, maxDocumentSize=16777216, logicalSessionTimeoutMinutes=30, roundTripTimeNanos=346164100, setName='atlas-lpe6sk-shard-0', canonicalAddress=ac-bd180s9-shard-00-00.yvjbs2l.mongodb.net:27017, hosts=[ac-bd180s9-shard-00-01.yvjbs2l.mongodb.net:27017, ac-bd180s9-shard-00-02.yvjbs2l.mongodb.net:27017, ac-bd180s9-shard-00-00.yvjbs2l.mongodb.net:27017], passives=[], arbiters=[], primary='ac-bd180s9-shard-00-02.yvjbs2l.mongodb.net:27017', tagSet=TagSet{[Tag{name='availabilityZone', value='aps1-az1'}, Tag{name='cacheState', value='READY'}, Tag{name='diskState', value='READY'}, Tag{name='nodeType', value='ELECTABLE'}, Tag{name='provider', value='AWS'}, Tag{name='region', value='AP_SOUTH_1'}, Tag{name='workloadType', value='OPERATIONAL'}]}, electionId=null, setVersion=297, topologyVersion=TopologyVersion{processId=6a7b3ab66a60f4deb1771140, counter=10}, lastWriteDate=Mon Aug 17 20:41:03 IST 2026, lastUpdateTimeNanos=75252245814700}
2026-08-17 20:41:02 INFO  org.mongodb.driver.cluster - Monitor thread successfully connected to server with description ServerDescription{address=ac-bd180s9-shard-00-01.yvjbs2l.mongodb.net:27017, type=REPLICA_SET_SECONDARY, state=CONNECTED, ok=true, minWireVersion=0, maxWireVersion=25, maxDocumentSize=16777216, logicalSessionTimeoutMinutes=30, roundTripTimeNanos=346158500, setName='atlas-lpe6sk-shard-0', canonicalAddress=ac-bd180s9-shard-00-01.yvjbs2l.mongodb.net:27017, hosts=[ac-bd180s9-shard-00-01.yvjbs2l.mongodb.net:27017, ac-bd180s9-shard-00-02.yvjbs2l.mongodb.net:27017, ac-bd180s9-shard-00-00.yvjbs2l.mongodb.net:27017], passives=[], arbiters=[], primary='ac-bd180s9-shard-00-02.yvjbs2l.mongodb.net:27017', tagSet=TagSet{[Tag{name='availabilityZone', value='aps1-az3'}, Tag{name='cacheState', value='READY'}, Tag{name='diskState', value='READY'}, Tag{name='nodeType', value='ELECTABLE'}, Tag{name='provider', value='AWS'}, Tag{name='region', value='AP_SOUTH_1'}, Tag{name='workloadType', value='OPERATIONAL'}]}, electionId=null, setVersion=297, topologyVersion=TopologyVersion{processId=6a7b3fc5ee64108dce410aaf, counter=5}, lastWriteDate=Mon Aug 17 20:41:03 IST 2026, lastUpdateTimeNanos=75252245814800}
2026-08-17 20:41:02 INFO  org.mongodb.driver.cluster - Setting max election id to 7fffffff000000000000012d from replica set primary ac-bd180s9-shard-00-02.yvjbs2l.mongodb.net:27017
2026-08-17 20:41:02 INFO  org.mongodb.driver.cluster - Setting max set version to 297 from replica set primary ac-bd180s9-shard-00-02.yvjbs2l.mongodb.net:27017
2026-08-17 20:41:02 INFO  org.mongodb.driver.cluster - Discovered replica set primary ac-bd180s9-shard-00-02.yvjbs2l.mongodb.net:27017
2026-08-17 20:41:02 INFO  org.mongodb.driver.connection - Opened connection [connectionId{localValue:7, serverValue:166697}] to ac-bd180s9-shard-00-02.yvjbs2l.mongodb.net:27017
2026-08-17 20:41:03 INFO  o.s.s.web.DefaultSecurityFilterChain - Will secure any request with [org.springframework.security.web.session.DisableEncodeUrlFilter@10fb4575, org.springframework.security.web.context.request.async.WebAsyncManagerIntegrationFilter@7cc2c551, org.springframework.security.web.context.SecurityContextPersistenceFilter@62e73ab6, org.springframework.security.web.header.HeaderWriterFilter@1a88c4f5, org.springframework.security.web.authentication.logout.LogoutFilter@661e1399, org.springframework.security.web.authentication.www.BasicAuthenticationFilter@64a1116a, org.springframework.security.web.savedrequest.RequestCacheAwareFilter@29bd85db, org.springframework.security.web.servletapi.SecurityContextHolderAwareRequestFilter@681de87f, org.springframework.security.web.authentication.AnonymousAuthenticationFilter@d84b3a2, org.springframework.security.web.session.SessionManagementFilter@410fc508, org.springframework.security.web.access.ExceptionTranslationFilter@6c5ca0b6, org.springframework.security.web.access.intercept.FilterSecurityInterceptor@5dcf0772]
2026-08-17 20:41:03 INFO  o.a.coyote.http11.Http11NioProtocol - Starting ProtocolHandler ["http-nio-8080"]
2026-08-17 20:41:03 INFO  o.s.b.w.e.tomcat.TomcatWebServer - Tomcat started on port(s): 8080 (http) with context path '/journal'
2026-08-17 20:41:03 INFO  com.journalApp.JournalAppApplication - Started JournalAppApplication in 5.186 seconds (JVM running for 6.091)
2026-08-17 20:41:11 INFO  o.a.c.c.C.[.[localhost].[/journal] - Initializing Spring DispatcherServlet 'dispatcherServlet'
2026-08-17 20:41:11 INFO  o.s.web.servlet.DispatcherServlet - Initializing Servlet 'dispatcherServlet'
2026-08-17 20:41:11 INFO  o.s.web.servlet.DispatcherServlet - Completed initialization in 1 ms
2026-08-17 21:00:41 INFO  com.journalApp.JournalAppApplication - Starting JournalAppApplication using Java 21.0.4 on SHAHID with PID 26240 (C:\Users\MD SHAHID ANSARI\IdeaProjects\journalApp\journalApp\target\classes started by MD SHAHID ANSARI in C:\Users\MD SHAHID ANSARI\IdeaProjects\journalApp)
2026-08-17 21:00:41 INFO  com.journalApp.JournalAppApplication - The following 1 profile is active: "dev"
2026-08-17 21:00:42 INFO  o.s.d.r.c.RepositoryConfigurationDelegate - Bootstrapping Spring Data MongoDB repositories in DEFAULT mode.
2026-08-17 21:00:42 INFO  o.s.d.r.c.RepositoryConfigurationDelegate - Finished Spring Data repository scanning in 82 ms. Found 2 MongoDB repository interfaces.
2026-08-17 21:00:43 INFO  o.s.b.w.e.tomcat.TomcatWebServer - Tomcat initialized with port(s): 8080 (http)
2026-08-17 21:00:43 INFO  o.a.coyote.http11.Http11NioProtocol - Initializing ProtocolHandler ["http-nio-8080"]
2026-08-17 21:00:43 INFO  o.a.catalina.core.StandardService - Starting service [Tomcat]
2026-08-17 21:00:43 INFO  o.a.catalina.core.StandardEngine - Starting Servlet engine: [Apache Tomcat/9.0.83]
2026-08-17 21:00:43 INFO  o.a.c.c.C.[.[localhost].[/journal] - Initializing Spring embedded WebApplicationContext
2026-08-17 21:00:43 INFO  o.s.b.w.s.c.ServletWebServerApplicationContext - Root WebApplicationContext: initialization completed in 1960 ms
2026-08-17 21:00:43 INFO  org.mongodb.driver.client - MongoClient with metadata {"driver": {"name": "mongo-java-driver|sync|spring-boot", "version": "4.6.1"}, "os": {"type": "Windows", "name": "Windows 11", "architecture": "amd64", "version": "10.0"}, "platform": "Java/Oracle Corporation/21.0.4+8-LTS-274", "application": {"name": "Cluster0"}} created with settings MongoClientSettings{readPreference=primary, writeConcern=WriteConcern{w=null, wTimeout=null ms, journal=null}, retryWrites=true, retryReads=true, readConcern=ReadConcern{level=null}, credential=MongoCredential{mechanism=null, userName='mdshahidans2005_db_user', source='admin', password=<hidden>, mechanismProperties=<hidden>}, streamFactoryFactory=null, commandListeners=[], codecRegistry=ProvidersCodecRegistry{codecProviders=[ValueCodecProvider{}, BsonValueCodecProvider{}, DBRefCodecProvider{}, DBObjectCodecProvider{}, DocumentCodecProvider{}, IterableCodecProvider{}, MapCodecProvider{}, GeoJsonCodecProvider{}, GridFSFileCodecProvider{}, Jsr310CodecProvider{}, JsonObjectCodecProvider{}, BsonCodecProvider{}, EnumCodecProvider{}, com.mongodb.Jep395RecordCodecProvider@2bc7db89]}, clusterSettings={hosts=[127.0.0.1:27017], srvHost=cluster0.yvjbs2l.mongodb.net, srvServiceName=mongodb, mode=MULTIPLE, requiredClusterType=REPLICA_SET, requiredReplicaSetName='atlas-lpe6sk-shard-0', serverSelector='null', clusterListeners='[]', serverSelectionTimeout='30000 ms', localThreshold='30000 ms'}, socketSettings=SocketSettings{connectTimeoutMS=10000, readTimeoutMS=0, receiveBufferSize=0, sendBufferSize=0}, heartbeatSocketSettings=SocketSettings{connectTimeoutMS=10000, readTimeoutMS=10000, receiveBufferSize=0, sendBufferSize=0}, connectionPoolSettings=ConnectionPoolSettings{maxSize=100, minSize=0, maxWaitTimeMS=120000, maxConnectionLifeTimeMS=0, maxConnectionIdleTimeMS=0, maintenanceInitialDelayMS=0, maintenanceFrequencyMS=60000, connectionPoolListeners=[], maxConnecting=2}, serverSettings=ServerSettings{heartbeatFrequencyMS=10000, minHeartbeatFrequencyMS=500, serverListeners='[]', serverMonitorListeners='[]'}, sslSettings=SslSettings{enabled=true, invalidHostNameAllowed=false, context=null}, applicationName='Cluster0', compressorList=[], uuidRepresentation=JAVA_LEGACY, serverApi=null, autoEncryptionSettings=null, contextProvider=null}
2026-08-17 21:00:44 INFO  org.mongodb.driver.cluster - Adding discovered server ac-bd180s9-shard-00-00.yvjbs2l.mongodb.net:27017 to client view of cluster
2026-08-17 21:00:44 INFO  org.mongodb.driver.cluster - Adding discovered server ac-bd180s9-shard-00-01.yvjbs2l.mongodb.net:27017 to client view of cluster
2026-08-17 21:00:44 INFO  org.mongodb.driver.cluster - Adding discovered server ac-bd180s9-shard-00-02.yvjbs2l.mongodb.net:27017 to client view of cluster
2026-08-17 21:00:44 INFO  org.mongodb.driver.cluster - No server chosen by com.mongodb.client.internal.MongoClientDelegate$1@35787726 from cluster description ClusterDescription{type=REPLICA_SET, connectionMode=MULTIPLE, serverDescriptions=[ServerDescription{address=ac-bd180s9-shard-00-00.yvjbs2l.mongodb.net:27017, type=UNKNOWN, state=CONNECTING}, ServerDescription{address=ac-bd180s9-shard-00-02.yvjbs2l.mongodb.net:27017, type=UNKNOWN, state=CONNECTING}, ServerDescription{address=ac-bd180s9-shard-00-01.yvjbs2l.mongodb.net:27017, type=UNKNOWN, state=CONNECTING}]}. Waiting for 30000 ms before timing out
2026-08-17 21:00:44 INFO  org.mongodb.driver.connection - Opened connection [connectionId{localValue:5, serverValue:161948}] to ac-bd180s9-shard-00-01.yvjbs2l.mongodb.net:27017
2026-08-17 21:00:44 INFO  org.mongodb.driver.connection - Opened connection [connectionId{localValue:4, serverValue:164510}] to ac-bd180s9-shard-00-00.yvjbs2l.mongodb.net:27017
2026-08-17 21:00:44 INFO  org.mongodb.driver.connection - Opened connection [connectionId{localValue:6, serverValue:161929}] to ac-bd180s9-shard-00-01.yvjbs2l.mongodb.net:27017
2026-08-17 21:00:44 INFO  org.mongodb.driver.connection - Opened connection [connectionId{localValue:2, serverValue:167096}] to ac-bd180s9-shard-00-02.yvjbs2l.mongodb.net:27017
2026-08-17 21:00:44 INFO  org.mongodb.driver.connection - Opened connection [connectionId{localValue:1, serverValue:164510}] to ac-bd180s9-shard-00-00.yvjbs2l.mongodb.net:27017
2026-08-17 21:00:44 INFO  org.mongodb.driver.connection - Opened connection [connectionId{localValue:3, serverValue:167099}] to ac-bd180s9-shard-00-02.yvjbs2l.mongodb.net:27017
2026-08-17 21:00:44 INFO  org.mongodb.driver.cluster - Monitor thread successfully connected to server with description ServerDescription{address=ac-bd180s9-shard-00-02.yvjbs2l.mongodb.net:27017, type=REPLICA_SET_PRIMARY, state=CONNECTED, ok=true, minWireVersion=0, maxWireVersion=25, maxDocumentSize=16777216, logicalSessionTimeoutMinutes=30, roundTripTimeNanos=366707600, setName='atlas-lpe6sk-shard-0', canonicalAddress=ac-bd180s9-shard-00-02.yvjbs2l.mongodb.net:27017, hosts=[ac-bd180s9-shard-00-01.yvjbs2l.mongodb.net:27017, ac-bd180s9-shard-00-02.yvjbs2l.mongodb.net:27017, ac-bd180s9-shard-00-00.yvjbs2l.mongodb.net:27017], passives=[], arbiters=[], primary='ac-bd180s9-shard-00-02.yvjbs2l.mongodb.net:27017', tagSet=TagSet{[Tag{name='availabilityZone', value='aps1-az2'}, Tag{name='cacheState', value='READY'}, Tag{name='diskState', value='READY'}, Tag{name='nodeType', value='ELECTABLE'}, Tag{name='provider', value='AWS'}, Tag{name='region', value='AP_SOUTH_1'}, Tag{name='workloadType', value='OPERATIONAL'}]}, electionId=7fffffff000000000000012d, setVersion=297, topologyVersion=TopologyVersion{processId=6a7b3d358e68804eae9a242f, counter=10}, lastWriteDate=Mon Aug 17 21:00:45 IST 2026, lastUpdateTimeNanos=76434707774000}
2026-08-17 21:00:44 INFO  org.mongodb.driver.cluster - Monitor thread successfully connected to server with description ServerDescription{address=ac-bd180s9-shard-00-00.yvjbs2l.mongodb.net:27017, type=REPLICA_SET_SECONDARY, state=CONNECTED, ok=true, minWireVersion=0, maxWireVersion=25, maxDocumentSize=16777216, logicalSessionTimeoutMinutes=30, roundTripTimeNanos=374265100, setName='atlas-lpe6sk-shard-0', canonicalAddress=ac-bd180s9-shard-00-00.yvjbs2l.mongodb.net:27017, hosts=[ac-bd180s9-shard-00-01.yvjbs2l.mongodb.net:27017, ac-bd180s9-shard-00-02.yvjbs2l.mongodb.net:27017, ac-bd180s9-shard-00-00.yvjbs2l.mongodb.net:27017], passives=[], arbiters=[], primary='ac-bd180s9-shard-00-02.yvjbs2l.mongodb.net:27017', tagSet=TagSet{[Tag{name='availabilityZone', value='aps1-az1'}, Tag{name='cacheState', value='READY'}, Tag{name='diskState', value='READY'}, Tag{name='nodeType', value='ELECTABLE'}, Tag{name='provider', value='AWS'}, Tag{name='region', value='AP_SOUTH_1'}, Tag{name='workloadType', value='OPERATIONAL'}]}, electionId=null, setVersion=297, topologyVersion=TopologyVersion{processId=6a7b3ab66a60f4deb1771140, counter=10}, lastWriteDate=Mon Aug 17 21:00:45 IST 2026, lastUpdateTimeNanos=76434707774000}
2026-08-17 21:00:44 INFO  org.mongodb.driver.cluster - Monitor thread successfully connected to server with description ServerDescription{address=ac-bd180s9-shard-00-01.yvjbs2l.mongodb.net:27017, type=REPLICA_SET_SECONDARY, state=CONNECTED, ok=true, minWireVersion=0, maxWireVersion=25, maxDocumentSize=16777216, logicalSessionTimeoutMinutes=30, roundTripTimeNanos=377150900, setName='atlas-lpe6sk-shard-0', canonicalAddress=ac-bd180s9-shard-00-01.yvjbs2l.mongodb.net:27017, hosts=[ac-bd180s9-shard-00-01.yvjbs2l.mongodb.net:27017, ac-bd180s9-shard-00-02.yvjbs2l.mongodb.net:27017, ac-bd180s9-shard-00-00.yvjbs2l.mongodb.net:27017], passives=[], arbiters=[], primary='ac-bd180s9-shard-00-02.yvjbs2l.mongodb.net:27017', tagSet=TagSet{[Tag{name='availabilityZone', value='aps1-az3'}, Tag{name='cacheState', value='READY'}, Tag{name='diskState', value='READY'}, Tag{name='nodeType', value='ELECTABLE'}, Tag{name='provider', value='AWS'}, Tag{name='region', value='AP_SOUTH_1'}, Tag{name='workloadType', value='OPERATIONAL'}]}, electionId=null, setVersion=297, topologyVersion=TopologyVersion{processId=6a7b3fc5ee64108dce410aaf, counter=5}, lastWriteDate=Mon Aug 17 21:00:45 IST 2026, lastUpdateTimeNanos=76434707985900}
2026-08-17 21:00:44 INFO  org.mongodb.driver.cluster - Setting max election id to 7fffffff000000000000012d from replica set primary ac-bd180s9-shard-00-02.yvjbs2l.mongodb.net:27017
2026-08-17 21:00:44 INFO  org.mongodb.driver.cluster - Setting max set version to 297 from replica set primary ac-bd180s9-shard-00-02.yvjbs2l.mongodb.net:27017
2026-08-17 21:00:44 INFO  org.mongodb.driver.cluster - Discovered replica set primary ac-bd180s9-shard-00-02.yvjbs2l.mongodb.net:27017
2026-08-17 21:00:45 INFO  org.mongodb.driver.connection - Opened connection [connectionId{localValue:7, serverValue:167099}] to ac-bd180s9-shard-00-02.yvjbs2l.mongodb.net:27017
2026-08-17 21:00:45 INFO  o.s.s.web.DefaultSecurityFilterChain - Will secure any request with [org.springframework.security.web.session.DisableEncodeUrlFilter@19eea77c, org.springframework.security.web.context.request.async.WebAsyncManagerIntegrationFilter@6682e6a5, org.springframework.security.web.context.SecurityContextPersistenceFilter@410fc508, org.springframework.security.web.header.HeaderWriterFilter@49cc9b2a, org.springframework.security.web.authentication.logout.LogoutFilter@274fdea6, org.springframework.security.web.authentication.www.BasicAuthenticationFilter@50f4b83d, org.springframework.security.web.savedrequest.RequestCacheAwareFilter@4f5c30b1, org.springframework.security.web.servletapi.SecurityContextHolderAwareRequestFilter@5c234920, org.springframework.security.web.authentication.AnonymousAuthenticationFilter@ac4915e, org.springframework.security.web.session.SessionManagementFilter@33d230ce, org.springframework.security.web.access.ExceptionTranslationFilter@59b492ec, org.springframework.security.web.access.intercept.FilterSecurityInterceptor@35ac9ebd]
2026-08-17 21:00:46 INFO  o.a.coyote.http11.Http11NioProtocol - Starting ProtocolHandler ["http-nio-8080"]
2026-08-17 21:00:46 INFO  o.s.b.w.e.tomcat.TomcatWebServer - Tomcat started on port(s): 8080 (http) with context path '/journal'
2026-08-17 21:00:46 INFO  com.journalApp.JournalAppApplication - Started JournalAppApplication in 5.82 seconds (JVM running for 6.65)
2026-08-17 21:00:52 INFO  o.a.c.c.C.[.[localhost].[/journal] - Initializing Spring DispatcherServlet 'dispatcherServlet'
2026-08-17 21:00:52 INFO  o.s.web.servlet.DispatcherServlet - Initializing Servlet 'dispatcherServlet'
2026-08-17 21:00:52 INFO  o.s.web.servlet.DispatcherServlet - Completed initialization in 3 ms
2026-08-17 21:48:50 INFO  org.mongodb.driver.cluster - Exception in monitor thread while connecting to server ac-bd180s9-shard-00-02.yvjbs2l.mongodb.net:27017
com.mongodb.MongoSocketReadException: Exception receiving message
	at com.mongodb.internal.connection.InternalStreamConnection.translateReadException(InternalStreamConnection.java:702)
	at com.mongodb.internal.connection.InternalStreamConnection.receiveMessageWithAdditionalTimeout(InternalStreamConnection.java:574)
	at com.mongodb.internal.connection.InternalStreamConnection.receiveCommandMessageResponse(InternalStreamConnection.java:410)
	at com.mongodb.internal.connection.InternalStreamConnection.receive(InternalStreamConnection.java:369)
	at com.mongodb.internal.connection.DefaultServerMonitor$ServerMonitorRunnable.lookupServerDescription(DefaultServerMonitor.java:221)
	at com.mongodb.internal.connection.DefaultServerMonitor$ServerMonitorRunnable.run(DefaultServerMonitor.java:157)
	at java.base/java.lang.Thread.run(Thread.java:1583)
Caused by: java.net.SocketException: Socket is closed
	at java.base/java.net.Socket.setSoTimeout(Socket.java:1385)
	at java.base/sun.security.ssl.BaseSSLSocketImpl.setSoTimeout(BaseSSLSocketImpl.java:614)
	at java.base/sun.security.ssl.SSLSocketImpl.setSoTimeout(SSLSocketImpl.java:74)
	at com.mongodb.internal.connection.SocketStream.read(SocketStream.java:137)
	at com.mongodb.internal.connection.InternalStreamConnection.receiveResponseBuffers(InternalStreamConnection.java:713)
	at com.mongodb.internal.connection.InternalStreamConnection.receiveMessageWithAdditionalTimeout(InternalStreamConnection.java:571)
	... 5 common frames omitted
2026-08-17 21:48:50 INFO  org.mongodb.driver.cluster - Exception in monitor thread while connecting to server ac-bd180s9-shard-00-01.yvjbs2l.mongodb.net:27017
com.mongodb.MongoSocketReadException: Exception receiving message
	at com.mongodb.internal.connection.InternalStreamConnection.translateReadException(InternalStreamConnection.java:702)
	at com.mongodb.internal.connection.InternalStreamConnection.receiveMessageWithAdditionalTimeout(InternalStreamConnection.java:574)
	at com.mongodb.internal.connection.InternalStreamConnection.receiveCommandMessageResponse(InternalStreamConnection.java:410)
	at com.mongodb.internal.connection.InternalStreamConnection.receive(InternalStreamConnection.java:369)
	at com.mongodb.internal.connection.DefaultServerMonitor$ServerMonitorRunnable.lookupServerDescription(DefaultServerMonitor.java:221)
	at com.mongodb.internal.connection.DefaultServerMonitor$ServerMonitorRunnable.run(DefaultServerMonitor.java:157)
	at java.base/java.lang.Thread.run(Thread.java:1583)
Caused by: java.net.SocketException: Socket is closed
	at java.base/java.net.Socket.setSoTimeout(Socket.java:1385)
	at java.base/sun.security.ssl.BaseSSLSocketImpl.setSoTimeout(BaseSSLSocketImpl.java:614)
	at java.base/sun.security.ssl.SSLSocketImpl.setSoTimeout(SSLSocketImpl.java:74)
	at com.mongodb.internal.connection.SocketStream.read(SocketStream.java:137)
	at com.mongodb.internal.connection.InternalStreamConnection.receiveResponseBuffers(InternalStreamConnection.java:713)
	at com.mongodb.internal.connection.InternalStreamConnection.receiveMessageWithAdditionalTimeout(InternalStreamConnection.java:571)
	... 5 common frames omitted
2026-08-17 21:48:50 INFO  org.mongodb.driver.cluster - Exception in monitor thread while connecting to server ac-bd180s9-shard-00-00.yvjbs2l.mongodb.net:27017
com.mongodb.MongoSocketReadException: Exception receiving message
	at com.mongodb.internal.connection.InternalStreamConnection.translateReadException(InternalStreamConnection.java:702)
	at com.mongodb.internal.connection.InternalStreamConnection.receiveMessageWithAdditionalTimeout(InternalStreamConnection.java:574)
	at com.mongodb.internal.connection.InternalStreamConnection.receiveCommandMessageResponse(InternalStreamConnection.java:410)
	at com.mongodb.internal.connection.InternalStreamConnection.receive(InternalStreamConnection.java:369)
	at com.mongodb.internal.connection.DefaultServerMonitor$ServerMonitorRunnable.lookupServerDescription(DefaultServerMonitor.java:221)
	at com.mongodb.internal.connection.DefaultServerMonitor$ServerMonitorRunnable.run(DefaultServerMonitor.java:157)
	at java.base/java.lang.Thread.run(Thread.java:1583)
Caused by: java.net.SocketException: Socket is closed
	at java.base/java.net.Socket.setSoTimeout(Socket.java:1385)
	at java.base/sun.security.ssl.BaseSSLSocketImpl.setSoTimeout(BaseSSLSocketImpl.java:614)
	at java.base/sun.security.ssl.SSLSocketImpl.setSoTimeout(SSLSocketImpl.java:74)
	at com.mongodb.internal.connection.SocketStream.read(SocketStream.java:137)
	at com.mongodb.internal.connection.InternalStreamConnection.receiveResponseBuffers(InternalStreamConnection.java:713)
	at com.mongodb.internal.connection.InternalStreamConnection.receiveMessageWithAdditionalTimeout(InternalStreamConnection.java:571)
	... 5 common frames omitted
2026-08-17 21:48:50 INFO  org.mongodb.driver.connection - Opened connection [connectionId{localValue:10, serverValue:165312}] to ac-bd180s9-shard-00-00.yvjbs2l.mongodb.net:27017
2026-08-17 21:48:50 INFO  org.mongodb.driver.cluster - Monitor thread successfully connected to server with description ServerDescription{address=ac-bd180s9-shard-00-00.yvjbs2l.mongodb.net:27017, type=REPLICA_SET_SECONDARY, state=CONNECTED, ok=true, minWireVersion=0, maxWireVersion=25, maxDocumentSize=16777216, logicalSessionTimeoutMinutes=30, roundTripTimeNanos=324948200, setName='atlas-lpe6sk-shard-0', canonicalAddress=ac-bd180s9-shard-00-00.yvjbs2l.mongodb.net:27017, hosts=[ac-bd180s9-shard-00-01.yvjbs2l.mongodb.net:27017, ac-bd180s9-shard-00-02.yvjbs2l.mongodb.net:27017, ac-bd180s9-shard-00-00.yvjbs2l.mongodb.net:27017], passives=[], arbiters=[], primary='ac-bd180s9-shard-00-02.yvjbs2l.mongodb.net:27017', tagSet=TagSet{[Tag{name='availabilityZone', value='aps1-az1'}, Tag{name='cacheState', value='READY'}, Tag{name='diskState', value='READY'}, Tag{name='nodeType', value='ELECTABLE'}, Tag{name='provider', value='AWS'}, Tag{name='region', value='AP_SOUTH_1'}, Tag{name='workloadType', value='OPERATIONAL'}]}, electionId=null, setVersion=297, topologyVersion=TopologyVersion{processId=6a7b3ab66a60f4deb1771140, counter=10}, lastWriteDate=Mon Aug 17 21:48:51 IST 2026, lastUpdateTimeNanos=79320590191900}
2026-08-17 21:48:50 INFO  org.mongodb.driver.connection - Opened connection [connectionId{localValue:9, serverValue:168003}] to ac-bd180s9-shard-00-02.yvjbs2l.mongodb.net:27017
2026-08-17 21:48:50 INFO  org.mongodb.driver.cluster - Monitor thread successfully connected to server with description ServerDescription{address=ac-bd180s9-shard-00-02.yvjbs2l.mongodb.net:27017, type=REPLICA_SET_PRIMARY, state=CONNECTED, ok=true, minWireVersion=0, maxWireVersion=25, maxDocumentSize=16777216, logicalSessionTimeoutMinutes=30, roundTripTimeNanos=147017800, setName='atlas-lpe6sk-shard-0', canonicalAddress=ac-bd180s9-shard-00-02.yvjbs2l.mongodb.net:27017, hosts=[ac-bd180s9-shard-00-01.yvjbs2l.mongodb.net:27017, ac-bd180s9-shard-00-02.yvjbs2l.mongodb.net:27017, ac-bd180s9-shard-00-00.yvjbs2l.mongodb.net:27017], passives=[], arbiters=[], primary='ac-bd180s9-shard-00-02.yvjbs2l.mongodb.net:27017', tagSet=TagSet{[Tag{name='availabilityZone', value='aps1-az2'}, Tag{name='cacheState', value='READY'}, Tag{name='diskState', value='READY'}, Tag{name='nodeType', value='ELECTABLE'}, Tag{name='provider', value='AWS'}, Tag{name='region', value='AP_SOUTH_1'}, Tag{name='workloadType', value='OPERATIONAL'}]}, electionId=7fffffff000000000000012d, setVersion=297, topologyVersion=TopologyVersion{processId=6a7b3d358e68804eae9a242f, counter=10}, lastWriteDate=Mon Aug 17 21:48:51 IST 2026, lastUpdateTimeNanos=79320653062500}
2026-08-17 21:48:50 INFO  org.mongodb.driver.cluster - Discovered replica set primary ac-bd180s9-shard-00-02.yvjbs2l.mongodb.net:27017
2026-08-17 21:48:50 INFO  org.mongodb.driver.connection - Opened connection [connectionId{localValue:8, serverValue:162785}] to ac-bd180s9-shard-00-01.yvjbs2l.mongodb.net:27017
2026-08-17 21:48:50 INFO  org.mongodb.driver.cluster - Monitor thread successfully connected to server with description ServerDescription{address=ac-bd180s9-shard-00-01.yvjbs2l.mongodb.net:27017, type=REPLICA_SET_SECONDARY, state=CONNECTED, ok=true, minWireVersion=0, maxWireVersion=25, maxDocumentSize=16777216, logicalSessionTimeoutMinutes=30, roundTripTimeNanos=246644000, setName='atlas-lpe6sk-shard-0', canonicalAddress=ac-bd180s9-shard-00-01.yvjbs2l.mongodb.net:27017, hosts=[ac-bd180s9-shard-00-01.yvjbs2l.mongodb.net:27017, ac-bd180s9-shard-00-02.yvjbs2l.mongodb.net:27017, ac-bd180s9-shard-00-00.yvjbs2l.mongodb.net:27017], passives=[], arbiters=[], primary='ac-bd180s9-shard-00-02.yvjbs2l.mongodb.net:27017', tagSet=TagSet{[Tag{name='availabilityZone', value='aps1-az3'}, Tag{name='cacheState', value='READY'}, Tag{name='diskState', value='READY'}, Tag{name='nodeType', value='ELECTABLE'}, Tag{name='provider', value='AWS'}, Tag{name='region', value='AP_SOUTH_1'}, Tag{name='workloadType', value='OPERATIONAL'}]}, electionId=null, setVersion=297, topologyVersion=TopologyVersion{processId=6a7b3fc5ee64108dce410aaf, counter=5}, lastWriteDate=Mon Aug 17 21:48:51 IST 2026, lastUpdateTimeNanos=79320752563700}
2026-08-17 22:06:57 INFO  org.mongodb.driver.cluster - Exception in monitor thread while connecting to server ac-bd180s9-shard-00-00.yvjbs2l.mongodb.net:27017
com.mongodb.MongoSocketReadException: Exception receiving message
	at com.mongodb.internal.connection.InternalStreamConnection.translateReadException(InternalStreamConnection.java:702)
	at com.mongodb.internal.connection.InternalStreamConnection.receiveMessageWithAdditionalTimeout(InternalStreamConnection.java:574)
	at com.mongodb.internal.connection.InternalStreamConnection.receiveCommandMessageResponse(InternalStreamConnection.java:410)
	at com.mongodb.internal.connection.InternalStreamConnection.receive(InternalStreamConnection.java:369)
	at com.mongodb.internal.connection.DefaultServerMonitor$ServerMonitorRunnable.lookupServerDescription(DefaultServerMonitor.java:221)
	at com.mongodb.internal.connection.DefaultServerMonitor$ServerMonitorRunnable.run(DefaultServerMonitor.java:157)
	at java.base/java.lang.Thread.run(Thread.java:1583)
Caused by: java.net.SocketException: Socket is closed
	at java.base/java.net.Socket.setSoTimeout(Socket.java:1385)
	at java.base/sun.security.ssl.BaseSSLSocketImpl.setSoTimeout(BaseSSLSocketImpl.java:614)
	at java.base/sun.security.ssl.SSLSocketImpl.setSoTimeout(SSLSocketImpl.java:74)
	at com.mongodb.internal.connection.SocketStream.read(SocketStream.java:137)
	at com.mongodb.internal.connection.InternalStreamConnection.receiveResponseBuffers(InternalStreamConnection.java:713)
	at com.mongodb.internal.connection.InternalStreamConnection.receiveMessageWithAdditionalTimeout(InternalStreamConnection.java:571)
	... 5 common frames omitted
2026-08-17 22:06:57 INFO  org.mongodb.driver.cluster - Exception in monitor thread while connecting to server ac-bd180s9-shard-00-01.yvjbs2l.mongodb.net:27017
com.mongodb.MongoSocketReadException: Exception receiving message
	at com.mongodb.internal.connection.InternalStreamConnection.translateReadException(InternalStreamConnection.java:702)
	at com.mongodb.internal.connection.InternalStreamConnection.receiveMessageWithAdditionalTimeout(InternalStreamConnection.java:574)
	at com.mongodb.internal.connection.InternalStreamConnection.receiveCommandMessageResponse(InternalStreamConnection.java:410)
	at com.mongodb.internal.connection.InternalStreamConnection.receive(InternalStreamConnection.java:369)
	at com.mongodb.internal.connection.DefaultServerMonitor$ServerMonitorRunnable.lookupServerDescription(DefaultServerMonitor.java:221)
	at com.mongodb.internal.connection.DefaultServerMonitor$ServerMonitorRunnable.run(DefaultServerMonitor.java:157)
	at java.base/java.lang.Thread.run(Thread.java:1583)
Caused by: java.net.SocketException: Socket is closed
	at java.base/java.net.Socket.setSoTimeout(Socket.java:1385)
	at java.base/sun.security.ssl.BaseSSLSocketImpl.setSoTimeout(BaseSSLSocketImpl.java:614)
	at java.base/sun.security.ssl.SSLSocketImpl.setSoTimeout(SSLSocketImpl.java:74)
	at com.mongodb.internal.connection.SocketStream.read(SocketStream.java:137)
	at com.mongodb.internal.connection.InternalStreamConnection.receiveResponseBuffers(InternalStreamConnection.java:713)
	at com.mongodb.internal.connection.InternalStreamConnection.receiveMessageWithAdditionalTimeout(InternalStreamConnection.java:571)
	... 5 common frames omitted
2026-08-17 22:06:57 INFO  org.mongodb.driver.cluster - Exception in monitor thread while connecting to server ac-bd180s9-shard-00-02.yvjbs2l.mongodb.net:27017
com.mongodb.MongoSocketReadException: Exception receiving message
	at com.mongodb.internal.connection.InternalStreamConnection.translateReadException(InternalStreamConnection.java:702)
	at com.mongodb.internal.connection.InternalStreamConnection.receiveMessageWithAdditionalTimeout(InternalStreamConnection.java:574)
	at com.mongodb.internal.connection.InternalStreamConnection.receiveCommandMessageResponse(InternalStreamConnection.java:410)
	at com.mongodb.internal.connection.InternalStreamConnection.receive(InternalStreamConnection.java:369)
	at com.mongodb.internal.connection.DefaultServerMonitor$ServerMonitorRunnable.lookupServerDescription(DefaultServerMonitor.java:221)
	at com.mongodb.internal.connection.DefaultServerMonitor$ServerMonitorRunnable.run(DefaultServerMonitor.java:157)
	at java.base/java.lang.Thread.run(Thread.java:1583)
Caused by: java.net.SocketException: Socket is closed
	at java.base/java.net.Socket.setSoTimeout(Socket.java:1385)
	at java.base/sun.security.ssl.BaseSSLSocketImpl.setSoTimeout(BaseSSLSocketImpl.java:614)
	at java.base/sun.security.ssl.SSLSocketImpl.setSoTimeout(SSLSocketImpl.java:74)
	at com.mongodb.internal.connection.SocketStream.read(SocketStream.java:137)
	at com.mongodb.internal.connection.InternalStreamConnection.receiveResponseBuffers(InternalStreamConnection.java:713)
	at com.mongodb.internal.connection.InternalStreamConnection.receiveMessageWithAdditionalTimeout(InternalStreamConnection.java:571)
	... 5 common frames omitted
2026-08-17 22:06:58 INFO  org.mongodb.driver.cluster - Exception in monitor thread while connecting to server ac-bd180s9-shard-00-01.yvjbs2l.mongodb.net:27017
com.mongodb.MongoSocketException: No such host is known (ac-bd180s9-shard-00-01.yvjbs2l.mongodb.net)
	at com.mongodb.ServerAddress.getSocketAddresses(ServerAddress.java:217)
	at com.mongodb.internal.connection.SocketStream.initializeSocket(SocketStream.java:75)
	at com.mongodb.internal.connection.SocketStream.open(SocketStream.java:65)
	at com.mongodb.internal.connection.InternalStreamConnection.open(InternalStreamConnection.java:180)
	at com.mongodb.internal.connection.DefaultServerMonitor$ServerMonitorRunnable.lookupServerDescription(DefaultServerMonitor.java:193)
	at com.mongodb.internal.connection.DefaultServerMonitor$ServerMonitorRunnable.run(DefaultServerMonitor.java:157)
	at java.base/java.lang.Thread.run(Thread.java:1583)
Caused by: java.net.UnknownHostException: No such host is known (ac-bd180s9-shard-00-01.yvjbs2l.mongodb.net)
	at java.base/java.net.Inet6AddressImpl.lookupAllHostAddr(Native Method)
	at java.base/java.net.Inet6AddressImpl.lookupAllHostAddr(Inet6AddressImpl.java:52)
	at java.base/java.net.InetAddress$PlatformResolver.lookupByName(InetAddress.java:1211)
	at java.base/java.net.InetAddress.getAddressesFromNameService(InetAddress.java:1828)
	at java.base/java.net.InetAddress$NameServiceAddresses.get(InetAddress.java:1139)
	at java.base/java.net.InetAddress.getAllByName0(InetAddress.java:1818)
	at java.base/java.net.InetAddress.getAllByName(InetAddress.java:1688)
	at com.mongodb.ServerAddress.getSocketAddresses(ServerAddress.java:209)
	... 6 common frames omitted
2026-08-17 22:06:58 INFO  org.mongodb.driver.cluster - Exception in monitor thread while connecting to server ac-bd180s9-shard-00-02.yvjbs2l.mongodb.net:27017
com.mongodb.MongoSocketException: No such host is known (ac-bd180s9-shard-00-02.yvjbs2l.mongodb.net)
	at com.mongodb.ServerAddress.getSocketAddresses(ServerAddress.java:217)
	at com.mongodb.internal.connection.SocketStream.initializeSocket(SocketStream.java:75)
	at com.mongodb.internal.connection.SocketStream.open(SocketStream.java:65)
	at com.mongodb.internal.connection.InternalStreamConnection.open(InternalStreamConnection.java:180)
	at com.mongodb.internal.connection.DefaultServerMonitor$ServerMonitorRunnable.lookupServerDescription(DefaultServerMonitor.java:193)
	at com.mongodb.internal.connection.DefaultServerMonitor$ServerMonitorRunnable.run(DefaultServerMonitor.java:157)
	at java.base/java.lang.Thread.run(Thread.java:1583)
Caused by: java.net.UnknownHostException: No such host is known (ac-bd180s9-shard-00-02.yvjbs2l.mongodb.net)
	at java.base/java.net.Inet6AddressImpl.lookupAllHostAddr(Native Method)
	at java.base/java.net.Inet6AddressImpl.lookupAllHostAddr(Inet6AddressImpl.java:52)
	at java.base/java.net.InetAddress$PlatformResolver.lookupByName(InetAddress.java:1211)
	at java.base/java.net.InetAddress.getAddressesFromNameService(InetAddress.java:1828)
	at java.base/java.net.InetAddress$NameServiceAddresses.get(InetAddress.java:1139)
	at java.base/java.net.InetAddress.getAllByName0(InetAddress.java:1818)
	at java.base/java.net.InetAddress.getAllByName(InetAddress.java:1688)
	at com.mongodb.ServerAddress.getSocketAddresses(ServerAddress.java:209)
	... 6 common frames omitted
2026-08-17 22:06:58 INFO  org.mongodb.driver.cluster - Exception in monitor thread while connecting to server ac-bd180s9-shard-00-00.yvjbs2l.mongodb.net:27017
com.mongodb.MongoSocketException: No such host is known (ac-bd180s9-shard-00-00.yvjbs2l.mongodb.net)
	at com.mongodb.ServerAddress.getSocketAddresses(ServerAddress.java:217)
	at com.mongodb.internal.connection.SocketStream.initializeSocket(SocketStream.java:75)
	at com.mongodb.internal.connection.SocketStream.open(SocketStream.java:65)
	at com.mongodb.internal.connection.InternalStreamConnection.open(InternalStreamConnection.java:180)
	at com.mongodb.internal.connection.DefaultServerMonitor$ServerMonitorRunnable.lookupServerDescription(DefaultServerMonitor.java:193)
	at com.mongodb.internal.connection.DefaultServerMonitor$ServerMonitorRunnable.run(DefaultServerMonitor.java:157)
	at java.base/java.lang.Thread.run(Thread.java:1583)
Caused by: java.net.UnknownHostException: No such host is known (ac-bd180s9-shard-00-00.yvjbs2l.mongodb.net)
	at java.base/java.net.Inet6AddressImpl.lookupAllHostAddr(Native Method)
	at java.base/java.net.Inet6AddressImpl.lookupAllHostAddr(Inet6AddressImpl.java:52)
	at java.base/java.net.InetAddress$PlatformResolver.lookupByName(InetAddress.java:1211)
	at java.base/java.net.InetAddress.getAddressesFromNameService(InetAddress.java:1828)
	at java.base/java.net.InetAddress$NameServiceAddresses.get(InetAddress.java:1139)
	at java.base/java.net.InetAddress.getAllByName0(InetAddress.java:1818)
	at java.base/java.net.InetAddress.getAllByName(InetAddress.java:1688)
	at com.mongodb.ServerAddress.getSocketAddresses(ServerAddress.java:209)
	... 6 common frames omitted
2026-08-17 23:39:39 INFO  org.mongodb.driver.connection - Opened connection [connectionId{localValue:18, serverValue:170189}] to ac-bd180s9-shard-00-02.yvjbs2l.mongodb.net:27017
2026-08-17 23:39:39 INFO  org.mongodb.driver.connection - Opened connection [connectionId{localValue:15, serverValue:164923}] to ac-bd180s9-shard-00-01.yvjbs2l.mongodb.net:27017
2026-08-17 23:39:39 INFO  org.mongodb.driver.cluster - Monitor thread successfully connected to server with description ServerDescription{address=ac-bd180s9-shard-00-02.yvjbs2l.mongodb.net:27017, type=REPLICA_SET_PRIMARY, state=CONNECTED, ok=true, minWireVersion=0, maxWireVersion=25, maxDocumentSize=16777216, logicalSessionTimeoutMinutes=30, roundTripTimeNanos=3264862600, setName='atlas-lpe6sk-shard-0', canonicalAddress=ac-bd180s9-shard-00-02.yvjbs2l.mongodb.net:27017, hosts=[ac-bd180s9-shard-00-01.yvjbs2l.mongodb.net:27017, ac-bd180s9-shard-00-02.yvjbs2l.mongodb.net:27017, ac-bd180s9-shard-00-00.yvjbs2l.mongodb.net:27017], passives=[], arbiters=[], primary='ac-bd180s9-shard-00-02.yvjbs2l.mongodb.net:27017', tagSet=TagSet{[Tag{name='availabilityZone', value='aps1-az2'}, Tag{name='cacheState', value='READY'}, Tag{name='diskState', value='READY'}, Tag{name='nodeType', value='ELECTABLE'}, Tag{name='provider', value='AWS'}, Tag{name='region', value='AP_SOUTH_1'}, Tag{name='workloadType', value='OPERATIONAL'}]}, electionId=7fffffff000000000000012d, setVersion=297, topologyVersion=TopologyVersion{processId=6a7b3d358e68804eae9a242f, counter=10}, lastWriteDate=Mon Aug 17 23:39:40 IST 2026, lastUpdateTimeNanos=85969139991700}
2026-08-17 23:39:39 INFO  org.mongodb.driver.cluster - Discovered replica set primary ac-bd180s9-shard-00-02.yvjbs2l.mongodb.net:27017
2026-08-17 23:39:39 INFO  org.mongodb.driver.connection - Opened connection [connectionId{localValue:16, serverValue:167493}] to ac-bd180s9-shard-00-00.yvjbs2l.mongodb.net:27017
2026-08-17 23:39:39 INFO  org.mongodb.driver.connection - Opened connection [connectionId{localValue:17, serverValue:164923}] to ac-bd180s9-shard-00-01.yvjbs2l.mongodb.net:27017
2026-08-17 23:39:39 INFO  org.mongodb.driver.connection - Opened connection [connectionId{localValue:14, serverValue:170189}] to ac-bd180s9-shard-00-02.yvjbs2l.mongodb.net:27017
2026-08-17 23:39:39 INFO  org.mongodb.driver.cluster - Monitor thread successfully connected to server with description ServerDescription{address=ac-bd180s9-shard-00-01.yvjbs2l.mongodb.net:27017, type=REPLICA_SET_SECONDARY, state=CONNECTED, ok=true, minWireVersion=0, maxWireVersion=25, maxDocumentSize=16777216, logicalSessionTimeoutMinutes=30, roundTripTimeNanos=3427534100, setName='atlas-lpe6sk-shard-0', canonicalAddress=ac-bd180s9-shard-00-01.yvjbs2l.mongodb.net:27017, hosts=[ac-bd180s9-shard-00-01.yvjbs2l.mongodb.net:27017, ac-bd180s9-shard-00-02.yvjbs2l.mongodb.net:27017, ac-bd180s9-shard-00-00.yvjbs2l.mongodb.net:27017], passives=[], arbiters=[], primary='ac-bd180s9-shard-00-02.yvjbs2l.mongodb.net:27017', tagSet=TagSet{[Tag{name='availabilityZone', value='aps1-az3'}, Tag{name='cacheState', value='READY'}, Tag{name='diskState', value='READY'}, Tag{name='nodeType', value='ELECTABLE'}, Tag{name='provider', value='AWS'}, Tag{name='region', value='AP_SOUTH_1'}, Tag{name='workloadType', value='OPERATIONAL'}]}, electionId=null, setVersion=297, topologyVersion=TopologyVersion{processId=6a7b3fc5ee64108dce410aaf, counter=5}, lastWriteDate=Mon Aug 17 23:39:40 IST 2026, lastUpdateTimeNanos=85969342130700}
2026-08-17 23:39:43 INFO  org.mongodb.driver.connection - Opened connection [connectionId{localValue:19, serverValue:167493}] to ac-bd180s9-shard-00-00.yvjbs2l.mongodb.net:27017
2026-08-17 23:39:43 INFO  org.mongodb.driver.cluster - Monitor thread successfully connected to server with description ServerDescription{address=ac-bd180s9-shard-00-00.yvjbs2l.mongodb.net:27017, type=REPLICA_SET_SECONDARY, state=CONNECTED, ok=true, minWireVersion=0, maxWireVersion=25, maxDocumentSize=16777216, logicalSessionTimeoutMinutes=30, roundTripTimeNanos=7783527100, setName='atlas-lpe6sk-shard-0', canonicalAddress=ac-bd180s9-shard-00-00.yvjbs2l.mongodb.net:27017, hosts=[ac-bd180s9-shard-00-01.yvjbs2l.mongodb.net:27017, ac-bd180s9-shard-00-02.yvjbs2l.mongodb.net:27017, ac-bd180s9-shard-00-00.yvjbs2l.mongodb.net:27017], passives=[], arbiters=[], primary='ac-bd180s9-shard-00-02.yvjbs2l.mongodb.net:27017', tagSet=TagSet{[Tag{name='availabilityZone', value='aps1-az1'}, Tag{name='cacheState', value='READY'}, Tag{name='diskState', value='READY'}, Tag{name='nodeType', value='ELECTABLE'}, Tag{name='provider', value='AWS'}, Tag{name='region', value='AP_SOUTH_1'}, Tag{name='workloadType', value='OPERATIONAL'}]}, electionId=null, setVersion=297, topologyVersion=TopologyVersion{processId=6a7b3ab66a60f4deb1771140, counter=10}, lastWriteDate=Mon Aug 17 23:39:40 IST 2026, lastUpdateTimeNanos=85973660672500}
